2026-07-22T06:11:21.927610Z  INFO herdr::platform::macos: raised server file descriptor soft limit previous=256 target=8192
2026-07-22T06:11:21.927895Z  INFO herdr::api::server: api server listening path=/Users/oliver/.config/herdr/herdr.sock
2026-07-22T06:11:21.928556Z  INFO herdr::app: using pane scrollback configuration pane_scrollback_limit_bytes=10000000
2026-07-22T06:11:21.952083Z  INFO herdr::logging: checking for updates event="update.check.start" subsystem="update" outcome="started"
2026-07-22T06:11:21.965498Z  INFO herdr::logging: spawning pane terminal event="pane.spawn.start" subsystem="pane" outcome="started" pane_id=1 rows=24 cols=80 scrollback_limit_bytes=10000000
2026-07-22T06:11:21.969934Z  INFO herdr::logging: pane child spawned event="pane.spawned" subsystem="pane" outcome="ok" pane_id=1 pid=73309
2026-07-22T06:11:21.970381Z  INFO herdr::logging: workspace created event="workspace.create" subsystem="workspace" outcome="ok" workspace_id="w1" pane_id=1
2026-07-22T06:11:21.970395Z  INFO herdr::logging: workspace focused event="workspace.focus" subsystem="workspace" outcome="ok" workspace_id="w1"
2026-07-22T06:11:21.970465Z  INFO herdr::logging: tab focused event="tab.focus" subsystem="tab" outcome="ok" workspace_id="w1" tab_id="w1:t1"
2026-07-22T06:11:21.970503Z  INFO herdr::server::headless: created startup workspace cwd=/Users/oliver/.config
2026-07-22T06:11:21.970662Z  INFO herdr::server::headless: client protocol socket listening path=/Users/oliver/.config/herdr/herdr-client.sock
2026-07-22T06:11:21.970733Z  INFO herdr::server::headless: herdr server started api_socket=/Users/oliver/.config/herdr/herdr.sock client_socket=/Users/oliver/.config/herdr/herdr-client.sock
2026-07-22T06:11:21.970756Z  INFO herdr::logging: herdr starting event="app.startup" subsystem="server" outcome="started" pid=73087
2026-07-22T06:11:22.041915Z  INFO herdr::logging: update available event="update.available" subsystem="update" outcome="ok" version="0.7.5"
2026-07-22T06:11:22.134157Z  INFO herdr::update: auto-update check: v0.7.5 available through Homebrew, waiting for explicit install
2026-07-22T06:11:22.134687Z  INFO herdr::server::headless: client connected client_id=2 cols=211 rows=58 cell_width_px=0 cell_height_px=0 render_encoding=SemanticFrame
2026-07-22T06:11:26.975057Z  INFO herdr::logging: session saved event="persist.save" subsystem="persist" outcome="ok" path=/Users/oliver/.config/herdr/session.json workspaces=1
2026-07-22T06:11:41.923329Z  INFO herdr::logging: pane child exited event="pane.exit" subsystem="pane" outcome="completed" pane_id=1 status="ExitStatus { code: 0, signal: None }"
2026-07-22T06:11:41.923407Z  INFO herdr::pane: pane session terminated pane=1 pid=73309 signal=Hangup
2026-07-22T06:11:41.923542Z  INFO herdr::logging: spawning pane terminal event="pane.spawn.start" subsystem="pane" outcome="started" pane_id=2 rows=57 cols=185 scrollback_limit_bytes=10000000
2026-07-22T06:11:41.927831Z  INFO herdr::logging: pane child spawned event="pane.spawned" subsystem="pane" outcome="ok" pane_id=2 pid=75375
2026-07-22T06:11:41.928030Z  INFO herdr::logging: workspace created event="workspace.create" subsystem="workspace" outcome="ok" workspace_id="w2" pane_id=2
2026-07-22T06:11:41.928039Z  INFO herdr::logging: workspace focused event="workspace.focus" subsystem="workspace" outcome="ok" workspace_id="w2"
2026-07-22T06:11:41.928098Z  INFO herdr::logging: tab focused event="tab.focus" subsystem="tab" outcome="ok" workspace_id="w2" tab_id="w2:t1"
2026-07-22T06:11:44.165229Z  WARN herdr::raw_input: flushing lone escape after input timeout; if this follows an alt chord or focus switch it may reach the pane as plain esc bytes=[27]
2026-07-22T06:11:45.783657Z  WARN herdr::raw_input: flushing lone escape after input timeout; if this follows an alt chord or focus switch it may reach the pane as plain esc bytes=[27]
2026-07-22T06:11:45.951804Z  WARN herdr::raw_input: flushing lone escape after input timeout; if this follows an alt chord or focus switch it may reach the pane as plain esc bytes=[27]
2026-07-22T06:11:46.941960Z  INFO herdr::logging: session saved event="persist.save" subsystem="persist" outcome="ok" path=/Users/oliver/.config/herdr/session.json workspaces=1
2026-07-22T06:11:47.594063Z  INFO herdr::logging: pane child exited event="pane.exit" subsystem="pane" outcome="completed" pane_id=2 status="ExitStatus { code: 1, signal: None }"
2026-07-22T06:11:47.594116Z  INFO herdr::pane: pane session terminated pane=2 pid=75375 signal=Hangup
2026-07-22T06:11:47.594182Z  INFO herdr::logging: spawning pane terminal event="pane.spawn.start" subsystem="pane" outcome="started" pane_id=3 rows=57 cols=185 scrollback_limit_bytes=10000000
2026-07-22T06:11:47.598018Z  INFO herdr::logging: pane child spawned event="pane.spawned" subsystem="pane" outcome="ok" pane_id=3 pid=75728
2026-07-22T06:11:47.598193Z  INFO herdr::logging: workspace created event="workspace.create" subsystem="workspace" outcome="ok" workspace_id="w3" pane_id=3
2026-07-22T06:11:47.598200Z  INFO herdr::logging: workspace focused event="workspace.focus" subsystem="workspace" outcome="ok" workspace_id="w3"
2026-07-22T06:11:47.598241Z  INFO herdr::logging: tab focused event="tab.focus" subsystem="tab" outcome="ok" workspace_id="w3" tab_id="w3:t1"
2026-07-22T06:11:48.459152Z  INFO herdr::logging: pane child exited event="pane.exit" subsystem="pane" outcome="completed" pane_id=3 status="ExitStatus { code: 0, signal: None }"
2026-07-22T06:11:48.459210Z  INFO herdr::pane: pane session terminated pane=3 pid=75728 signal=Hangup
2026-07-22T06:11:48.459286Z  INFO herdr::logging: spawning pane terminal event="pane.spawn.start" subsystem="pane" outcome="started" pane_id=4 rows=57 cols=185 scrollback_limit_bytes=10000000
2026-07-22T06:11:48.463232Z  INFO herdr::logging: pane child spawned event="pane.spawned" subsystem="pane" outcome="ok" pane_id=4 pid=75804
2026-07-22T06:11:48.463409Z  INFO herdr::logging: workspace created event="workspace.create" subsystem="workspace" outcome="ok" workspace_id="w4" pane_id=4
2026-07-22T06:11:48.463416Z  INFO herdr::logging: workspace focused event="workspace.focus" subsystem="workspace" outcome="ok" workspace_id="w4"
2026-07-22T06:11:48.463459Z  INFO herdr::logging: tab focused event="tab.focus" subsystem="tab" outcome="ok" workspace_id="w4" tab_id="w4:t1"
2026-07-22T06:11:53.471386Z  INFO herdr::logging: session saved event="persist.save" subsystem="persist" outcome="ok" path=/Users/oliver/.config/herdr/session.json workspaces=1
2026-07-22T06:11:58.129826Z  INFO herdr::logging: pane child exited event="pane.exit" subsystem="pane" outcome="completed" pane_id=4 status="ExitStatus { code: 1, signal: None }"
2026-07-22T06:11:58.129880Z  INFO herdr::pane: pane session terminated pane=4 pid=75804 signal=Hangup
2026-07-22T06:11:58.129951Z  INFO herdr::logging: spawning pane terminal event="pane.spawn.start" subsystem="pane" outcome="started" pane_id=5 rows=57 cols=185 scrollback_limit_bytes=10000000
2026-07-22T06:11:58.133701Z  INFO herdr::logging: pane child spawned event="pane.spawned" subsystem="pane" outcome="ok" pane_id=5 pid=76240
2026-07-22T06:11:58.133884Z  INFO herdr::logging: workspace created event="workspace.create" subsystem="workspace" outcome="ok" workspace_id="w5" pane_id=5
2026-07-22T06:11:58.133891Z  INFO herdr::logging: workspace focused event="workspace.focus" subsystem="workspace" outcome="ok" workspace_id="w5"
2026-07-22T06:11:58.133934Z  INFO herdr::logging: tab focused event="tab.focus" subsystem="tab" outcome="ok" workspace_id="w5" tab_id="w5:t1"
2026-07-22T06:11:59.539200Z  INFO herdr::logging: pane child exited event="pane.exit" subsystem="pane" outcome="completed" pane_id=5 status="ExitStatus { code: 0, signal: None }"
2026-07-22T06:11:59.539246Z  INFO herdr::pane: pane session terminated pane=5 pid=76240 signal=Hangup
2026-07-22T06:11:59.539315Z  INFO herdr::logging: spawning pane terminal event="pane.spawn.start" subsystem="pane" outcome="started" pane_id=6 rows=57 cols=185 scrollback_limit_bytes=10000000
2026-07-22T06:11:59.542930Z  INFO herdr::logging: pane child spawned event="pane.spawned" subsystem="pane" outcome="ok" pane_id=6 pid=76319
2026-07-22T06:11:59.543110Z  INFO herdr::logging: workspace created event="workspace.create" subsystem="workspace" outcome="ok" workspace_id="w6" pane_id=6
2026-07-22T06:11:59.543117Z  INFO herdr::logging: workspace focused event="workspace.focus" subsystem="workspace" outcome="ok" workspace_id="w6"
2026-07-22T06:11:59.543176Z  INFO herdr::logging: tab focused event="tab.focus" subsystem="tab" outcome="ok" workspace_id="w6" tab_id="w6:t1"
2026-07-22T06:12:04.124943Z  INFO herdr::server::headless: client detach requested via keybind client_id=2
2026-07-22T06:12:04.126874Z  INFO herdr::server::headless: client disconnected client_id=2
2026-07-22T06:12:04.557741Z  INFO herdr::logging: session saved event="persist.save" subsystem="persist" outcome="ok" path=/Users/oliver/.config/herdr/session.json workspaces=1
2026-07-22T06:12:28.142612Z  INFO herdr::server::headless: client connected client_id=4 cols=211 rows=59 cell_width_px=0 cell_height_px=0 render_encoding=SemanticFrame
2026-07-22T06:12:36.299286Z  INFO herdr::server::headless: client detach requested via keybind client_id=4
2026-07-22T06:12:36.301811Z  INFO herdr::server::headless: client disconnected client_id=4
2026-07-22T06:12:41.145254Z  INFO herdr::server::headless: client connected client_id=6 cols=211 rows=59 cell_width_px=0 cell_height_px=0 render_encoding=SemanticFrame
2026-07-22T06:13:09.976732Z  INFO herdr::logging: tab focused event="tab.focus" subsystem="tab" outcome="ok" workspace_id="w6" tab_id="w6:t1"
2026-07-22T06:13:11.406262Z  INFO herdr::logging: spawning pane terminal event="pane.spawn.start" subsystem="pane" outcome="started" pane_id=7 rows=58 cols=185 scrollback_limit_bytes=10000000
2026-07-22T06:13:11.410351Z  INFO herdr::logging: pane child spawned event="pane.spawned" subsystem="pane" outcome="ok" pane_id=7 pid=77520
2026-07-22T06:13:11.410643Z  INFO herdr::logging: tab focused event="tab.focus" subsystem="tab" outcome="ok" workspace_id="w6" tab_id="w6:t1"
2026-07-22T06:13:14.254048Z  INFO herdr::logging: spawning pane terminal event="pane.spawn.start" subsystem="pane" outcome="started" pane_id=8 rows=29 cols=185 scrollback_limit_bytes=10000000
2026-07-22T06:13:14.258836Z  INFO herdr::logging: pane child spawned event="pane.spawned" subsystem="pane" outcome="ok" pane_id=8 pid=77589
2026-07-22T06:13:14.259100Z  INFO herdr::logging: tab focused event="tab.focus" subsystem="tab" outcome="ok" workspace_id="w6" tab_id="w6:t1"
2026-07-22T06:13:15.445587Z  INFO herdr::logging: pane child exited event="pane.exit" subsystem="pane" outcome="completed" pane_id=8 status="ExitStatus { code: 0, signal: None }"
2026-07-22T06:13:15.445665Z  INFO herdr::pane: pane session terminated pane=8 pid=77589 signal=Hangup
2026-07-22T06:13:17.127614Z  INFO herdr::logging: pane child exited event="pane.exit" subsystem="pane" outcome="completed" pane_id=7 status="ExitStatus { code: 0, signal: None }"
2026-07-22T06:13:17.127675Z  INFO herdr::pane: pane session terminated pane=7 pid=77520 signal=Hangup
2026-07-22T06:13:22.132156Z  INFO herdr::logging: session saved event="persist.save" subsystem="persist" outcome="ok" path=/Users/oliver/.config/herdr/session.json workspaces=1
2026-07-22T06:13:26.022536Z  INFO herdr::logging: spawning pane terminal event="pane.spawn.start" subsystem="pane" outcome="started" pane_id=9 rows=58 cols=185 scrollback_limit_bytes=10000000
2026-07-22T06:13:26.028941Z  INFO herdr::logging: pane child spawned event="pane.spawned" subsystem="pane" outcome="ok" pane_id=9 pid=77672
2026-07-22T06:13:26.029282Z  INFO herdr::logging: tab focused event="tab.focus" subsystem="tab" outcome="ok" workspace_id="w6" tab_id="w6:t2"
2026-07-22T06:13:29.755224Z  INFO herdr::logging: tab focused event="tab.focus" subsystem="tab" outcome="ok" workspace_id="w6" tab_id="w6:t1"
2026-07-22T06:13:30.323182Z  INFO herdr::logging: tab focused event="tab.focus" subsystem="tab" outcome="ok" workspace_id="w6" tab_id="w6:t2"
2026-07-22T06:13:30.852951Z  INFO herdr::logging: tab focused event="tab.focus" subsystem="tab" outcome="ok" workspace_id="w6" tab_id="w6:t1"
2026-07-22T06:13:35.861339Z  INFO herdr::logging: session saved event="persist.save" subsystem="persist" outcome="ok" path=/Users/oliver/.config/herdr/session.json workspaces=1
2026-07-22T06:13:37.909928Z  INFO herdr::logging: spawning pane terminal event="pane.spawn.start" subsystem="pane" outcome="started" pane_id=10 rows=58 cols=185 scrollback_limit_bytes=10000000
2026-07-22T06:13:37.918643Z  INFO herdr::logging: pane child spawned event="pane.spawned" subsystem="pane" outcome="ok" pane_id=10 pid=77741
2026-07-22T06:13:37.919131Z  INFO herdr::logging: tab focused event="tab.focus" subsystem="tab" outcome="ok" workspace_id="w6" tab_id="w6:t3"
2026-07-22T06:13:39.908431Z  INFO herdr::logging: pane child exited event="pane.exit" subsystem="pane" outcome="completed" pane_id=10 status="ExitStatus { code: 0, signal: None }"
2026-07-22T06:13:39.908515Z  INFO herdr::pane: pane session terminated pane=10 pid=77741 signal=Hangup
2026-07-22T06:13:44.912365Z  INFO herdr::logging: session saved event="persist.save" subsystem="persist" outcome="ok" path=/Users/oliver/.config/herdr/session.json workspaces=1
2026-07-22T06:13:47.851689Z  INFO herdr::server::headless: client detach requested via keybind client_id=6
2026-07-22T06:13:47.855210Z  INFO herdr::server::headless: client disconnected client_id=6
2026-07-22T06:14:01.368172Z  INFO herdr::server::headless: client connected client_id=8 cols=211 rows=59 cell_width_px=0 cell_height_px=0 render_encoding=SemanticFrame
2026-07-22T06:14:34.621204Z  INFO herdr::logging: spawning pane terminal event="pane.spawn.start" subsystem="pane" outcome="started" pane_id=11 rows=58 cols=185 scrollback_limit_bytes=10000000
2026-07-22T06:14:34.631347Z  INFO herdr::logging: pane child spawned event="pane.spawned" subsystem="pane" outcome="ok" pane_id=11 pid=77879
2026-07-22T06:14:34.631854Z  INFO herdr::logging: workspace created event="workspace.create" subsystem="workspace" outcome="ok" workspace_id="w7" pane_id=11
2026-07-22T06:14:34.631881Z  INFO herdr::logging: workspace focused event="workspace.focus" subsystem="workspace" outcome="ok" workspace_id="w7"
2026-07-22T06:14:34.632023Z  INFO herdr::logging: tab focused event="tab.focus" subsystem="tab" outcome="ok" workspace_id="w7" tab_id="w7:t1"
2026-07-22T06:14:39.639507Z  INFO herdr::logging: session saved event="persist.save" subsystem="persist" outcome="ok" path=/Users/oliver/.config/herdr/session.json workspaces=2
2026-07-22T06:15:52.156573Z  INFO herdr::server::headless: client detach requested via keybind client_id=8
2026-07-22T06:15:52.159018Z  INFO herdr::server::headless: client disconnected client_id=8
2026-07-22T06:15:54.215069Z  INFO herdr::server::headless: client connected client_id=10 cols=211 rows=59 cell_width_px=0 cell_height_px=0 render_encoding=SemanticFrame
2026-07-22T06:15:57.997091Z  INFO herdr::logging: spawning pane terminal event="pane.spawn.start" subsystem="pane" outcome="started" pane_id=12 rows=58 cols=185 scrollback_limit_bytes=10000000
2026-07-22T06:15:58.007290Z  INFO herdr::logging: pane child spawned event="pane.spawned" subsystem="pane" outcome="ok" pane_id=12 pid=77970
2026-07-22T06:15:58.007820Z  INFO herdr::logging: workspace created event="workspace.create" subsystem="workspace" outcome="ok" workspace_id="w8" pane_id=12
2026-07-22T06:15:58.007842Z  INFO herdr::logging: workspace focused event="workspace.focus" subsystem="workspace" outcome="ok" workspace_id="w8"
2026-07-22T06:15:58.008063Z  INFO herdr::logging: tab focused event="tab.focus" subsystem="tab" outcome="ok" workspace_id="w8" tab_id="w8:t1"
2026-07-22T06:16:03.021555Z  INFO herdr::logging: session saved event="persist.save" subsystem="persist" outcome="ok" path=/Users/oliver/.config/herdr/session.json workspaces=3
2026-07-22T06:16:09.895542Z  INFO herdr::logging: pane child exited event="pane.exit" subsystem="pane" outcome="completed" pane_id=12 status="ExitStatus { code: 0, signal: None }"
2026-07-22T06:16:09.895620Z  INFO herdr::pane: pane session terminated pane=12 pid=77970 signal=Hangup
2026-07-22T06:16:14.902629Z  INFO herdr::logging: session saved event="persist.save" subsystem="persist" outcome="ok" path=/Users/oliver/.config/herdr/session.json workspaces=2
2026-07-22T06:16:17.232020Z  INFO herdr::logging: spawning pane terminal event="pane.spawn.start" subsystem="pane" outcome="started" pane_id=13 rows=58 cols=185 scrollback_limit_bytes=10000000
2026-07-22T06:16:17.242628Z  INFO herdr::logging: pane child spawned event="pane.spawned" subsystem="pane" outcome="ok" pane_id=13 pid=78068
2026-07-22T06:16:17.243171Z  INFO herdr::logging: tab focused event="tab.focus" subsystem="tab" outcome="ok" workspace_id="w7" tab_id="w7:t2"
2026-07-22T06:16:19.307936Z  INFO herdr::logging: pane child exited event="pane.exit" subsystem="pane" outcome="completed" pane_id=13 status="ExitStatus { code: 0, signal: None }"
2026-07-22T06:16:19.307998Z  INFO herdr::pane: pane session terminated pane=13 pid=78068 signal=Hangup
2026-07-22T06:16:24.313018Z  INFO herdr::logging: session saved event="persist.save" subsystem="persist" outcome="ok" path=/Users/oliver/.config/herdr/session.json workspaces=2
2026-07-22T06:16:38.734074Z  INFO herdr::logging: workspace renamed event="workspace.rename" subsystem="workspace" outcome="ok" workspace_id="w7"
2026-07-22T06:16:43.741571Z  INFO herdr::logging: session saved event="persist.save" subsystem="persist" outcome="ok" path=/Users/oliver/.config/herdr/session.json workspaces=2
2026-07-22T06:16:51.175467Z  INFO herdr::logging: workspace focused event="workspace.focus" subsystem="workspace" outcome="ok" workspace_id="w6"
2026-07-22T06:16:51.175706Z  INFO herdr::logging: tab focused event="tab.focus" subsystem="tab" outcome="ok" workspace_id="w6" tab_id="w6:t2"
2026-07-22T06:16:54.535765Z  INFO herdr::server::headless: client detach requested via keybind client_id=10
2026-07-22T06:16:54.539553Z  INFO herdr::server::headless: client disconnected client_id=10
2026-07-22T06:16:55.818033Z  INFO herdr::server::headless: client connected client_id=12 cols=211 rows=59 cell_width_px=0 cell_height_px=0 render_encoding=SemanticFrame
2026-07-22T06:16:56.182349Z  INFO herdr::logging: session saved event="persist.save" subsystem="persist" outcome="ok" path=/Users/oliver/.config/herdr/session.json workspaces=2
2026-07-22T07:02:30.388057Z  INFO herdr::logging: session saved event="persist.save" subsystem="persist" outcome="ok" path=/Users/oliver/.config/herdr/session.json workspaces=2
2026-07-22T07:02:31.189760Z  INFO herdr::server::headless: client detach requested via keybind client_id=12
2026-07-22T07:02:31.193484Z  INFO herdr::server::headless: client disconnected client_id=12
2026-07-22T07:03:02.065796Z  INFO herdr::server::headless: client connected client_id=14 cols=211 rows=59 cell_width_px=0 cell_height_px=0 render_encoding=SemanticFrame
2026-07-22T07:03:24.754326Z  INFO herdr::logging: spawning pane terminal event="pane.spawn.start" subsystem="pane" outcome="started" pane_id=14 rows=58 cols=185 scrollback_limit_bytes=10000000
2026-07-22T07:03:24.764225Z  INFO herdr::logging: pane child spawned event="pane.spawned" subsystem="pane" outcome="ok" pane_id=14 pid=78281
2026-07-22T07:03:24.764749Z  INFO herdr::logging: tab focused event="tab.focus" subsystem="tab" outcome="ok" workspace_id="w6" tab_id="w6:t2"
2026-07-22T07:03:26.654895Z  INFO herdr::logging: tab focused event="tab.focus" subsystem="tab" outcome="ok" workspace_id="w6" tab_id="w6:t2"
2026-07-22T07:03:27.441175Z  INFO herdr::logging: tab focused event="tab.focus" subsystem="tab" outcome="ok" workspace_id="w6" tab_id="w6:t2"
2026-07-22T07:03:32.453149Z  INFO herdr::logging: tab focused event="tab.focus" subsystem="tab" outcome="ok" workspace_id="w6" tab_id="w6:t2"
2026-07-22T07:03:32.453392Z  INFO herdr::logging: session saved event="persist.save" subsystem="persist" outcome="ok" path=/Users/oliver/.config/herdr/session.json workspaces=2
2026-07-22T07:03:37.459663Z  INFO herdr::logging: session saved event="persist.save" subsystem="persist" outcome="ok" path=/Users/oliver/.config/herdr/session.json workspaces=2
2026-07-22T07:04:19.106066Z  INFO herdr::logging: tab focused event="tab.focus" subsystem="tab" outcome="ok" workspace_id="w6" tab_id="w6:t1"
2026-07-22T07:04:24.113338Z  INFO herdr::logging: session saved event="persist.save" subsystem="persist" outcome="ok" path=/Users/oliver/.config/herdr/session.json workspaces=2
2026-07-22T07:11:15.831187Z  INFO herdr::logging: spawning pane terminal event="pane.spawn.start" subsystem="pane" outcome="started" pane_id=15 rows=58 cols=185 scrollback_limit_bytes=10000000
2026-07-22T07:11:15.838641Z  INFO herdr::logging: pane child spawned event="pane.spawned" subsystem="pane" outcome="ok" pane_id=15 pid=80726
2026-07-22T07:11:15.838964Z  INFO herdr::logging: tab focused event="tab.focus" subsystem="tab" outcome="ok" workspace_id="w6" tab_id="w6:t1"
2026-07-22T07:11:20.844406Z  INFO herdr::logging: session saved event="persist.save" subsystem="persist" outcome="ok" path=/Users/oliver/.config/herdr/session.json workspaces=2
2026-07-22T07:11:37.050657Z  INFO herdr::logging: tab focused event="tab.focus" subsystem="tab" outcome="ok" workspace_id="w6" tab_id="w6:t1"
2026-07-22T07:11:42.057839Z  INFO herdr::logging: session saved event="persist.save" subsystem="persist" outcome="ok" path=/Users/oliver/.config/herdr/session.json workspaces=2
2026-07-22T07:12:21.234441Z  INFO herdr::logging: tab focused event="tab.focus" subsystem="tab" outcome="ok" workspace_id="w6" tab_id="w6:t1"
2026-07-22T07:12:26.034324Z  INFO herdr::logging: tab focused event="tab.focus" subsystem="tab" outcome="ok" workspace_id="w6" tab_id="w6:t1"
2026-07-22T07:12:31.040623Z  INFO herdr::logging: session saved event="persist.save" subsystem="persist" outcome="ok" path=/Users/oliver/.config/herdr/session.json workspaces=2
2026-07-22T07:14:59.793924Z  INFO herdr::logging: tab focused event="tab.focus" subsystem="tab" outcome="ok" workspace_id="w6" tab_id="w6:t1"
2026-07-22T07:15:04.802003Z  INFO herdr::logging: session saved event="persist.save" subsystem="persist" outcome="ok" path=/Users/oliver/.config/herdr/session.json workspaces=2
2026-07-22T07:16:09.654934Z  INFO herdr::logging: tab focused event="tab.focus" subsystem="tab" outcome="ok" workspace_id="w6" tab_id="w6:t1"
2026-07-22T07:16:14.659506Z  INFO herdr::logging: session saved event="persist.save" subsystem="persist" outcome="ok" path=/Users/oliver/.config/herdr/session.json workspaces=2
2026-07-22T07:18:07.263195Z  INFO herdr::logging: tab focused event="tab.focus" subsystem="tab" outcome="ok" workspace_id="w6" tab_id="w6:t1"
2026-07-22T07:18:12.272215Z  INFO herdr::logging: session saved event="persist.save" subsystem="persist" outcome="ok" path=/Users/oliver/.config/herdr/session.json workspaces=2
2026-07-22T07:18:18.018000Z  INFO herdr::logging: tab focused event="tab.focus" subsystem="tab" outcome="ok" workspace_id="w6" tab_id="w6:t1"
2026-07-22T07:18:23.020288Z  INFO herdr::logging: session saved event="persist.save" subsystem="persist" outcome="ok" path=/Users/oliver/.config/herdr/session.json workspaces=2
2026-07-22T07:18:29.384475Z  INFO herdr::logging: tab focused event="tab.focus" subsystem="tab" outcome="ok" workspace_id="w6" tab_id="w6:t1"
2026-07-22T07:18:34.390671Z  INFO herdr::logging: session saved event="persist.save" subsystem="persist" outcome="ok" path=/Users/oliver/.config/herdr/session.json workspaces=2
2026-07-22T07:19:37.336892Z  INFO herdr::logging: workspace focused event="workspace.focus" subsystem="workspace" outcome="ok" workspace_id="w7"
2026-07-22T07:19:37.337248Z  INFO herdr::logging: tab focused event="tab.focus" subsystem="tab" outcome="ok" workspace_id="w7" tab_id="w7:t1"
2026-07-22T07:19:42.341119Z  INFO herdr::logging: session saved event="persist.save" subsystem="persist" outcome="ok" path=/Users/oliver/.config/herdr/session.json workspaces=2
2026-07-22T07:20:31.277566Z  INFO herdr::logging: workspace focused event="workspace.focus" subsystem="workspace" outcome="ok" workspace_id="w6"
2026-07-22T07:20:31.277943Z  INFO herdr::logging: tab focused event="tab.focus" subsystem="tab" outcome="ok" workspace_id="w6" tab_id="w6:t1"
2026-07-22T07:20:36.294846Z  INFO herdr::logging: session saved event="persist.save" subsystem="persist" outcome="ok" path=/Users/oliver/.config/herdr/session.json workspaces=2
2026-07-22T07:21:36.361375Z  INFO herdr::logging: workspace focused event="workspace.focus" subsystem="workspace" outcome="ok" workspace_id="w7"
2026-07-22T07:21:36.361556Z  INFO herdr::logging: tab focused event="tab.focus" subsystem="tab" outcome="ok" workspace_id="w7" tab_id="w7:t1"
2026-07-22T07:21:41.378498Z  INFO herdr::logging: session saved event="persist.save" subsystem="persist" outcome="ok" path=/Users/oliver/.config/herdr/session.json workspaces=2
2026-07-22T07:22:37.412309Z  INFO herdr::logging: workspace focused event="workspace.focus" subsystem="workspace" outcome="ok" workspace_id="w6"
2026-07-22T07:22:37.412473Z  INFO herdr::logging: tab focused event="tab.focus" subsystem="tab" outcome="ok" workspace_id="w6" tab_id="w6:t1"
2026-07-22T07:22:42.427728Z  INFO herdr::logging: session saved event="persist.save" subsystem="persist" outcome="ok" path=/Users/oliver/.config/herdr/session.json workspaces=2
2026-07-22T07:22:52.724982Z  INFO herdr::logging: tab focused event="tab.focus" subsystem="tab" outcome="ok" workspace_id="w6" tab_id="w6:t1"
2026-07-22T07:22:57.732020Z  INFO herdr::logging: session saved event="persist.save" subsystem="persist" outcome="ok" path=/Users/oliver/.config/herdr/session.json workspaces=2
2026-07-22T07:23:05.115806Z  INFO herdr::logging: tab focused event="tab.focus" subsystem="tab" outcome="ok" workspace_id="w6" tab_id="w6:t1"
2026-07-22T07:23:10.119578Z  INFO herdr::logging: session saved event="persist.save" subsystem="persist" outcome="ok" path=/Users/oliver/.config/herdr/session.json workspaces=2
2026-07-22T07:23:35.447163Z  INFO herdr::logging: tab focused event="tab.focus" subsystem="tab" outcome="ok" workspace_id="w6" tab_id="w6:t1"
2026-07-22T07:23:40.450249Z  INFO herdr::logging: session saved event="persist.save" subsystem="persist" outcome="ok" path=/Users/oliver/.config/herdr/session.json workspaces=2
2026-07-22T07:25:13.820470Z  INFO herdr::logging: session saved event="persist.save" subsystem="persist" outcome="ok" path=/Users/oliver/.config/herdr/session.json workspaces=2
2026-07-22T07:26:14.324803Z  INFO herdr::logging: tab focused event="tab.focus" subsystem="tab" outcome="ok" workspace_id="w6" tab_id="w6:t1"
2026-07-22T07:26:16.355350Z  INFO herdr::logging: tab focused event="tab.focus" subsystem="tab" outcome="ok" workspace_id="w6" tab_id="w6:t1"
2026-07-22T07:26:18.039880Z  INFO herdr::logging: tab focused event="tab.focus" subsystem="tab" outcome="ok" workspace_id="w6" tab_id="w6:t1"
2026-07-22T07:26:23.048498Z  INFO herdr::logging: session saved event="persist.save" subsystem="persist" outcome="ok" path=/Users/oliver/.config/herdr/session.json workspaces=2
2026-07-22T07:26:56.775495Z  INFO herdr::logging: tab focused event="tab.focus" subsystem="tab" outcome="ok" workspace_id="w6" tab_id="w6:t1"
2026-07-22T07:26:59.763156Z  INFO herdr::logging: tab focused event="tab.focus" subsystem="tab" outcome="ok" workspace_id="w6" tab_id="w6:t1"
2026-07-22T07:27:04.563055Z  INFO herdr::logging: tab focused event="tab.focus" subsystem="tab" outcome="ok" workspace_id="w6" tab_id="w6:t1"
2026-07-22T07:27:09.572500Z  INFO herdr::logging: session saved event="persist.save" subsystem="persist" outcome="ok" path=/Users/oliver/.config/herdr/session.json workspaces=2
2026-07-22T07:27:12.004913Z  INFO herdr::logging: tab focused event="tab.focus" subsystem="tab" outcome="ok" workspace_id="w6" tab_id="w6:t1"
2026-07-22T07:27:17.011928Z  INFO herdr::logging: session saved event="persist.save" subsystem="persist" outcome="ok" path=/Users/oliver/.config/herdr/session.json workspaces=2
2026-07-22T07:27:24.446965Z  INFO herdr::logging: tab focused event="tab.focus" subsystem="tab" outcome="ok" workspace_id="w6" tab_id="w6:t1"
2026-07-22T07:27:29.457580Z  INFO herdr::logging: session saved event="persist.save" subsystem="persist" outcome="ok" path=/Users/oliver/.config/herdr/session.json workspaces=2
2026-07-22T07:32:27.455196Z  INFO herdr::logging: tab focused event="tab.focus" subsystem="tab" outcome="ok" workspace_id="w6" tab_id="w6:t1"
2026-07-22T07:32:32.460049Z  INFO herdr::logging: session saved event="persist.save" subsystem="persist" outcome="ok" path=/Users/oliver/.config/herdr/session.json workspaces=2
2026-07-22T07:32:34.108377Z  INFO herdr::logging: tab focused event="tab.focus" subsystem="tab" outcome="ok" workspace_id="w6" tab_id="w6:t1"
2026-07-22T07:32:39.114037Z  INFO herdr::logging: session saved event="persist.save" subsystem="persist" outcome="ok" path=/Users/oliver/.config/herdr/session.json workspaces=2
2026-07-22T07:32:45.346601Z  INFO herdr::logging: tab focused event="tab.focus" subsystem="tab" outcome="ok" workspace_id="w6" tab_id="w6:t1"
2026-07-22T07:32:49.243558Z  INFO herdr::logging: tab focused event="tab.focus" subsystem="tab" outcome="ok" workspace_id="w6" tab_id="w6:t1"
2026-07-22T07:32:54.250884Z  INFO herdr::logging: session saved event="persist.save" subsystem="persist" outcome="ok" path=/Users/oliver/.config/herdr/session.json workspaces=2
2026-07-22T07:33:01.779960Z  INFO herdr::logging: tab focused event="tab.focus" subsystem="tab" outcome="ok" workspace_id="w6" tab_id="w6:t1"
2026-07-22T07:33:04.283734Z  INFO herdr::logging: tab focused event="tab.focus" subsystem="tab" outcome="ok" workspace_id="w6" tab_id="w6:t1"
2026-07-22T07:33:08.144423Z  INFO herdr::logging: tab focused event="tab.focus" subsystem="tab" outcome="ok" workspace_id="w6" tab_id="w6:t1"
2026-07-22T07:33:13.157395Z  INFO herdr::logging: session saved event="persist.save" subsystem="persist" outcome="ok" path=/Users/oliver/.config/herdr/session.json workspaces=2
2026-07-22T07:33:45.703066Z  INFO herdr::logging: tab focused event="tab.focus" subsystem="tab" outcome="ok" workspace_id="w6" tab_id="w6:t1"
2026-07-22T07:33:50.707125Z  INFO herdr::logging: session saved event="persist.save" subsystem="persist" outcome="ok" path=/Users/oliver/.config/herdr/session.json workspaces=2
2026-07-22T07:34:43.114104Z  INFO herdr::logging: tab focused event="tab.focus" subsystem="tab" outcome="ok" workspace_id="w6" tab_id="w6:t1"
2026-07-22T07:34:46.147068Z  INFO herdr::logging: tab focused event="tab.focus" subsystem="tab" outcome="ok" workspace_id="w6" tab_id="w6:t1"
2026-07-22T07:34:51.154377Z  INFO herdr::logging: session saved event="persist.save" subsystem="persist" outcome="ok" path=/Users/oliver/.config/herdr/session.json workspaces=2
2026-07-22T07:35:53.466620Z  INFO herdr::logging: tab focused event="tab.focus" subsystem="tab" outcome="ok" workspace_id="w6" tab_id="w6:t1"
2026-07-22T07:35:58.054459Z  INFO herdr::logging: tab focused event="tab.focus" subsystem="tab" outcome="ok" workspace_id="w6" tab_id="w6:t1"
2026-07-22T07:36:00.210349Z  INFO herdr::logging: tab focused event="tab.focus" subsystem="tab" outcome="ok" workspace_id="w6" tab_id="w6:t1"
2026-07-22T07:36:05.219205Z  INFO herdr::logging: session saved event="persist.save" subsystem="persist" outcome="ok" path=/Users/oliver/.config/herdr/session.json workspaces=2
2026-07-22T07:36:19.241262Z  INFO herdr::logging: tab focused event="tab.focus" subsystem="tab" outcome="ok" workspace_id="w6" tab_id="w6:t1"
2026-07-22T07:36:24.248362Z  INFO herdr::logging: session saved event="persist.save" subsystem="persist" outcome="ok" path=/Users/oliver/.config/herdr/session.json workspaces=2
2026-07-22T07:36:30.158515Z  INFO herdr::logging: tab focused event="tab.focus" subsystem="tab" outcome="ok" workspace_id="w6" tab_id="w6:t1"
2026-07-22T07:36:33.748939Z  INFO herdr::logging: tab focused event="tab.focus" subsystem="tab" outcome="ok" workspace_id="w6" tab_id="w6:t1"
2026-07-22T07:36:38.761273Z  INFO herdr::logging: session saved event="persist.save" subsystem="persist" outcome="ok" path=/Users/oliver/.config/herdr/session.json workspaces=2
2026-07-22T07:37:09.422458Z  INFO herdr::logging: tab focused event="tab.focus" subsystem="tab" outcome="ok" workspace_id="w6" tab_id="w6:t1"
2026-07-22T07:37:14.427361Z  INFO herdr::logging: session saved event="persist.save" subsystem="persist" outcome="ok" path=/Users/oliver/.config/herdr/session.json workspaces=2
2026-07-22T07:38:36.478822Z  INFO herdr::logging: tab focused event="tab.focus" subsystem="tab" outcome="ok" workspace_id="w6" tab_id="w6:t1"
2026-07-22T07:38:41.488142Z  INFO herdr::logging: session saved event="persist.save" subsystem="persist" outcome="ok" path=/Users/oliver/.config/herdr/session.json workspaces=2
2026-07-22T07:39:11.390376Z  INFO herdr::logging: tab focused event="tab.focus" subsystem="tab" outcome="ok" workspace_id="w6" tab_id="w6:t1"
2026-07-22T07:39:15.053502Z  INFO herdr::logging: tab focused event="tab.focus" subsystem="tab" outcome="ok" workspace_id="w6" tab_id="w6:t1"
2026-07-22T07:39:20.056035Z  INFO herdr::logging: session saved event="persist.save" subsystem="persist" outcome="ok" path=/Users/oliver/.config/herdr/session.json workspaces=2
2026-07-22T07:39:48.878854Z  INFO herdr::logging: tab focused event="tab.focus" subsystem="tab" outcome="ok" workspace_id="w6" tab_id="w6:t1"
2026-07-22T07:39:53.885322Z  INFO herdr::logging: session saved event="persist.save" subsystem="persist" outcome="ok" path=/Users/oliver/.config/herdr/session.json workspaces=2
2026-07-22T07:39:57.991545Z  INFO herdr::logging: tab focused event="tab.focus" subsystem="tab" outcome="ok" workspace_id="w6" tab_id="w6:t1"
2026-07-22T07:39:59.498797Z  INFO herdr::logging: tab focused event="tab.focus" subsystem="tab" outcome="ok" workspace_id="w6" tab_id="w6:t1"
2026-07-22T07:40:04.505717Z  INFO herdr::logging: session saved event="persist.save" subsystem="persist" outcome="ok" path=/Users/oliver/.config/herdr/session.json workspaces=2
2026-07-22T07:40:06.586039Z  INFO herdr::logging: tab focused event="tab.focus" subsystem="tab" outcome="ok" workspace_id="w6" tab_id="w6:t1"
2026-07-22T07:40:11.590324Z  INFO herdr::logging: session saved event="persist.save" subsystem="persist" outcome="ok" path=/Users/oliver/.config/herdr/session.json workspaces=2
2026-07-22T07:40:13.520703Z  INFO herdr::logging: tab focused event="tab.focus" subsystem="tab" outcome="ok" workspace_id="w6" tab_id="w6:t1"
2026-07-22T07:40:17.011865Z  INFO herdr::logging: tab focused event="tab.focus" subsystem="tab" outcome="ok" workspace_id="w6" tab_id="w6:t1"
2026-07-22T07:40:22.020111Z  INFO herdr::logging: session saved event="persist.save" subsystem="persist" outcome="ok" path=/Users/oliver/.config/herdr/session.json workspaces=2
2026-07-22T07:42:42.009620Z  INFO herdr::logging: tab focused event="tab.focus" subsystem="tab" outcome="ok" workspace_id="w6" tab_id="w6:t1"
2026-07-22T07:42:46.395878Z  INFO herdr::logging: tab focused event="tab.focus" subsystem="tab" outcome="ok" workspace_id="w6" tab_id="w6:t1"
2026-07-22T07:42:51.403078Z  INFO herdr::logging: session saved event="persist.save" subsystem="persist" outcome="ok" path=/Users/oliver/.config/herdr/session.json workspaces=2
2026-07-22T07:43:44.111122Z  INFO herdr::logging: tab focused event="tab.focus" subsystem="tab" outcome="ok" workspace_id="w6" tab_id="w6:t1"
2026-07-22T07:43:48.617843Z  INFO herdr::logging: tab focused event="tab.focus" subsystem="tab" outcome="ok" workspace_id="w6" tab_id="w6:t1"
2026-07-22T07:43:53.627014Z  INFO herdr::logging: session saved event="persist.save" subsystem="persist" outcome="ok" path=/Users/oliver/.config/herdr/session.json workspaces=2
2026-07-22T07:44:44.372314Z  INFO herdr::logging: tab focused event="tab.focus" subsystem="tab" outcome="ok" workspace_id="w6" tab_id="w6:t1"
2026-07-22T07:44:46.156171Z  INFO herdr::logging: tab focused event="tab.focus" subsystem="tab" outcome="ok" workspace_id="w6" tab_id="w6:t1"
2026-07-22T07:44:51.164476Z  INFO herdr::logging: session saved event="persist.save" subsystem="persist" outcome="ok" path=/Users/oliver/.config/herdr/session.json workspaces=2
2026-07-22T07:46:38.802512Z  INFO herdr::logging: tab focused event="tab.focus" subsystem="tab" outcome="ok" workspace_id="w6" tab_id="w6:t1"
2026-07-22T07:46:43.808849Z  INFO herdr::logging: session saved event="persist.save" subsystem="persist" outcome="ok" path=/Users/oliver/.config/herdr/session.json workspaces=2
2026-07-22T07:46:45.860127Z  INFO herdr::logging: tab focused event="tab.focus" subsystem="tab" outcome="ok" workspace_id="w6" tab_id="w6:t1"
2026-07-22T07:46:50.865092Z  INFO herdr::logging: session saved event="persist.save" subsystem="persist" outcome="ok" path=/Users/oliver/.config/herdr/session.json workspaces=2
2026-07-22T07:47:27.417743Z  INFO herdr::logging: tab focused event="tab.focus" subsystem="tab" outcome="ok" workspace_id="w6" tab_id="w6:t1"
2026-07-22T07:47:32.425419Z  INFO herdr::logging: session saved event="persist.save" subsystem="persist" outcome="ok" path=/Users/oliver/.config/herdr/session.json workspaces=2
2026-07-22T07:47:53.129885Z  INFO herdr::logging: tab focused event="tab.focus" subsystem="tab" outcome="ok" workspace_id="w6" tab_id="w6:t1"
2026-07-22T07:47:58.135164Z  INFO herdr::logging: session saved event="persist.save" subsystem="persist" outcome="ok" path=/Users/oliver/.config/herdr/session.json workspaces=2
2026-07-22T07:47:59.588934Z  INFO herdr::logging: tab focused event="tab.focus" subsystem="tab" outcome="ok" workspace_id="w6" tab_id="w6:t1"
2026-07-22T07:48:04.597599Z  INFO herdr::logging: session saved event="persist.save" subsystem="persist" outcome="ok" path=/Users/oliver/.config/herdr/session.json workspaces=2
2026-07-22T07:48:05.713120Z  INFO herdr::logging: tab focused event="tab.focus" subsystem="tab" outcome="ok" workspace_id="w6" tab_id="w6:t1"
2026-07-22T07:48:10.723736Z  INFO herdr::logging: session saved event="persist.save" subsystem="persist" outcome="ok" path=/Users/oliver/.config/herdr/session.json workspaces=2
2026-07-22T07:48:11.296273Z  INFO herdr::logging: tab focused event="tab.focus" subsystem="tab" outcome="ok" workspace_id="w6" tab_id="w6:t1"
2026-07-22T07:48:16.304998Z  INFO herdr::logging: session saved event="persist.save" subsystem="persist" outcome="ok" path=/Users/oliver/.config/herdr/session.json workspaces=2
2026-07-22T07:48:44.971073Z  INFO herdr::logging: tab focused event="tab.focus" subsystem="tab" outcome="ok" workspace_id="w6" tab_id="w6:t1"
2026-07-22T07:48:49.270983Z  INFO herdr::logging: tab focused event="tab.focus" subsystem="tab" outcome="ok" workspace_id="w6" tab_id="w6:t1"
2026-07-22T07:48:53.346132Z  INFO herdr::logging: tab focused event="tab.focus" subsystem="tab" outcome="ok" workspace_id="w6" tab_id="w6:t1"
2026-07-22T07:48:58.351471Z  INFO herdr::logging: session saved event="persist.save" subsystem="persist" outcome="ok" path=/Users/oliver/.config/herdr/session.json workspaces=2
2026-07-22T07:48:59.520683Z  INFO herdr::logging: tab focused event="tab.focus" subsystem="tab" outcome="ok" workspace_id="w6" tab_id="w6:t1"
2026-07-22T07:49:04.525425Z  INFO herdr::logging: session saved event="persist.save" subsystem="persist" outcome="ok" path=/Users/oliver/.config/herdr/session.json workspaces=2
2026-07-22T07:56:35.739116Z  INFO herdr::logging: workspace focused event="workspace.focus" subsystem="workspace" outcome="ok" workspace_id="w7"
2026-07-22T07:56:35.740846Z  INFO herdr::logging: tab focused event="tab.focus" subsystem="tab" outcome="ok" workspace_id="w7" tab_id="w7:t1"
2026-07-22T07:56:40.752388Z  INFO herdr::logging: session saved event="persist.save" subsystem="persist" outcome="ok" path=/Users/oliver/.config/herdr/session.json workspaces=2
2026-07-22T07:56:44.388469Z  INFO herdr::logging: workspace focused event="workspace.focus" subsystem="workspace" outcome="ok" workspace_id="w7"
2026-07-22T07:56:44.388734Z  INFO herdr::logging: tab focused event="tab.focus" subsystem="tab" outcome="ok" workspace_id="w7" tab_id="w7:t1"
2026-07-22T07:56:46.373582Z  INFO herdr::logging: workspace focused event="workspace.focus" subsystem="workspace" outcome="ok" workspace_id="w6"
2026-07-22T07:56:46.373977Z  INFO herdr::logging: tab focused event="tab.focus" subsystem="tab" outcome="ok" workspace_id="w6" tab_id="w6:t1"
2026-07-22T07:56:51.387825Z  INFO herdr::logging: session saved event="persist.save" subsystem="persist" outcome="ok" path=/Users/oliver/.config/herdr/session.json workspaces=2
2026-07-22T07:57:30.121626Z  INFO herdr::logging: tab focused event="tab.focus" subsystem="tab" outcome="ok" workspace_id="w6" tab_id="w6:t1"
2026-07-22T07:57:35.126829Z  INFO herdr::logging: session saved event="persist.save" subsystem="persist" outcome="ok" path=/Users/oliver/.config/herdr/session.json workspaces=2
2026-07-22T07:57:38.928139Z  INFO herdr::logging: tab focused event="tab.focus" subsystem="tab" outcome="ok" workspace_id="w6" tab_id="w6:t1"
2026-07-22T07:57:43.935957Z  INFO herdr::logging: session saved event="persist.save" subsystem="persist" outcome="ok" path=/Users/oliver/.config/herdr/session.json workspaces=2
2026-07-22T07:59:54.178486Z  INFO herdr::logging: tab focused event="tab.focus" subsystem="tab" outcome="ok" workspace_id="w6" tab_id="w6:t1"
2026-07-22T07:59:59.185883Z  INFO herdr::logging: session saved event="persist.save" subsystem="persist" outcome="ok" path=/Users/oliver/.config/herdr/session.json workspaces=2
2026-07-22T08:00:01.244953Z  INFO herdr::logging: tab focused event="tab.focus" subsystem="tab" outcome="ok" workspace_id="w6" tab_id="w6:t1"
2026-07-22T08:00:06.257951Z  INFO herdr::logging: session saved event="persist.save" subsystem="persist" outcome="ok" path=/Users/oliver/.config/herdr/session.json workspaces=2
2026-07-22T08:00:35.243224Z  INFO herdr::logging: tab focused event="tab.focus" subsystem="tab" outcome="ok" workspace_id="w6" tab_id="w6:t1"
2026-07-22T08:00:40.252012Z  INFO herdr::logging: session saved event="persist.save" subsystem="persist" outcome="ok" path=/Users/oliver/.config/herdr/session.json workspaces=2
2026-07-22T08:00:53.099493Z  INFO herdr::logging: session saved event="persist.save" subsystem="persist" outcome="ok" path=/Users/oliver/.config/herdr/session.json workspaces=2
2026-07-22T08:08:17.077962Z  INFO herdr::logging: tab focused event="tab.focus" subsystem="tab" outcome="ok" workspace_id="w6" tab_id="w6:t2"
2026-07-22T08:08:19.803066Z  INFO herdr::logging: tab focused event="tab.focus" subsystem="tab" outcome="ok" workspace_id="w6" tab_id="w6:t2"
2026-07-22T08:08:20.689356Z  INFO herdr::logging: pane child exited event="pane.exit" subsystem="pane" outcome="completed" pane_id=14 status="ExitStatus { code: 0, signal: None }"
2026-07-22T08:08:20.689424Z  INFO herdr::pane: pane session terminated pane=14 pid=78281 signal=Hangup
2026-07-22T08:08:25.698287Z  INFO herdr::logging: session saved event="persist.save" subsystem="persist" outcome="ok" path=/Users/oliver/.config/herdr/session.json workspaces=2
2026-07-22T08:09:26.319330Z  INFO herdr::logging: tab focused event="tab.focus" subsystem="tab" outcome="ok" workspace_id="w6" tab_id="w6:t1"
2026-07-22T08:09:31.324170Z  INFO herdr::logging: session saved event="persist.save" subsystem="persist" outcome="ok" path=/Users/oliver/.config/herdr/session.json workspaces=2
2026-07-22T08:09:52.843810Z  INFO herdr::logging: tab focused event="tab.focus" subsystem="tab" outcome="ok" workspace_id="w6" tab_id="w6:t2"
2026-07-22T08:09:53.934722Z  INFO herdr::logging: tab focused event="tab.focus" subsystem="tab" outcome="ok" workspace_id="w6" tab_id="w6:t1"
2026-07-22T08:09:55.268809Z  INFO herdr::logging: workspace focused event="workspace.focus" subsystem="workspace" outcome="ok" workspace_id="w7"
2026-07-22T08:09:55.269054Z  INFO herdr::logging: tab focused event="tab.focus" subsystem="tab" outcome="ok" workspace_id="w7" tab_id="w7:t1"
2026-07-22T08:09:56.278609Z  INFO herdr::logging: workspace focused event="workspace.focus" subsystem="workspace" outcome="ok" workspace_id="w6"
2026-07-22T08:09:56.278814Z  INFO herdr::logging: tab focused event="tab.focus" subsystem="tab" outcome="ok" workspace_id="w6" tab_id="w6:t1"
2026-07-22T08:10:01.282894Z  INFO herdr::logging: session saved event="persist.save" subsystem="persist" outcome="ok" path=/Users/oliver/.config/herdr/session.json workspaces=2
2026-07-22T08:10:31.665655Z  INFO herdr::logging: session saved event="persist.save" subsystem="persist" outcome="ok" path=/Users/oliver/.config/herdr/session.json workspaces=2
2026-07-22T08:10:43.367825Z  INFO herdr::logging: tab renamed event="tab.rename" subsystem="tab" outcome="ok" workspace_id="w6" tab_id="w6:t1"
2026-07-22T08:10:48.374660Z  INFO herdr::logging: session saved event="persist.save" subsystem="persist" outcome="ok" path=/Users/oliver/.config/herdr/session.json workspaces=2
2026-07-22T08:10:48.531278Z  INFO herdr::logging: tab focused event="tab.focus" subsystem="tab" outcome="ok" workspace_id="w6" tab_id="w6:t1"
2026-07-22T08:10:50.790463Z  INFO herdr::logging: tab focused event="tab.focus" subsystem="tab" outcome="ok" workspace_id="w6" tab_id="w6:t1"
2026-07-22T08:10:55.796874Z  INFO herdr::logging: session saved event="persist.save" subsystem="persist" outcome="ok" path=/Users/oliver/.config/herdr/session.json workspaces=2
2026-07-22T08:11:46.005962Z  INFO herdr::logging: tab focused event="tab.focus" subsystem="tab" outcome="ok" workspace_id="w6" tab_id="w6:t1"
2026-07-22T08:11:51.012863Z  INFO herdr::logging: session saved event="persist.save" subsystem="persist" outcome="ok" path=/Users/oliver/.config/herdr/session.json workspaces=2
2026-07-22T08:11:59.985782Z  INFO herdr::logging: tab focused event="tab.focus" subsystem="tab" outcome="ok" workspace_id="w6" tab_id="w6:t1"
2026-07-22T08:12:04.994340Z  INFO herdr::logging: session saved event="persist.save" subsystem="persist" outcome="ok" path=/Users/oliver/.config/herdr/session.json workspaces=2
2026-07-22T08:13:04.418922Z  INFO herdr::logging: tab focused event="tab.focus" subsystem="tab" outcome="ok" workspace_id="w6" tab_id="w6:t1"
2026-07-22T08:13:09.426188Z  INFO herdr::logging: session saved event="persist.save" subsystem="persist" outcome="ok" path=/Users/oliver/.config/herdr/session.json workspaces=2
2026-07-22T08:13:13.637921Z  INFO herdr::logging: tab focused event="tab.focus" subsystem="tab" outcome="ok" workspace_id="w6" tab_id="w6:t1"
2026-07-22T08:13:18.640228Z  INFO herdr::logging: session saved event="persist.save" subsystem="persist" outcome="ok" path=/Users/oliver/.config/herdr/session.json workspaces=2
2026-07-22T08:13:21.651950Z  INFO herdr::logging: tab focused event="tab.focus" subsystem="tab" outcome="ok" workspace_id="w6" tab_id="w6:t1"
2026-07-22T08:13:26.657365Z  INFO herdr::logging: session saved event="persist.save" subsystem="persist" outcome="ok" path=/Users/oliver/.config/herdr/session.json workspaces=2
2026-07-22T08:13:38.140895Z  INFO herdr::logging: tab focused event="tab.focus" subsystem="tab" outcome="ok" workspace_id="w6" tab_id="w6:t1"
2026-07-22T08:13:41.215342Z  INFO herdr::logging: tab focused event="tab.focus" subsystem="tab" outcome="ok" workspace_id="w6" tab_id="w6:t1"
2026-07-22T08:13:46.220108Z  INFO herdr::logging: session saved event="persist.save" subsystem="persist" outcome="ok" path=/Users/oliver/.config/herdr/session.json workspaces=2
2026-07-22T08:13:54.374771Z  INFO herdr::logging: tab focused event="tab.focus" subsystem="tab" outcome="ok" workspace_id="w6" tab_id="w6:t1"
2026-07-22T08:13:54.992411Z  INFO herdr::logging: tab focused event="tab.focus" subsystem="tab" outcome="ok" workspace_id="w6" tab_id="w6:t1"
2026-07-22T08:13:59.370328Z  INFO herdr::logging: tab focused event="tab.focus" subsystem="tab" outcome="ok" workspace_id="w6" tab_id="w6:t1"
2026-07-22T08:14:03.914729Z  INFO herdr::logging: tab focused event="tab.focus" subsystem="tab" outcome="ok" workspace_id="w6" tab_id="w6:t1"
2026-07-22T08:14:08.921293Z  INFO herdr::logging: session saved event="persist.save" subsystem="persist" outcome="ok" path=/Users/oliver/.config/herdr/session.json workspaces=2
2026-07-22T08:14:13.733622Z  INFO herdr::logging: tab focused event="tab.focus" subsystem="tab" outcome="ok" workspace_id="w6" tab_id="w6:t1"
2026-07-22T08:14:14.503033Z  INFO herdr::logging: tab focused event="tab.focus" subsystem="tab" outcome="ok" workspace_id="w6" tab_id="w6:t1"
2026-07-22T08:14:19.514505Z  INFO herdr::logging: session saved event="persist.save" subsystem="persist" outcome="ok" path=/Users/oliver/.config/herdr/session.json workspaces=2
2026-07-22T08:21:48.583479Z  INFO herdr::logging: tab focused event="tab.focus" subsystem="tab" outcome="ok" workspace_id="w6" tab_id="w6:t1"
2026-07-22T08:21:53.591234Z  INFO herdr::logging: session saved event="persist.save" subsystem="persist" outcome="ok" path=/Users/oliver/.config/herdr/session.json workspaces=2
2026-07-22T08:25:57.786645Z  INFO herdr::logging: tab focused event="tab.focus" subsystem="tab" outcome="ok" workspace_id="w6" tab_id="w6:t1"
2026-07-22T08:26:02.800357Z  INFO herdr::logging: session saved event="persist.save" subsystem="persist" outcome="ok" path=/Users/oliver/.config/herdr/session.json workspaces=2
2026-07-22T08:26:06.820028Z  INFO herdr::logging: tab focused event="tab.focus" subsystem="tab" outcome="ok" workspace_id="w6" tab_id="w6:t1"
2026-07-22T08:26:11.830655Z  INFO herdr::logging: session saved event="persist.save" subsystem="persist" outcome="ok" path=/Users/oliver/.config/herdr/session.json workspaces=2
2026-07-22T08:26:39.402770Z  INFO herdr::logging: tab focused event="tab.focus" subsystem="tab" outcome="ok" workspace_id="w6" tab_id="w6:t1"
2026-07-22T08:26:44.408525Z  INFO herdr::logging: session saved event="persist.save" subsystem="persist" outcome="ok" path=/Users/oliver/.config/herdr/session.json workspaces=2
2026-07-22T08:27:09.045618Z  INFO herdr::logging: tab focused event="tab.focus" subsystem="tab" outcome="ok" workspace_id="w6" tab_id="w6:t1"
2026-07-22T08:27:14.057071Z  INFO herdr::logging: session saved event="persist.save" subsystem="persist" outcome="ok" path=/Users/oliver/.config/herdr/session.json workspaces=2
2026-07-22T08:27:29.702472Z  INFO herdr::logging: tab focused event="tab.focus" subsystem="tab" outcome="ok" workspace_id="w6" tab_id="w6:t1"
2026-07-22T08:27:34.710429Z  INFO herdr::logging: session saved event="persist.save" subsystem="persist" outcome="ok" path=/Users/oliver/.config/herdr/session.json workspaces=2
2026-07-22T08:27:37.369136Z  INFO herdr::logging: tab focused event="tab.focus" subsystem="tab" outcome="ok" workspace_id="w6" tab_id="w6:t1"
2026-07-22T08:27:37.950524Z  INFO herdr::logging: tab focused event="tab.focus" subsystem="tab" outcome="ok" workspace_id="w6" tab_id="w6:t1"
2026-07-22T08:27:38.827981Z  INFO herdr::logging: tab focused event="tab.focus" subsystem="tab" outcome="ok" workspace_id="w6" tab_id="w6:t1"
2026-07-22T08:27:39.981052Z  INFO herdr::logging: tab focused event="tab.focus" subsystem="tab" outcome="ok" workspace_id="w6" tab_id="w6:t1"
2026-07-22T08:27:44.990683Z  INFO herdr::logging: session saved event="persist.save" subsystem="persist" outcome="ok" path=/Users/oliver/.config/herdr/session.json workspaces=2
2026-07-22T08:28:26.574888Z  INFO herdr::logging: tab focused event="tab.focus" subsystem="tab" outcome="ok" workspace_id="w6" tab_id="w6:t1"
2026-07-22T08:28:31.583911Z  INFO herdr::logging: session saved event="persist.save" subsystem="persist" outcome="ok" path=/Users/oliver/.config/herdr/session.json workspaces=2
2026-07-22T08:29:47.832822Z  INFO herdr::logging: tab focused event="tab.focus" subsystem="tab" outcome="ok" workspace_id="w6" tab_id="w6:t2"
2026-07-22T08:29:52.837151Z  INFO herdr::logging: session saved event="persist.save" subsystem="persist" outcome="ok" path=/Users/oliver/.config/herdr/session.json workspaces=2
2026-07-22T08:30:07.293879Z  INFO herdr::app::actions: copied selection to clipboard
2026-07-22T08:30:50.789183Z  INFO herdr::logging: tab focused event="tab.focus" subsystem="tab" outcome="ok" workspace_id="w6" tab_id="w6:t1"
2026-07-22T08:30:55.796403Z  INFO herdr::logging: session saved event="persist.save" subsystem="persist" outcome="ok" path=/Users/oliver/.config/herdr/session.json workspaces=2
2026-07-22T08:30:56.731391Z  INFO herdr::logging: tab focused event="tab.focus" subsystem="tab" outcome="ok" workspace_id="w6" tab_id="w6:t1"
2026-07-22T08:31:01.750397Z  INFO herdr::logging: session saved event="persist.save" subsystem="persist" outcome="ok" path=/Users/oliver/.config/herdr/session.json workspaces=2
2026-07-22T08:32:15.422647Z  INFO herdr::logging: tab focused event="tab.focus" subsystem="tab" outcome="ok" workspace_id="w6" tab_id="w6:t1"
2026-07-22T08:32:20.428954Z  INFO herdr::logging: session saved event="persist.save" subsystem="persist" outcome="ok" path=/Users/oliver/.config/herdr/session.json workspaces=2
2026-07-22T08:32:31.698949Z  INFO herdr::logging: tab focused event="tab.focus" subsystem="tab" outcome="ok" workspace_id="w6" tab_id="w6:t1"
2026-07-22T08:32:36.704420Z  INFO herdr::logging: session saved event="persist.save" subsystem="persist" outcome="ok" path=/Users/oliver/.config/herdr/session.json workspaces=2
2026-07-22T08:32:38.792121Z  INFO herdr::logging: tab focused event="tab.focus" subsystem="tab" outcome="ok" workspace_id="w6" tab_id="w6:t1"
2026-07-22T08:32:43.799959Z  INFO herdr::logging: session saved event="persist.save" subsystem="persist" outcome="ok" path=/Users/oliver/.config/herdr/session.json workspaces=2
2026-07-22T08:32:46.177652Z  INFO herdr::logging: tab focused event="tab.focus" subsystem="tab" outcome="ok" workspace_id="w6" tab_id="w6:t1"
2026-07-22T08:32:49.437497Z  INFO herdr::logging: tab focused event="tab.focus" subsystem="tab" outcome="ok" workspace_id="w6" tab_id="w6:t1"
2026-07-22T08:32:54.448260Z  INFO herdr::logging: session saved event="persist.save" subsystem="persist" outcome="ok" path=/Users/oliver/.config/herdr/session.json workspaces=2
2026-07-22T08:33:01.380816Z  INFO herdr::logging: tab focused event="tab.focus" subsystem="tab" outcome="ok" workspace_id="w6" tab_id="w6:t1"
2026-07-22T08:33:06.130597Z  INFO herdr::logging: tab focused event="tab.focus" subsystem="tab" outcome="ok" workspace_id="w6" tab_id="w6:t1"
2026-07-22T08:33:11.147143Z  INFO herdr::logging: session saved event="persist.save" subsystem="persist" outcome="ok" path=/Users/oliver/.config/herdr/session.json workspaces=2
2026-07-22T08:33:21.997136Z  INFO herdr::logging: tab focused event="tab.focus" subsystem="tab" outcome="ok" workspace_id="w6" tab_id="w6:t1"
2026-07-22T08:33:27.000496Z  INFO herdr::logging: session saved event="persist.save" subsystem="persist" outcome="ok" path=/Users/oliver/.config/herdr/session.json workspaces=2
2026-07-22T08:33:38.389371Z  INFO herdr::logging: tab focused event="tab.focus" subsystem="tab" outcome="ok" workspace_id="w6" tab_id="w6:t1"
2026-07-22T08:33:43.400441Z  INFO herdr::logging: session saved event="persist.save" subsystem="persist" outcome="ok" path=/Users/oliver/.config/herdr/session.json workspaces=2
2026-07-22T08:34:36.854884Z  INFO herdr::logging: tab focused event="tab.focus" subsystem="tab" outcome="ok" workspace_id="w6" tab_id="w6:t1"
2026-07-22T08:34:41.861420Z  INFO herdr::logging: session saved event="persist.save" subsystem="persist" outcome="ok" path=/Users/oliver/.config/herdr/session.json workspaces=2
2026-07-22T08:34:43.438180Z  INFO herdr::logging: tab focused event="tab.focus" subsystem="tab" outcome="ok" workspace_id="w6" tab_id="w6:t1"
2026-07-22T08:34:48.445848Z  INFO herdr::logging: session saved event="persist.save" subsystem="persist" outcome="ok" path=/Users/oliver/.config/herdr/session.json workspaces=2
2026-07-22T08:34:58.754889Z  INFO herdr::logging: tab focused event="tab.focus" subsystem="tab" outcome="ok" workspace_id="w6" tab_id="w6:t1"
2026-07-22T08:35:03.764174Z  INFO herdr::logging: session saved event="persist.save" subsystem="persist" outcome="ok" path=/Users/oliver/.config/herdr/session.json workspaces=2
2026-07-22T08:35:57.862879Z  INFO herdr::logging: tab focused event="tab.focus" subsystem="tab" outcome="ok" workspace_id="w6" tab_id="w6:t1"
2026-07-22T08:36:02.869398Z  INFO herdr::logging: session saved event="persist.save" subsystem="persist" outcome="ok" path=/Users/oliver/.config/herdr/session.json workspaces=2
2026-07-22T08:36:20.279442Z  INFO herdr::logging: tab focused event="tab.focus" subsystem="tab" outcome="ok" workspace_id="w6" tab_id="w6:t1"
2026-07-22T08:36:25.284287Z  INFO herdr::logging: session saved event="persist.save" subsystem="persist" outcome="ok" path=/Users/oliver/.config/herdr/session.json workspaces=2
2026-07-22T08:37:33.578250Z  INFO herdr::logging: tab focused event="tab.focus" subsystem="tab" outcome="ok" workspace_id="w6" tab_id="w6:t1"
2026-07-22T08:37:38.586108Z  INFO herdr::logging: session saved event="persist.save" subsystem="persist" outcome="ok" path=/Users/oliver/.config/herdr/session.json workspaces=2
2026-07-22T08:37:47.727075Z  INFO herdr::logging: tab focused event="tab.focus" subsystem="tab" outcome="ok" workspace_id="w6" tab_id="w6:t1"
2026-07-22T08:37:52.739930Z  INFO herdr::logging: session saved event="persist.save" subsystem="persist" outcome="ok" path=/Users/oliver/.config/herdr/session.json workspaces=2
2026-07-22T08:38:41.040824Z  INFO herdr::logging: tab focused event="tab.focus" subsystem="tab" outcome="ok" workspace_id="w6" tab_id="w6:t1"
2026-07-22T08:38:46.046275Z  INFO herdr::logging: session saved event="persist.save" subsystem="persist" outcome="ok" path=/Users/oliver/.config/herdr/session.json workspaces=2
2026-07-22T08:38:47.903266Z  INFO herdr::logging: tab focused event="tab.focus" subsystem="tab" outcome="ok" workspace_id="w6" tab_id="w6:t1"
2026-07-22T08:38:52.910221Z  INFO herdr::logging: session saved event="persist.save" subsystem="persist" outcome="ok" path=/Users/oliver/.config/herdr/session.json workspaces=2
2026-07-22T08:39:41.827350Z  INFO herdr::logging: tab focused event="tab.focus" subsystem="tab" outcome="ok" workspace_id="w6" tab_id="w6:t1"
2026-07-22T08:39:44.271051Z  INFO herdr::logging: tab focused event="tab.focus" subsystem="tab" outcome="ok" workspace_id="w6" tab_id="w6:t1"
2026-07-22T08:39:49.284024Z  INFO herdr::logging: session saved event="persist.save" subsystem="persist" outcome="ok" path=/Users/oliver/.config/herdr/session.json workspaces=2
2026-07-22T08:39:52.182054Z  INFO herdr::logging: tab focused event="tab.focus" subsystem="tab" outcome="ok" workspace_id="w6" tab_id="w6:t1"
2026-07-22T08:39:57.187692Z  INFO herdr::logging: session saved event="persist.save" subsystem="persist" outcome="ok" path=/Users/oliver/.config/herdr/session.json workspaces=2
2026-07-22T08:40:02.977221Z  INFO herdr::logging: tab focused event="tab.focus" subsystem="tab" outcome="ok" workspace_id="w6" tab_id="w6:t1"
2026-07-22T08:40:07.982972Z  INFO herdr::logging: session saved event="persist.save" subsystem="persist" outcome="ok" path=/Users/oliver/.config/herdr/session.json workspaces=2
2026-07-22T08:40:44.710231Z  INFO herdr::logging: tab focused event="tab.focus" subsystem="tab" outcome="ok" workspace_id="w6" tab_id="w6:t1"
2026-07-22T08:40:49.716299Z  INFO herdr::logging: session saved event="persist.save" subsystem="persist" outcome="ok" path=/Users/oliver/.config/herdr/session.json workspaces=2
2026-07-22T08:41:02.804236Z  INFO herdr::logging: tab focused event="tab.focus" subsystem="tab" outcome="ok" workspace_id="w6" tab_id="w6:t2"
2026-07-22T08:41:07.807300Z  INFO herdr::logging: session saved event="persist.save" subsystem="persist" outcome="ok" path=/Users/oliver/.config/herdr/session.json workspaces=2
2026-07-22T08:41:09.747112Z  INFO herdr::logging: tab focused event="tab.focus" subsystem="tab" outcome="ok" workspace_id="w6" tab_id="w6:t1"
2026-07-22T08:41:14.756128Z  INFO herdr::logging: session saved event="persist.save" subsystem="persist" outcome="ok" path=/Users/oliver/.config/herdr/session.json workspaces=2
2026-07-22T08:42:30.031990Z  INFO herdr::logging: tab focused event="tab.focus" subsystem="tab" outcome="ok" workspace_id="w6" tab_id="w6:t1"
2026-07-22T08:42:31.015372Z  INFO herdr::logging: tab focused event="tab.focus" subsystem="tab" outcome="ok" workspace_id="w6" tab_id="w6:t1"
2026-07-22T08:42:33.391659Z  INFO herdr::logging: tab focused event="tab.focus" subsystem="tab" outcome="ok" workspace_id="w6" tab_id="w6:t1"
2026-07-22T08:42:34.202625Z  INFO herdr::logging: tab focused event="tab.focus" subsystem="tab" outcome="ok" workspace_id="w6" tab_id="w6:t1"
2026-07-22T08:42:39.216215Z  INFO herdr::logging: session saved event="persist.save" subsystem="persist" outcome="ok" path=/Users/oliver/.config/herdr/session.json workspaces=2
2026-07-22T08:42:43.865658Z  INFO herdr::logging: tab focused event="tab.focus" subsystem="tab" outcome="ok" workspace_id="w6" tab_id="w6:t1"
2026-07-22T08:42:48.871547Z  INFO herdr::logging: session saved event="persist.save" subsystem="persist" outcome="ok" path=/Users/oliver/.config/herdr/session.json workspaces=2
2026-07-22T08:43:53.260907Z  INFO herdr::logging: tab focused event="tab.focus" subsystem="tab" outcome="ok" workspace_id="w6" tab_id="w6:t1"
2026-07-22T08:43:57.295229Z  INFO herdr::logging: tab focused event="tab.focus" subsystem="tab" outcome="ok" workspace_id="w6" tab_id="w6:t1"
2026-07-22T08:43:58.961558Z  INFO herdr::logging: tab focused event="tab.focus" subsystem="tab" outcome="ok" workspace_id="w6" tab_id="w6:t1"
2026-07-22T08:44:00.194273Z  INFO herdr::logging: tab focused event="tab.focus" subsystem="tab" outcome="ok" workspace_id="w6" tab_id="w6:t1"
2026-07-22T08:44:05.201638Z  INFO herdr::logging: session saved event="persist.save" subsystem="persist" outcome="ok" path=/Users/oliver/.config/herdr/session.json workspaces=2
2026-07-22T08:44:31.736024Z  INFO herdr::logging: tab focused event="tab.focus" subsystem="tab" outcome="ok" workspace_id="w6" tab_id="w6:t1"
2026-07-22T08:44:36.743572Z  INFO herdr::logging: session saved event="persist.save" subsystem="persist" outcome="ok" path=/Users/oliver/.config/herdr/session.json workspaces=2
2026-07-22T08:44:47.088875Z  INFO herdr::logging: tab focused event="tab.focus" subsystem="tab" outcome="ok" workspace_id="w6" tab_id="w6:t2"
2026-07-22T08:44:52.097462Z  INFO herdr::logging: session saved event="persist.save" subsystem="persist" outcome="ok" path=/Users/oliver/.config/herdr/session.json workspaces=2
2026-07-22T08:45:06.893194Z  INFO herdr::logging: tab focused event="tab.focus" subsystem="tab" outcome="ok" workspace_id="w6" tab_id="w6:t1"
2026-07-22T08:45:11.898313Z  INFO herdr::logging: session saved event="persist.save" subsystem="persist" outcome="ok" path=/Users/oliver/.config/herdr/session.json workspaces=2
2026-07-22T08:48:20.266549Z  INFO herdr::logging: tab focused event="tab.focus" subsystem="tab" outcome="ok" workspace_id="w6" tab_id="w6:t1"
2026-07-22T08:48:23.643326Z  INFO herdr::logging: tab focused event="tab.focus" subsystem="tab" outcome="ok" workspace_id="w6" tab_id="w6:t1"
2026-07-22T08:48:28.650964Z  INFO herdr::logging: session saved event="persist.save" subsystem="persist" outcome="ok" path=/Users/oliver/.config/herdr/session.json workspaces=2
2026-07-22T08:48:36.765665Z  INFO herdr::logging: tab focused event="tab.focus" subsystem="tab" outcome="ok" workspace_id="w6" tab_id="w6:t1"
2026-07-22T08:48:41.770382Z  INFO herdr::logging: session saved event="persist.save" subsystem="persist" outcome="ok" path=/Users/oliver/.config/herdr/session.json workspaces=2
2026-07-22T08:49:24.421083Z  INFO herdr::logging: tab focused event="tab.focus" subsystem="tab" outcome="ok" workspace_id="w6" tab_id="w6:t1"
2026-07-22T08:49:26.775892Z  INFO herdr::logging: tab focused event="tab.focus" subsystem="tab" outcome="ok" workspace_id="w6" tab_id="w6:t1"
2026-07-22T08:49:31.783330Z  INFO herdr::logging: session saved event="persist.save" subsystem="persist" outcome="ok" path=/Users/oliver/.config/herdr/session.json workspaces=2
2026-07-22T08:56:14.562312Z  INFO herdr::logging: tab focused event="tab.focus" subsystem="tab" outcome="ok" workspace_id="w6" tab_id="w6:t1"
2026-07-22T08:56:19.574180Z  INFO herdr::logging: session saved event="persist.save" subsystem="persist" outcome="ok" path=/Users/oliver/.config/herdr/session.json workspaces=2
2026-07-22T08:56:30.536942Z  INFO herdr::logging: tab focused event="tab.focus" subsystem="tab" outcome="ok" workspace_id="w6" tab_id="w6:t1"
2026-07-22T08:56:35.544789Z  INFO herdr::logging: session saved event="persist.save" subsystem="persist" outcome="ok" path=/Users/oliver/.config/herdr/session.json workspaces=2
2026-07-22T08:59:16.068578Z  INFO herdr::logging: tab focused event="tab.focus" subsystem="tab" outcome="ok" workspace_id="w6" tab_id="w6:t1"
2026-07-22T08:59:21.077737Z  INFO herdr::logging: session saved event="persist.save" subsystem="persist" outcome="ok" path=/Users/oliver/.config/herdr/session.json workspaces=2
2026-07-22T08:59:32.105802Z  INFO herdr::logging: session saved event="persist.save" subsystem="persist" outcome="ok" path=/Users/oliver/.config/herdr/session.json workspaces=2
2026-07-22T09:05:50.905339Z  INFO herdr::logging: tab focused event="tab.focus" subsystem="tab" outcome="ok" workspace_id="w6" tab_id="w6:t1"
2026-07-22T09:05:50.905701Z  INFO herdr::logging: tab focused event="tab.focus" subsystem="tab" outcome="ok" workspace_id="w6" tab_id="w6:t1"
2026-07-22T09:05:55.909302Z  INFO herdr::logging: session saved event="persist.save" subsystem="persist" outcome="ok" path=/Users/oliver/.config/herdr/session.json workspaces=2
2026-07-22T09:06:00.841372Z  INFO herdr::logging: tab focused event="tab.focus" subsystem="tab" outcome="ok" workspace_id="w6" tab_id="w6:t1"
2026-07-22T09:06:05.846484Z  INFO herdr::logging: session saved event="persist.save" subsystem="persist" outcome="ok" path=/Users/oliver/.config/herdr/session.json workspaces=2
2026-07-22T09:06:32.146359Z  INFO herdr::logging: tab focused event="tab.focus" subsystem="tab" outcome="ok" workspace_id="w6" tab_id="w6:t1"
2026-07-22T09:06:33.456342Z  INFO herdr::logging: tab focused event="tab.focus" subsystem="tab" outcome="ok" workspace_id="w6" tab_id="w6:t1"
2026-07-22T09:06:36.170952Z  INFO herdr::logging: tab focused event="tab.focus" subsystem="tab" outcome="ok" workspace_id="w6" tab_id="w6:t1"
2026-07-22T09:06:37.094338Z  INFO herdr::logging: tab focused event="tab.focus" subsystem="tab" outcome="ok" workspace_id="w6" tab_id="w6:t1"
2026-07-22T09:06:44.478016Z  INFO herdr::logging: session saved event="persist.save" subsystem="persist" outcome="ok" path=/Users/oliver/.config/herdr/session.json workspaces=2
2026-07-22T09:09:44.569887Z  INFO herdr::logging: tab focused event="tab.focus" subsystem="tab" outcome="ok" workspace_id="w6" tab_id="w6:t2"
2026-07-22T09:09:49.577819Z  INFO herdr::logging: session saved event="persist.save" subsystem="persist" outcome="ok" path=/Users/oliver/.config/herdr/session.json workspaces=2
2026-07-22T09:09:54.404521Z  INFO herdr::logging: tab focused event="tab.focus" subsystem="tab" outcome="ok" workspace_id="w6" tab_id="w6:t1"
2026-07-22T09:09:59.411860Z  INFO herdr::logging: session saved event="persist.save" subsystem="persist" outcome="ok" path=/Users/oliver/.config/herdr/session.json workspaces=2
2026-07-22T09:10:08.324198Z  INFO herdr::logging: tab focused event="tab.focus" subsystem="tab" outcome="ok" workspace_id="w6" tab_id="w6:t2"
2026-07-22T09:10:13.331512Z  INFO herdr::logging: session saved event="persist.save" subsystem="persist" outcome="ok" path=/Users/oliver/.config/herdr/session.json workspaces=2
2026-07-22T09:10:44.725223Z  INFO herdr::logging: tab focused event="tab.focus" subsystem="tab" outcome="ok" workspace_id="w6" tab_id="w6:t1"
2026-07-22T09:10:49.729620Z  INFO herdr::logging: session saved event="persist.save" subsystem="persist" outcome="ok" path=/Users/oliver/.config/herdr/session.json workspaces=2
2026-07-22T09:12:15.891644Z  INFO herdr::logging: tab focused event="tab.focus" subsystem="tab" outcome="ok" workspace_id="w6" tab_id="w6:t1"
2026-07-22T09:12:15.891876Z  INFO herdr::logging: tab focused event="tab.focus" subsystem="tab" outcome="ok" workspace_id="w6" tab_id="w6:t1"
2026-07-22T09:12:20.900012Z  INFO herdr::logging: session saved event="persist.save" subsystem="persist" outcome="ok" path=/Users/oliver/.config/herdr/session.json workspaces=2
2026-07-22T09:12:21.851322Z  INFO herdr::logging: tab focused event="tab.focus" subsystem="tab" outcome="ok" workspace_id="w6" tab_id="w6:t1"
2026-07-22T09:12:21.851478Z  INFO herdr::logging: tab focused event="tab.focus" subsystem="tab" outcome="ok" workspace_id="w6" tab_id="w6:t1"
2026-07-22T09:12:29.149098Z  INFO herdr::logging: session saved event="persist.save" subsystem="persist" outcome="ok" path=/Users/oliver/.config/herdr/session.json workspaces=2
2026-07-22T09:12:32.918655Z  INFO herdr::logging: tab focused event="tab.focus" subsystem="tab" outcome="ok" workspace_id="w6" tab_id="w6:t1"
2026-07-22T09:12:36.641985Z  INFO herdr::logging: tab focused event="tab.focus" subsystem="tab" outcome="ok" workspace_id="w6" tab_id="w6:t1"
2026-07-22T09:12:41.647787Z  INFO herdr::logging: session saved event="persist.save" subsystem="persist" outcome="ok" path=/Users/oliver/.config/herdr/session.json workspaces=2
2026-07-22T09:12:41.694555Z  INFO herdr::logging: tab focused event="tab.focus" subsystem="tab" outcome="ok" workspace_id="w6" tab_id="w6:t1"
2026-07-22T09:12:46.703718Z  INFO herdr::logging: session saved event="persist.save" subsystem="persist" outcome="ok" path=/Users/oliver/.config/herdr/session.json workspaces=2
2026-07-22T09:12:48.716298Z  INFO herdr::server::headless: client resize client_id=14 cols=207 rows=59 cell_width_px=0 cell_height_px=0
2026-07-22T09:12:57.523897Z  INFO herdr::logging: tab focused event="tab.focus" subsystem="tab" outcome="ok" workspace_id="w6" tab_id="w6:t1"
2026-07-22T09:13:02.532258Z  INFO herdr::logging: session saved event="persist.save" subsystem="persist" outcome="ok" path=/Users/oliver/.config/herdr/session.json workspaces=2
2026-07-22T09:13:40.490375Z  INFO herdr::logging: tab focused event="tab.focus" subsystem="tab" outcome="ok" workspace_id="w6" tab_id="w6:t1"
2026-07-22T09:13:45.500908Z  INFO herdr::logging: session saved event="persist.save" subsystem="persist" outcome="ok" path=/Users/oliver/.config/herdr/session.json workspaces=2
2026-07-22T09:13:48.352113Z  INFO herdr::server::headless: client resize client_id=14 cols=211 rows=59 cell_width_px=0 cell_height_px=0
2026-07-22T09:13:53.889801Z  INFO herdr::logging: tab focused event="tab.focus" subsystem="tab" outcome="ok" workspace_id="w6" tab_id="w6:t1"
2026-07-22T09:13:58.900392Z  INFO herdr::logging: session saved event="persist.save" subsystem="persist" outcome="ok" path=/Users/oliver/.config/herdr/session.json workspaces=2
2026-07-22T09:14:33.086112Z  INFO herdr::logging: tab focused event="tab.focus" subsystem="tab" outcome="ok" workspace_id="w6" tab_id="w6:t1"
2026-07-22T09:14:34.341177Z  INFO herdr::logging: tab focused event="tab.focus" subsystem="tab" outcome="ok" workspace_id="w6" tab_id="w6:t1"
2026-07-22T09:14:39.350490Z  INFO herdr::logging: session saved event="persist.save" subsystem="persist" outcome="ok" path=/Users/oliver/.config/herdr/session.json workspaces=2
2026-07-22T09:14:50.688528Z  INFO herdr::logging: tab focused event="tab.focus" subsystem="tab" outcome="ok" workspace_id="w6" tab_id="w6:t1"
2026-07-22T09:14:51.498156Z  INFO herdr::logging: tab focused event="tab.focus" subsystem="tab" outcome="ok" workspace_id="w6" tab_id="w6:t1"
2026-07-22T09:14:56.502572Z  INFO herdr::logging: session saved event="persist.save" subsystem="persist" outcome="ok" path=/Users/oliver/.config/herdr/session.json workspaces=2
2026-07-22T09:15:02.689470Z  INFO herdr::logging: tab focused event="tab.focus" subsystem="tab" outcome="ok" workspace_id="w6" tab_id="w6:t1"
2026-07-22T09:15:07.021862Z  INFO herdr::logging: tab focused event="tab.focus" subsystem="tab" outcome="ok" workspace_id="w6" tab_id="w6:t1"
2026-07-22T09:15:12.034620Z  INFO herdr::logging: session saved event="persist.save" subsystem="persist" outcome="ok" path=/Users/oliver/.config/herdr/session.json workspaces=2
2026-07-22T09:16:27.260903Z  INFO herdr::logging: tab focused event="tab.focus" subsystem="tab" outcome="ok" workspace_id="w6" tab_id="w6:t1"
2026-07-22T09:16:28.019226Z  INFO herdr::logging: tab focused event="tab.focus" subsystem="tab" outcome="ok" workspace_id="w6" tab_id="w6:t1"
2026-07-22T09:16:33.024353Z  INFO herdr::logging: session saved event="persist.save" subsystem="persist" outcome="ok" path=/Users/oliver/.config/herdr/session.json workspaces=2
2026-07-22T09:16:39.742681Z  INFO herdr::logging: tab focused event="tab.focus" subsystem="tab" outcome="ok" workspace_id="w6" tab_id="w6:t1"
2026-07-22T09:16:40.984866Z  INFO herdr::logging: tab focused event="tab.focus" subsystem="tab" outcome="ok" workspace_id="w6" tab_id="w6:t1"
2026-07-22T09:16:45.989850Z  INFO herdr::logging: session saved event="persist.save" subsystem="persist" outcome="ok" path=/Users/oliver/.config/herdr/session.json workspaces=2
2026-07-22T09:18:47.500204Z  INFO herdr::logging: session saved event="persist.save" subsystem="persist" outcome="ok" path=/Users/oliver/.config/herdr/session.json workspaces=2
2026-07-22T09:21:34.704219Z  INFO herdr::logging: tab focused event="tab.focus" subsystem="tab" outcome="ok" workspace_id="w6" tab_id="w6:t2"
2026-07-22T09:21:39.707768Z  INFO herdr::logging: session saved event="persist.save" subsystem="persist" outcome="ok" path=/Users/oliver/.config/herdr/session.json workspaces=2
2026-07-22T09:21:59.599636Z  INFO herdr::app::actions: copied selection to clipboard
2026-07-22T09:22:05.208026Z  INFO herdr::logging: tab focused event="tab.focus" subsystem="tab" outcome="ok" workspace_id="w6" tab_id="w6:t1"
2026-07-22T09:22:10.219965Z  INFO herdr::logging: session saved event="persist.save" subsystem="persist" outcome="ok" path=/Users/oliver/.config/herdr/session.json workspaces=2
2026-07-22T09:23:23.389707Z  INFO herdr::logging: tab focused event="tab.focus" subsystem="tab" outcome="ok" workspace_id="w6" tab_id="w6:t1"
2026-07-22T09:23:23.391286Z  INFO herdr::logging: tab focused event="tab.focus" subsystem="tab" outcome="ok" workspace_id="w6" tab_id="w6:t1"
2026-07-22T09:23:26.170587Z  INFO herdr::logging: tab focused event="tab.focus" subsystem="tab" outcome="ok" workspace_id="w6" tab_id="w6:t1"
2026-07-22T09:23:26.170676Z  INFO herdr::logging: tab focused event="tab.focus" subsystem="tab" outcome="ok" workspace_id="w6" tab_id="w6:t1"
2026-07-22T09:23:31.176591Z  INFO herdr::logging: session saved event="persist.save" subsystem="persist" outcome="ok" path=/Users/oliver/.config/herdr/session.json workspaces=2
2026-07-22T09:29:20.383884Z  INFO herdr::logging: session saved event="persist.save" subsystem="persist" outcome="ok" path=/Users/oliver/.config/herdr/session.json workspaces=2
2026-07-22T09:32:16.491159Z  INFO herdr::logging: tab focused event="tab.focus" subsystem="tab" outcome="ok" workspace_id="w6" tab_id="w6:t1"
2026-07-22T09:32:19.255931Z  INFO herdr::logging: tab focused event="tab.focus" subsystem="tab" outcome="ok" workspace_id="w6" tab_id="w6:t1"
2026-07-22T09:32:25.499273Z  INFO herdr::logging: session saved event="persist.save" subsystem="persist" outcome="ok" path=/Users/oliver/.config/herdr/session.json workspaces=2
2026-07-22T09:33:12.289548Z  INFO herdr::logging: tab focused event="tab.focus" subsystem="tab" outcome="ok" workspace_id="w6" tab_id="w6:t1"
2026-07-22T09:33:12.289681Z  INFO herdr::logging: tab focused event="tab.focus" subsystem="tab" outcome="ok" workspace_id="w6" tab_id="w6:t1"
2026-07-22T09:33:13.640672Z  INFO herdr::logging: tab focused event="tab.focus" subsystem="tab" outcome="ok" workspace_id="w6" tab_id="w6:t1"
2026-07-22T09:33:13.640778Z  INFO herdr::logging: tab focused event="tab.focus" subsystem="tab" outcome="ok" workspace_id="w6" tab_id="w6:t1"
2026-07-22T09:33:18.649841Z  INFO herdr::logging: session saved event="persist.save" subsystem="persist" outcome="ok" path=/Users/oliver/.config/herdr/session.json workspaces=2
2026-07-22T09:33:33.599287Z  INFO herdr::app::actions: copied selection to clipboard
2026-07-22T09:33:35.582390Z  INFO herdr::app::actions: copied selection to clipboard
2026-07-22T09:34:44.150932Z  INFO herdr::logging: tab focused event="tab.focus" subsystem="tab" outcome="ok" workspace_id="w6" tab_id="w6:t2"
2026-07-22T09:34:49.154030Z  INFO herdr::logging: session saved event="persist.save" subsystem="persist" outcome="ok" path=/Users/oliver/.config/herdr/session.json workspaces=2
2026-07-22T09:34:56.893849Z  INFO herdr::logging: tab focused event="tab.focus" subsystem="tab" outcome="ok" workspace_id="w6" tab_id="w6:t1"
2026-07-22T09:35:01.899877Z  INFO herdr::logging: session saved event="persist.save" subsystem="persist" outcome="ok" path=/Users/oliver/.config/herdr/session.json workspaces=2
2026-07-22T09:37:31.374161Z  INFO herdr::logging: tab focused event="tab.focus" subsystem="tab" outcome="ok" workspace_id="w6" tab_id="w6:t2"
2026-07-22T09:37:36.379954Z  INFO herdr::logging: session saved event="persist.save" subsystem="persist" outcome="ok" path=/Users/oliver/.config/herdr/session.json workspaces=2
2026-07-22T09:37:39.869390Z  INFO herdr::logging: tab focused event="tab.focus" subsystem="tab" outcome="ok" workspace_id="w6" tab_id="w6:t1"
2026-07-22T09:37:44.875639Z  INFO herdr::logging: session saved event="persist.save" subsystem="persist" outcome="ok" path=/Users/oliver/.config/herdr/session.json workspaces=2
2026-07-22T09:44:46.715875Z  INFO herdr::logging: tab focused event="tab.focus" subsystem="tab" outcome="ok" workspace_id="w6" tab_id="w6:t1"
2026-07-22T09:44:46.716297Z  INFO herdr::logging: tab focused event="tab.focus" subsystem="tab" outcome="ok" workspace_id="w6" tab_id="w6:t1"
2026-07-22T09:44:51.722040Z  INFO herdr::logging: session saved event="persist.save" subsystem="persist" outcome="ok" path=/Users/oliver/.config/herdr/session.json workspaces=2
2026-07-22T09:45:04.872556Z  INFO herdr::logging: tab focused event="tab.focus" subsystem="tab" outcome="ok" workspace_id="w6" tab_id="w6:t2"
2026-07-22T09:45:09.880554Z  INFO herdr::logging: session saved event="persist.save" subsystem="persist" outcome="ok" path=/Users/oliver/.config/herdr/session.json workspaces=2
2026-07-22T09:45:12.013927Z  INFO herdr::logging: tab focused event="tab.focus" subsystem="tab" outcome="ok" workspace_id="w6" tab_id="w6:t1"
2026-07-22T09:45:17.017359Z  INFO herdr::logging: session saved event="persist.save" subsystem="persist" outcome="ok" path=/Users/oliver/.config/herdr/session.json workspaces=2
2026-07-22T09:45:20.174366Z  INFO herdr::logging: tab focused event="tab.focus" subsystem="tab" outcome="ok" workspace_id="w6" tab_id="w6:t2"
2026-07-22T09:45:25.177117Z  INFO herdr::logging: session saved event="persist.save" subsystem="persist" outcome="ok" path=/Users/oliver/.config/herdr/session.json workspaces=2
2026-07-22T09:45:35.730775Z  INFO herdr::app::actions: copied selection to clipboard
2026-07-22T09:45:37.819385Z  INFO herdr::app::actions: copied selection to clipboard
2026-07-22T09:45:45.493297Z  INFO herdr::app::actions: copied selection to clipboard
2026-07-22T09:45:50.658981Z  INFO herdr::app::actions: copied selection to clipboard
2026-07-22T09:45:51.560807Z  INFO herdr::logging: tab focused event="tab.focus" subsystem="tab" outcome="ok" workspace_id="w6" tab_id="w6:t1"
2026-07-22T09:45:56.571332Z  INFO herdr::logging: session saved event="persist.save" subsystem="persist" outcome="ok" path=/Users/oliver/.config/herdr/session.json workspaces=2
2026-07-22T09:47:47.697309Z  INFO herdr::logging: tab focused event="tab.focus" subsystem="tab" outcome="ok" workspace_id="w6" tab_id="w6:t1"
2026-07-22T09:47:47.698403Z  INFO herdr::logging: tab focused event="tab.focus" subsystem="tab" outcome="ok" workspace_id="w6" tab_id="w6:t1"
2026-07-22T09:47:52.705703Z  INFO herdr::logging: session saved event="persist.save" subsystem="persist" outcome="ok" path=/Users/oliver/.config/herdr/session.json workspaces=2
2026-07-22T11:50:24.688088Z  INFO herdr::app::actions: copied selection to clipboard
2026-07-22T12:26:06.562938Z  INFO herdr::logging: tab focused event="tab.focus" subsystem="tab" outcome="ok" workspace_id="w6" tab_id="w6:t1"
2026-07-22T12:26:11.573945Z  INFO herdr::logging: session saved event="persist.save" subsystem="persist" outcome="ok" path=/Users/oliver/.config/herdr/session.json workspaces=2
2026-07-22T12:35:08.998873Z  INFO herdr::logging: tab focused event="tab.focus" subsystem="tab" outcome="ok" workspace_id="w6" tab_id="w6:t1"
2026-07-22T12:35:14.009242Z  INFO herdr::logging: session saved event="persist.save" subsystem="persist" outcome="ok" path=/Users/oliver/.config/herdr/session.json workspaces=2
2026-07-22T12:35:51.150794Z  INFO herdr::logging: session saved event="persist.save" subsystem="persist" outcome="ok" path=/Users/oliver/.config/herdr/session.json workspaces=2
2026-07-22T12:51:15.992514Z  INFO herdr::logging: session saved event="persist.save" subsystem="persist" outcome="ok" path=/Users/oliver/.config/herdr/session.json workspaces=2
2026-07-22T12:51:59.855457Z  INFO herdr::logging: tab focused event="tab.focus" subsystem="tab" outcome="ok" workspace_id="w6" tab_id="w6:t1"
2026-07-22T12:52:04.861167Z  INFO herdr::logging: session saved event="persist.save" subsystem="persist" outcome="ok" path=/Users/oliver/.config/herdr/session.json workspaces=2
2026-07-22T12:52:14.255591Z  INFO herdr::logging: tab focused event="tab.focus" subsystem="tab" outcome="ok" workspace_id="w6" tab_id="w6:t1"
2026-07-22T12:52:19.263443Z  INFO herdr::logging: session saved event="persist.save" subsystem="persist" outcome="ok" path=/Users/oliver/.config/herdr/session.json workspaces=2
2026-07-22T12:52:59.290431Z  INFO herdr::logging: tab focused event="tab.focus" subsystem="tab" outcome="ok" workspace_id="w6" tab_id="w6:t2"
2026-07-22T12:53:04.294675Z  INFO herdr::logging: session saved event="persist.save" subsystem="persist" outcome="ok" path=/Users/oliver/.config/herdr/session.json workspaces=2
2026-07-22T12:53:05.831019Z  INFO herdr::logging: tab focused event="tab.focus" subsystem="tab" outcome="ok" workspace_id="w6" tab_id="w6:t1"
2026-07-22T12:53:08.486673Z  INFO herdr::logging: tab focused event="tab.focus" subsystem="tab" outcome="ok" workspace_id="w6" tab_id="w6:t2"
2026-07-22T12:53:13.493941Z  INFO herdr::logging: session saved event="persist.save" subsystem="persist" outcome="ok" path=/Users/oliver/.config/herdr/session.json workspaces=2
2026-07-22T12:53:15.522941Z  INFO herdr::app::actions: copied selection to clipboard
2026-07-22T12:53:19.823589Z  INFO herdr::logging: tab focused event="tab.focus" subsystem="tab" outcome="ok" workspace_id="w6" tab_id="w6:t1"
2026-07-22T12:53:24.827762Z  INFO herdr::logging: session saved event="persist.save" subsystem="persist" outcome="ok" path=/Users/oliver/.config/herdr/session.json workspaces=2
2026-07-22T13:08:30.024559Z  INFO herdr::logging: tab focused event="tab.focus" subsystem="tab" outcome="ok" workspace_id="w6" tab_id="w6:t1"
2026-07-22T13:08:35.034483Z  INFO herdr::logging: session saved event="persist.save" subsystem="persist" outcome="ok" path=/Users/oliver/.config/herdr/session.json workspaces=2
2026-07-22T13:08:36.716207Z  INFO herdr::logging: tab focused event="tab.focus" subsystem="tab" outcome="ok" workspace_id="w6" tab_id="w6:t1"
2026-07-22T13:08:41.727859Z  INFO herdr::logging: session saved event="persist.save" subsystem="persist" outcome="ok" path=/Users/oliver/.config/herdr/session.json workspaces=2
2026-07-22T13:11:00.813196Z  INFO herdr::logging: tab focused event="tab.focus" subsystem="tab" outcome="ok" workspace_id="w6" tab_id="w6:t1"
2026-07-22T13:11:05.821668Z  INFO herdr::logging: session saved event="persist.save" subsystem="persist" outcome="ok" path=/Users/oliver/.config/herdr/session.json workspaces=2
2026-07-22T13:11:32.671052Z  INFO herdr::logging: tab focused event="tab.focus" subsystem="tab" outcome="ok" workspace_id="w6" tab_id="w6:t1"
2026-07-22T13:11:37.684880Z  INFO herdr::logging: session saved event="persist.save" subsystem="persist" outcome="ok" path=/Users/oliver/.config/herdr/session.json workspaces=2
2026-07-22T13:14:33.258910Z  INFO herdr::logging: tab focused event="tab.focus" subsystem="tab" outcome="ok" workspace_id="w6" tab_id="w6:t1"
2026-07-22T13:14:36.602633Z  INFO herdr::logging: tab focused event="tab.focus" subsystem="tab" outcome="ok" workspace_id="w6" tab_id="w6:t1"
2026-07-22T13:14:41.612655Z  INFO herdr::logging: session saved event="persist.save" subsystem="persist" outcome="ok" path=/Users/oliver/.config/herdr/session.json workspaces=2
2026-07-22T13:14:45.133800Z  INFO herdr::logging: tab focused event="tab.focus" subsystem="tab" outcome="ok" workspace_id="w6" tab_id="w6:t1"
2026-07-22T13:14:48.883598Z  INFO herdr::logging: tab focused event="tab.focus" subsystem="tab" outcome="ok" workspace_id="w6" tab_id="w6:t1"
2026-07-22T13:14:53.889532Z  INFO herdr::logging: session saved event="persist.save" subsystem="persist" outcome="ok" path=/Users/oliver/.config/herdr/session.json workspaces=2
2026-07-22T13:14:58.472640Z  INFO herdr::logging: tab focused event="tab.focus" subsystem="tab" outcome="ok" workspace_id="w6" tab_id="w6:t1"
2026-07-22T13:14:59.963645Z  INFO herdr::logging: tab focused event="tab.focus" subsystem="tab" outcome="ok" workspace_id="w6" tab_id="w6:t1"
2026-07-22T13:15:04.971098Z  INFO herdr::logging: session saved event="persist.save" subsystem="persist" outcome="ok" path=/Users/oliver/.config/herdr/session.json workspaces=2
2026-07-22T13:15:26.087092Z  INFO herdr::logging: tab focused event="tab.focus" subsystem="tab" outcome="ok" workspace_id="w6" tab_id="w6:t1"
2026-07-22T13:15:28.065032Z  INFO herdr::logging: tab focused event="tab.focus" subsystem="tab" outcome="ok" workspace_id="w6" tab_id="w6:t1"
2026-07-22T13:15:33.064078Z  INFO herdr::logging: session saved event="persist.save" subsystem="persist" outcome="ok" path=/Users/oliver/.config/herdr/session.json workspaces=2
2026-07-22T13:16:04.796403Z  INFO herdr::logging: tab focused event="tab.focus" subsystem="tab" outcome="ok" workspace_id="w6" tab_id="w6:t1"
2026-07-22T13:16:09.806331Z  INFO herdr::logging: session saved event="persist.save" subsystem="persist" outcome="ok" path=/Users/oliver/.config/herdr/session.json workspaces=2
2026-07-22T13:16:16.757687Z  INFO herdr::logging: tab focused event="tab.focus" subsystem="tab" outcome="ok" workspace_id="w6" tab_id="w6:t1"
2026-07-22T13:16:20.550372Z  INFO herdr::logging: tab focused event="tab.focus" subsystem="tab" outcome="ok" workspace_id="w6" tab_id="w6:t1"
2026-07-22T13:16:25.562229Z  INFO herdr::logging: session saved event="persist.save" subsystem="persist" outcome="ok" path=/Users/oliver/.config/herdr/session.json workspaces=2
2026-07-22T13:16:28.022492Z  INFO herdr::logging: tab focused event="tab.focus" subsystem="tab" outcome="ok" workspace_id="w6" tab_id="w6:t1"
2026-07-22T13:16:30.604835Z  INFO herdr::logging: tab focused event="tab.focus" subsystem="tab" outcome="ok" workspace_id="w6" tab_id="w6:t1"
2026-07-22T13:16:35.614785Z  INFO herdr::logging: session saved event="persist.save" subsystem="persist" outcome="ok" path=/Users/oliver/.config/herdr/session.json workspaces=2
2026-07-22T13:16:52.633440Z  INFO herdr::logging: tab focused event="tab.focus" subsystem="tab" outcome="ok" workspace_id="w6" tab_id="w6:t1"
2026-07-22T13:16:54.258153Z  INFO herdr::logging: tab focused event="tab.focus" subsystem="tab" outcome="ok" workspace_id="w6" tab_id="w6:t1"
2026-07-22T13:16:59.263505Z  INFO herdr::logging: session saved event="persist.save" subsystem="persist" outcome="ok" path=/Users/oliver/.config/herdr/session.json workspaces=2
2026-07-22T13:32:17.725365Z  INFO herdr::logging: tab focused event="tab.focus" subsystem="tab" outcome="ok" workspace_id="w6" tab_id="w6:t1"
2026-07-22T13:32:22.736023Z  INFO herdr::logging: session saved event="persist.save" subsystem="persist" outcome="ok" path=/Users/oliver/.config/herdr/session.json workspaces=2
2026-07-22T13:33:32.679191Z  INFO herdr::logging: tab focused event="tab.focus" subsystem="tab" outcome="ok" workspace_id="w6" tab_id="w6:t1"
2026-07-22T13:33:37.688805Z  INFO herdr::logging: session saved event="persist.save" subsystem="persist" outcome="ok" path=/Users/oliver/.config/herdr/session.json workspaces=2
2026-07-22T13:33:49.770727Z  INFO herdr::logging: tab focused event="tab.focus" subsystem="tab" outcome="ok" workspace_id="w6" tab_id="w6:t1"
2026-07-22T13:33:54.775760Z  INFO herdr::logging: session saved event="persist.save" subsystem="persist" outcome="ok" path=/Users/oliver/.config/herdr/session.json workspaces=2
2026-07-22T13:33:56.741216Z  INFO herdr::logging: tab focused event="tab.focus" subsystem="tab" outcome="ok" workspace_id="w6" tab_id="w6:t1"
2026-07-22T13:34:01.747003Z  INFO herdr::logging: session saved event="persist.save" subsystem="persist" outcome="ok" path=/Users/oliver/.config/herdr/session.json workspaces=2
2026-07-22T13:34:08.359608Z  INFO herdr::logging: tab focused event="tab.focus" subsystem="tab" outcome="ok" workspace_id="w6" tab_id="w6:t1"
2026-07-22T13:34:13.375008Z  INFO herdr::logging: session saved event="persist.save" subsystem="persist" outcome="ok" path=/Users/oliver/.config/herdr/session.json workspaces=2
2026-07-22T13:34:44.371983Z  INFO herdr::logging: tab focused event="tab.focus" subsystem="tab" outcome="ok" workspace_id="w6" tab_id="w6:t1"
2026-07-22T13:34:47.781776Z  INFO herdr::logging: tab focused event="tab.focus" subsystem="tab" outcome="ok" workspace_id="w6" tab_id="w6:t1"
2026-07-22T13:34:52.793040Z  INFO herdr::logging: session saved event="persist.save" subsystem="persist" outcome="ok" path=/Users/oliver/.config/herdr/session.json workspaces=2
2026-07-22T13:34:54.030677Z  INFO herdr::logging: tab focused event="tab.focus" subsystem="tab" outcome="ok" workspace_id="w6" tab_id="w6:t1"
2026-07-22T13:34:59.040910Z  INFO herdr::logging: session saved event="persist.save" subsystem="persist" outcome="ok" path=/Users/oliver/.config/herdr/session.json workspaces=2
2026-07-22T13:36:15.037889Z  INFO herdr::logging: tab focused event="tab.focus" subsystem="tab" outcome="ok" workspace_id="w6" tab_id="w6:t1"
2026-07-22T13:36:20.054909Z  INFO herdr::logging: session saved event="persist.save" subsystem="persist" outcome="ok" path=/Users/oliver/.config/herdr/session.json workspaces=2
2026-07-22T13:37:28.525880Z  INFO herdr::logging: tab focused event="tab.focus" subsystem="tab" outcome="ok" workspace_id="w6" tab_id="w6:t1"
2026-07-22T13:37:33.535404Z  INFO herdr::logging: session saved event="persist.save" subsystem="persist" outcome="ok" path=/Users/oliver/.config/herdr/session.json workspaces=2
2026-07-22T13:37:42.151003Z  INFO herdr::logging: tab focused event="tab.focus" subsystem="tab" outcome="ok" workspace_id="w6" tab_id="w6:t1"
2026-07-22T13:37:47.156845Z  INFO herdr::logging: session saved event="persist.save" subsystem="persist" outcome="ok" path=/Users/oliver/.config/herdr/session.json workspaces=2
2026-07-25T02:52:35.787742Z  INFO herdr::logging: tab focused event="tab.focus" subsystem="tab" outcome="ok" workspace_id="w6" tab_id="w6:t1"
2026-07-25T02:52:36.713041Z  INFO herdr::logging: tab focused event="tab.focus" subsystem="tab" outcome="ok" workspace_id="w6" tab_id="w6:t1"
2026-07-25T02:52:41.724349Z  INFO herdr::logging: session saved event="persist.save" subsystem="persist" outcome="ok" path=/Users/oliver/.config/herdr/session.json workspaces=2
2026-07-25T02:53:31.576154Z  INFO herdr::logging: session saved event="persist.save" subsystem="persist" outcome="ok" path=/Users/oliver/.config/herdr/session.json workspaces=2
2026-07-25T03:36:13.265297Z  INFO herdr::logging: tab focused event="tab.focus" subsystem="tab" outcome="ok" workspace_id="w6" tab_id="w6:t1"
2026-07-25T03:36:13.265991Z  INFO herdr::logging: tab focused event="tab.focus" subsystem="tab" outcome="ok" workspace_id="w6" tab_id="w6:t1"
2026-07-25T03:36:18.276196Z  INFO herdr::logging: session saved event="persist.save" subsystem="persist" outcome="ok" path=/Users/oliver/.config/herdr/session.json workspaces=2
2026-07-25T03:36:19.479603Z  INFO herdr::logging: tab focused event="tab.focus" subsystem="tab" outcome="ok" workspace_id="w6" tab_id="w6:t1"
2026-07-25T03:36:19.479696Z  INFO herdr::logging: tab focused event="tab.focus" subsystem="tab" outcome="ok" workspace_id="w6" tab_id="w6:t1"
2026-07-25T03:36:24.485146Z  INFO herdr::logging: session saved event="persist.save" subsystem="persist" outcome="ok" path=/Users/oliver/.config/herdr/session.json workspaces=2
2026-07-25T03:36:46.816959Z  INFO herdr::logging: tab focused event="tab.focus" subsystem="tab" outcome="ok" workspace_id="w6" tab_id="w6:t2"
2026-07-25T03:36:51.821973Z  INFO herdr::logging: session saved event="persist.save" subsystem="persist" outcome="ok" path=/Users/oliver/.config/herdr/session.json workspaces=2
2026-07-25T03:37:04.008567Z  INFO herdr::logging: tab focused event="tab.focus" subsystem="tab" outcome="ok" workspace_id="w6" tab_id="w6:t1"
2026-07-25T03:37:06.262983Z  INFO herdr::logging: tab focused event="tab.focus" subsystem="tab" outcome="ok" workspace_id="w6" tab_id="w6:t2"
2026-07-25T03:37:08.599332Z  INFO herdr::logging: tab focused event="tab.focus" subsystem="tab" outcome="ok" workspace_id="w6" tab_id="w6:t1"
2026-07-25T03:37:13.611223Z  INFO herdr::logging: session saved event="persist.save" subsystem="persist" outcome="ok" path=/Users/oliver/.config/herdr/session.json workspaces=2
2026-07-25T03:37:14.736389Z  INFO herdr::logging: tab focused event="tab.focus" subsystem="tab" outcome="ok" workspace_id="w6" tab_id="w6:t2"
2026-07-25T03:37:19.740596Z  INFO herdr::logging: session saved event="persist.save" subsystem="persist" outcome="ok" path=/Users/oliver/.config/herdr/session.json workspaces=2
2026-07-25T03:37:32.007856Z  INFO herdr::app::actions: copied selection to clipboard
2026-07-25T03:37:33.083445Z  INFO herdr::logging: tab focused event="tab.focus" subsystem="tab" outcome="ok" workspace_id="w6" tab_id="w6:t1"
2026-07-25T03:37:38.087218Z  INFO herdr::logging: session saved event="persist.save" subsystem="persist" outcome="ok" path=/Users/oliver/.config/herdr/session.json workspaces=2
2026-07-25T03:37:53.315277Z  INFO herdr::logging: tab focused event="tab.focus" subsystem="tab" outcome="ok" workspace_id="w6" tab_id="w6:t2"
2026-07-25T03:37:54.051431Z  INFO herdr::logging: tab focused event="tab.focus" subsystem="tab" outcome="ok" workspace_id="w6" tab_id="w6:t1"
2026-07-25T03:37:59.054434Z  INFO herdr::logging: session saved event="persist.save" subsystem="persist" outcome="ok" path=/Users/oliver/.config/herdr/session.json workspaces=2
2026-07-25T03:38:07.026430Z  INFO herdr::logging: tab focused event="tab.focus" subsystem="tab" outcome="ok" workspace_id="w6" tab_id="w6:t2"
2026-07-25T03:38:09.470011Z  INFO herdr::logging: tab focused event="tab.focus" subsystem="tab" outcome="ok" workspace_id="w6" tab_id="w6:t1"
2026-07-25T03:38:14.479565Z  INFO herdr::logging: session saved event="persist.save" subsystem="persist" outcome="ok" path=/Users/oliver/.config/herdr/session.json workspaces=2
2026-07-25T03:39:35.647514Z  INFO herdr::logging: tab focused event="tab.focus" subsystem="tab" outcome="ok" workspace_id="w6" tab_id="w6:t1"
2026-07-25T03:39:35.648736Z  INFO herdr::logging: tab focused event="tab.focus" subsystem="tab" outcome="ok" workspace_id="w6" tab_id="w6:t1"
2026-07-25T03:39:38.330923Z  INFO herdr::logging: workspace focused event="workspace.focus" subsystem="workspace" outcome="ok" workspace_id="w7"
2026-07-25T03:39:38.331067Z  INFO herdr::logging: tab focused event="tab.focus" subsystem="tab" outcome="ok" workspace_id="w7" tab_id="w7:t1"
2026-07-25T03:39:43.333626Z  INFO herdr::logging: session saved event="persist.save" subsystem="persist" outcome="ok" path=/Users/oliver/.config/herdr/session.json workspaces=2
2026-07-25T03:42:10.244717Z  INFO herdr::logging: workspace focused event="workspace.focus" subsystem="workspace" outcome="ok" workspace_id="w6"
2026-07-25T03:42:10.244909Z  INFO herdr::logging: tab focused event="tab.focus" subsystem="tab" outcome="ok" workspace_id="w6" tab_id="w6:t1"
2026-07-25T03:42:15.251611Z  INFO herdr::logging: session saved event="persist.save" subsystem="persist" outcome="ok" path=/Users/oliver/.config/herdr/session.json workspaces=2
2026-07-25T03:42:16.701624Z  INFO herdr::logging: tab focused event="tab.focus" subsystem="tab" outcome="ok" workspace_id="w6" tab_id="w6:t1"
2026-07-25T03:42:16.701703Z  INFO herdr::logging: tab focused event="tab.focus" subsystem="tab" outcome="ok" workspace_id="w6" tab_id="w6:t1"
2026-07-25T03:42:21.707492Z  INFO herdr::logging: session saved event="persist.save" subsystem="persist" outcome="ok" path=/Users/oliver/.config/herdr/session.json workspaces=2
2026-07-25T03:42:28.939867Z  INFO herdr::logging: tab focused event="tab.focus" subsystem="tab" outcome="ok" workspace_id="w6" tab_id="w6:t2"
2026-07-25T03:42:29.720399Z  INFO herdr::logging: tab focused event="tab.focus" subsystem="tab" outcome="ok" workspace_id="w6" tab_id="w6:t1"
2026-07-25T03:42:34.729902Z  INFO herdr::logging: session saved event="persist.save" subsystem="persist" outcome="ok" path=/Users/oliver/.config/herdr/session.json workspaces=2
2026-07-25T03:43:10.904033Z  INFO herdr::logging: tab focused event="tab.focus" subsystem="tab" outcome="ok" workspace_id="w6" tab_id="w6:t1"
2026-07-25T03:43:10.904117Z  INFO herdr::logging: tab focused event="tab.focus" subsystem="tab" outcome="ok" workspace_id="w6" tab_id="w6:t1"
2026-07-25T03:43:15.915005Z  INFO herdr::logging: session saved event="persist.save" subsystem="persist" outcome="ok" path=/Users/oliver/.config/herdr/session.json workspaces=2
2026-07-25T03:45:52.239711Z  INFO herdr::logging: tab focused event="tab.focus" subsystem="tab" outcome="ok" workspace_id="w6" tab_id="w6:t1"
2026-07-25T03:45:52.242052Z  INFO herdr::logging: tab focused event="tab.focus" subsystem="tab" outcome="ok" workspace_id="w6" tab_id="w6:t1"
2026-07-25T03:45:57.249133Z  INFO herdr::logging: session saved event="persist.save" subsystem="persist" outcome="ok" path=/Users/oliver/.config/herdr/session.json workspaces=2
2026-07-25T03:46:04.644964Z  INFO herdr::logging: tab focused event="tab.focus" subsystem="tab" outcome="ok" workspace_id="w6" tab_id="w6:t1"
2026-07-25T03:46:04.646028Z  INFO herdr::logging: tab focused event="tab.focus" subsystem="tab" outcome="ok" workspace_id="w6" tab_id="w6:t1"
2026-07-25T03:46:09.653536Z  INFO herdr::logging: session saved event="persist.save" subsystem="persist" outcome="ok" path=/Users/oliver/.config/herdr/session.json workspaces=2
2026-07-25T03:46:27.986965Z  INFO herdr::logging: tab focused event="tab.focus" subsystem="tab" outcome="ok" workspace_id="w6" tab_id="w6:t2"
2026-07-25T03:46:29.354745Z  INFO herdr::logging: tab focused event="tab.focus" subsystem="tab" outcome="ok" workspace_id="w6" tab_id="w6:t1"
2026-07-25T03:46:30.394199Z  INFO herdr::logging: tab focused event="tab.focus" subsystem="tab" outcome="ok" workspace_id="w6" tab_id="w6:t2"
2026-07-25T03:46:35.397857Z  INFO herdr::logging: session saved event="persist.save" subsystem="persist" outcome="ok" path=/Users/oliver/.config/herdr/session.json workspaces=2
2026-07-25T03:46:42.366735Z  INFO herdr::logging: tab focused event="tab.focus" subsystem="tab" outcome="ok" workspace_id="w6" tab_id="w6:t1"
2026-07-25T03:46:47.373872Z  INFO herdr::logging: session saved event="persist.save" subsystem="persist" outcome="ok" path=/Users/oliver/.config/herdr/session.json workspaces=2
2026-07-25T03:49:49.417531Z  INFO herdr::logging: tab focused event="tab.focus" subsystem="tab" outcome="ok" workspace_id="w6" tab_id="w6:t2"
2026-07-25T03:49:54.425896Z  INFO herdr::logging: session saved event="persist.save" subsystem="persist" outcome="ok" path=/Users/oliver/.config/herdr/session.json workspaces=2
2026-07-25T03:50:03.742381Z  INFO herdr::app::actions: copied selection to clipboard
2026-07-25T03:50:05.256552Z  INFO herdr::logging: tab focused event="tab.focus" subsystem="tab" outcome="ok" workspace_id="w6" tab_id="w6:t1"
2026-07-25T03:50:10.263660Z  INFO herdr::logging: session saved event="persist.save" subsystem="persist" outcome="ok" path=/Users/oliver/.config/herdr/session.json workspaces=2
2026-07-25T03:50:44.785427Z  INFO herdr::server::headless: client resize client_id=14 cols=207 rows=59 cell_width_px=0 cell_height_px=0
2026-07-25T03:50:46.651004Z  INFO herdr::server::headless: client resize client_id=14 cols=105 rows=59 cell_width_px=0 cell_height_px=0
2026-07-25T03:59:35.684804Z  INFO herdr::server::headless: client resize client_id=14 cols=211 rows=59 cell_width_px=0 cell_height_px=0
2026-07-25T03:59:38.179924Z  INFO herdr::server::headless: client resize client_id=14 cols=105 rows=59 cell_width_px=0 cell_height_px=0
2026-07-25T04:02:45.982353Z  INFO herdr::server::headless: client resize client_id=14 cols=207 rows=59 cell_width_px=0 cell_height_px=0
2026-07-25T04:03:07.467065Z  INFO herdr::app::actions: copied selection to clipboard
2026-07-25T04:06:55.787267Z  INFO herdr::logging: tab focused event="tab.focus" subsystem="tab" outcome="ok" workspace_id="w6" tab_id="w6:t1"
2026-07-25T04:07:00.790673Z  INFO herdr::logging: session saved event="persist.save" subsystem="persist" outcome="ok" path=/Users/oliver/.config/herdr/session.json workspaces=2
2026-07-25T04:07:01.709263Z  INFO herdr::logging: tab focused event="tab.focus" subsystem="tab" outcome="ok" workspace_id="w6" tab_id="w6:t1"
2026-07-25T04:07:03.399366Z  INFO herdr::app::actions: copied selection to clipboard
2026-07-25T04:07:06.717033Z  INFO herdr::logging: session saved event="persist.save" subsystem="persist" outcome="ok" path=/Users/oliver/.config/herdr/session.json workspaces=2
2026-07-25T04:07:46.758581Z  INFO herdr::logging: tab focused event="tab.focus" subsystem="tab" outcome="ok" workspace_id="w6" tab_id="w6:t1"
2026-07-25T04:07:51.763766Z  INFO herdr::logging: session saved event="persist.save" subsystem="persist" outcome="ok" path=/Users/oliver/.config/herdr/session.json workspaces=2
2026-07-25T04:08:31.651293Z  INFO herdr::logging: tab focused event="tab.focus" subsystem="tab" outcome="ok" workspace_id="w6" tab_id="w6:t1"
2026-07-25T04:08:32.101369Z  INFO herdr::logging: tab focused event="tab.focus" subsystem="tab" outcome="ok" workspace_id="w6" tab_id="w6:t1"
2026-07-25T04:08:32.651380Z  INFO herdr::logging: tab focused event="tab.focus" subsystem="tab" outcome="ok" workspace_id="w6" tab_id="w6:t1"
2026-07-25T04:08:37.657579Z  INFO herdr::logging: session saved event="persist.save" subsystem="persist" outcome="ok" path=/Users/oliver/.config/herdr/session.json workspaces=2
2026-07-25T04:10:02.303034Z  INFO herdr::logging: session saved event="persist.save" subsystem="persist" outcome="ok" path=/Users/oliver/.config/herdr/session.json workspaces=2
2026-07-25T04:10:14.067747Z  INFO herdr::server::headless: client resize client_id=14 cols=207 rows=57 cell_width_px=0 cell_height_px=0
2026-07-25T04:10:15.714233Z  INFO herdr::server::headless: client resize client_id=14 cols=207 rows=59 cell_width_px=0 cell_height_px=0
2026-07-25T04:10:46.112848Z  INFO herdr::logging: workspace focused event="workspace.focus" subsystem="workspace" outcome="ok" workspace_id="w7"
2026-07-25T04:10:46.114307Z  INFO herdr::logging: tab focused event="tab.focus" subsystem="tab" outcome="ok" workspace_id="w7" tab_id="w7:t1"
2026-07-25T04:10:51.119037Z  INFO herdr::logging: session saved event="persist.save" subsystem="persist" outcome="ok" path=/Users/oliver/.config/herdr/session.json workspaces=2
2026-07-25T04:11:23.119575Z  INFO herdr::logging: workspace focused event="workspace.focus" subsystem="workspace" outcome="ok" workspace_id="w6"
2026-07-25T04:11:23.119745Z  INFO herdr::logging: tab focused event="tab.focus" subsystem="tab" outcome="ok" workspace_id="w6" tab_id="w6:t1"
2026-07-25T04:11:28.126286Z  INFO herdr::logging: session saved event="persist.save" subsystem="persist" outcome="ok" path=/Users/oliver/.config/herdr/session.json workspaces=2
2026-07-25T04:12:41.819393Z  INFO herdr::logging: workspace focused event="workspace.focus" subsystem="workspace" outcome="ok" workspace_id="w7"
2026-07-25T04:12:41.819501Z  INFO herdr::logging: tab focused event="tab.focus" subsystem="tab" outcome="ok" workspace_id="w7" tab_id="w7:t1"
2026-07-25T04:12:46.824897Z  INFO herdr::logging: session saved event="persist.save" subsystem="persist" outcome="ok" path=/Users/oliver/.config/herdr/session.json workspaces=2
2026-07-25T04:13:44.730626Z  INFO herdr::logging: workspace focused event="workspace.focus" subsystem="workspace" outcome="ok" workspace_id="w6"
2026-07-25T04:13:44.731997Z  INFO herdr::logging: tab focused event="tab.focus" subsystem="tab" outcome="ok" workspace_id="w6" tab_id="w6:t1"
2026-07-25T04:13:49.738665Z  INFO herdr::logging: session saved event="persist.save" subsystem="persist" outcome="ok" path=/Users/oliver/.config/herdr/session.json workspaces=2
2026-07-25T06:48:47.729362Z  INFO herdr::logging: workspace focused event="workspace.focus" subsystem="workspace" outcome="ok" workspace_id="w7"
2026-07-25T06:48:47.730970Z  INFO herdr::logging: tab focused event="tab.focus" subsystem="tab" outcome="ok" workspace_id="w7" tab_id="w7:t1"
2026-07-25T06:48:52.736497Z  INFO herdr::logging: session saved event="persist.save" subsystem="persist" outcome="ok" path=/Users/oliver/.config/herdr/session.json workspaces=2
2026-07-25T06:49:33.347106Z  INFO herdr::logging: workspace focused event="workspace.focus" subsystem="workspace" outcome="ok" workspace_id="w6"
2026-07-25T06:49:33.348745Z  INFO herdr::logging: tab focused event="tab.focus" subsystem="tab" outcome="ok" workspace_id="w6" tab_id="w6:t1"
2026-07-25T06:49:38.354161Z  INFO herdr::logging: session saved event="persist.save" subsystem="persist" outcome="ok" path=/Users/oliver/.config/herdr/session.json workspaces=2
2026-07-25T06:50:08.155506Z  INFO herdr::logging: tab focused event="tab.focus" subsystem="tab" outcome="ok" workspace_id="w6" tab_id="w6:t2"
2026-07-25T06:50:13.164337Z  INFO herdr::logging: session saved event="persist.save" subsystem="persist" outcome="ok" path=/Users/oliver/.config/herdr/session.json workspaces=2
2026-07-25T06:50:49.959859Z  INFO herdr::logging: tab focused event="tab.focus" subsystem="tab" outcome="ok" workspace_id="w6" tab_id="w6:t1"
2026-07-25T06:50:54.966851Z  INFO herdr::logging: session saved event="persist.save" subsystem="persist" outcome="ok" path=/Users/oliver/.config/herdr/session.json workspaces=2
2026-07-25T06:50:57.455722Z  INFO herdr::logging: tab focused event="tab.focus" subsystem="tab" outcome="ok" workspace_id="w6" tab_id="w6:t2"
2026-07-25T06:50:58.733581Z  INFO herdr::logging: tab focused event="tab.focus" subsystem="tab" outcome="ok" workspace_id="w6" tab_id="w6:t1"
2026-07-25T06:50:59.480560Z  INFO herdr::logging: tab focused event="tab.focus" subsystem="tab" outcome="ok" workspace_id="w6" tab_id="w6:t2"
2026-07-25T06:51:00.655514Z  INFO herdr::logging: tab focused event="tab.focus" subsystem="tab" outcome="ok" workspace_id="w6" tab_id="w6:t1"
2026-07-25T06:51:05.661316Z  INFO herdr::logging: session saved event="persist.save" subsystem="persist" outcome="ok" path=/Users/oliver/.config/herdr/session.json workspaces=2
2026-07-25T07:13:57.672320Z  INFO herdr::logging: tab focused event="tab.focus" subsystem="tab" outcome="ok" workspace_id="w6" tab_id="w6:t1"
2026-07-25T07:13:59.895025Z  INFO herdr::logging: tab focused event="tab.focus" subsystem="tab" outcome="ok" workspace_id="w6" tab_id="w6:t1"
2026-07-25T07:14:04.903621Z  INFO herdr::logging: session saved event="persist.save" subsystem="persist" outcome="ok" path=/Users/oliver/.config/herdr/session.json workspaces=2
2026-07-25T07:14:07.342277Z  INFO herdr::logging: tab focused event="tab.focus" subsystem="tab" outcome="ok" workspace_id="w6" tab_id="w6:t1"
2026-07-25T07:14:12.350886Z  INFO herdr::logging: session saved event="persist.save" subsystem="persist" outcome="ok" path=/Users/oliver/.config/herdr/session.json workspaces=2
2026-07-25T07:28:16.257716Z  INFO herdr::logging: tab focused event="tab.focus" subsystem="tab" outcome="ok" workspace_id="w6" tab_id="w6:t1"
2026-07-25T07:28:21.265328Z  INFO herdr::logging: session saved event="persist.save" subsystem="persist" outcome="ok" path=/Users/oliver/.config/herdr/session.json workspaces=2
2026-07-25T07:28:21.965141Z  INFO herdr::logging: tab focused event="tab.focus" subsystem="tab" outcome="ok" workspace_id="w6" tab_id="w6:t1"
2026-07-25T07:28:26.974065Z  INFO herdr::logging: session saved event="persist.save" subsystem="persist" outcome="ok" path=/Users/oliver/.config/herdr/session.json workspaces=2
2026-07-25T07:29:01.153965Z  INFO herdr::logging: tab focused event="tab.focus" subsystem="tab" outcome="ok" workspace_id="w6" tab_id="w6:t1"
2026-07-25T07:29:06.163798Z  INFO herdr::logging: session saved event="persist.save" subsystem="persist" outcome="ok" path=/Users/oliver/.config/herdr/session.json workspaces=2
2026-07-25T08:37:26.868242Z  INFO herdr::logging: tab focused event="tab.focus" subsystem="tab" outcome="ok" workspace_id="w6" tab_id="w6:t1"
2026-07-25T08:37:31.875144Z  INFO herdr::logging: session saved event="persist.save" subsystem="persist" outcome="ok" path=/Users/oliver/.config/herdr/session.json workspaces=2
2026-07-25T08:37:44.867664Z  INFO herdr::logging: tab focused event="tab.focus" subsystem="tab" outcome="ok" workspace_id="w6" tab_id="w6:t1"
2026-07-25T08:37:49.874204Z  INFO herdr::logging: session saved event="persist.save" subsystem="persist" outcome="ok" path=/Users/oliver/.config/herdr/session.json workspaces=2
2026-07-25T08:38:00.086707Z  INFO herdr::logging: tab focused event="tab.focus" subsystem="tab" outcome="ok" workspace_id="w6" tab_id="w6:t1"
2026-07-25T08:38:00.583887Z  INFO herdr::logging: tab focused event="tab.focus" subsystem="tab" outcome="ok" workspace_id="w6" tab_id="w6:t1"
2026-07-25T08:38:05.590385Z  INFO herdr::logging: session saved event="persist.save" subsystem="persist" outcome="ok" path=/Users/oliver/.config/herdr/session.json workspaces=2
2026-07-25T08:39:35.853349Z  INFO herdr::server::headless: client detach requested via keybind client_id=14
2026-07-25T08:39:35.860166Z  INFO herdr::server::headless: client disconnected client_id=14
2026-07-25T08:39:38.923821Z  INFO herdr::server::headless: client connected client_id=16 cols=207 rows=59 cell_width_px=0 cell_height_px=0 render_encoding=SemanticFrame
2026-07-25T08:40:09.223120Z  INFO herdr::logging: tab focused event="tab.focus" subsystem="tab" outcome="ok" workspace_id="w6" tab_id="w6:t1"
2026-07-25T08:40:10.014090Z  INFO herdr::logging: tab focused event="tab.focus" subsystem="tab" outcome="ok" workspace_id="w6" tab_id="w6:t1"
2026-07-25T08:40:15.020156Z  INFO herdr::logging: session saved event="persist.save" subsystem="persist" outcome="ok" path=/Users/oliver/.config/herdr/session.json workspaces=2
2026-07-25T08:40:30.938357Z  INFO herdr::logging: tab focused event="tab.focus" subsystem="tab" outcome="ok" workspace_id="w6" tab_id="w6:t1"
2026-07-25T08:40:31.328004Z  INFO herdr::logging: tab focused event="tab.focus" subsystem="tab" outcome="ok" workspace_id="w6" tab_id="w6:t1"
2026-07-25T08:40:31.598681Z  INFO herdr::logging: tab focused event="tab.focus" subsystem="tab" outcome="ok" workspace_id="w6" tab_id="w6:t1"
2026-07-25T08:40:31.721823Z  INFO herdr::logging: tab focused event="tab.focus" subsystem="tab" outcome="ok" workspace_id="w6" tab_id="w6:t1"
2026-07-25T08:40:31.838124Z  INFO herdr::logging: tab focused event="tab.focus" subsystem="tab" outcome="ok" workspace_id="w6" tab_id="w6:t1"
2026-07-25T08:40:31.932209Z  INFO herdr::logging: tab focused event="tab.focus" subsystem="tab" outcome="ok" workspace_id="w6" tab_id="w6:t1"
2026-07-25T08:40:32.040185Z  INFO herdr::logging: tab focused event="tab.focus" subsystem="tab" outcome="ok" workspace_id="w6" tab_id="w6:t1"
2026-07-25T08:40:32.145754Z  INFO herdr::logging: tab focused event="tab.focus" subsystem="tab" outcome="ok" workspace_id="w6" tab_id="w6:t1"
2026-07-25T08:40:32.258196Z  INFO herdr::logging: tab focused event="tab.focus" subsystem="tab" outcome="ok" workspace_id="w6" tab_id="w6:t1"
2026-07-25T08:40:32.380608Z  INFO herdr::logging: tab focused event="tab.focus" subsystem="tab" outcome="ok" workspace_id="w6" tab_id="w6:t1"
2026-07-25T08:40:32.491154Z  INFO herdr::logging: tab focused event="tab.focus" subsystem="tab" outcome="ok" workspace_id="w6" tab_id="w6:t1"
2026-07-25T08:40:32.609681Z  INFO herdr::logging: tab focused event="tab.focus" subsystem="tab" outcome="ok" workspace_id="w6" tab_id="w6:t1"
2026-07-25T08:40:32.726056Z  INFO herdr::logging: tab focused event="tab.focus" subsystem="tab" outcome="ok" workspace_id="w6" tab_id="w6:t1"
2026-07-25T08:40:32.847673Z  INFO herdr::logging: tab focused event="tab.focus" subsystem="tab" outcome="ok" workspace_id="w6" tab_id="w6:t1"
2026-07-25T08:40:32.981485Z  INFO herdr::logging: tab focused event="tab.focus" subsystem="tab" outcome="ok" workspace_id="w6" tab_id="w6:t1"
2026-07-25T08:40:33.141480Z  INFO herdr::logging: tab focused event="tab.focus" subsystem="tab" outcome="ok" workspace_id="w6" tab_id="w6:t1"
2026-07-25T08:40:33.223325Z  INFO herdr::logging: tab focused event="tab.focus" subsystem="tab" outcome="ok" workspace_id="w6" tab_id="w6:t1"
2026-07-25T08:40:33.459903Z  INFO herdr::logging: tab focused event="tab.focus" subsystem="tab" outcome="ok" workspace_id="w6" tab_id="w6:t1"
2026-07-25T08:40:33.645916Z  INFO herdr::logging: tab focused event="tab.focus" subsystem="tab" outcome="ok" workspace_id="w6" tab_id="w6:t1"
2026-07-25T08:40:36.043329Z  INFO herdr::logging: spawning pane terminal event="pane.spawn.start" subsystem="pane" outcome="started" pane_id=16 rows=29 cols=181 scrollback_limit_bytes=10000000
2026-07-25T08:40:36.052165Z  INFO herdr::logging: pane child spawned event="pane.spawned" subsystem="pane" outcome="ok" pane_id=16 pid=43809
2026-07-25T08:40:36.052492Z  INFO herdr::logging: tab focused event="tab.focus" subsystem="tab" outcome="ok" workspace_id="w6" tab_id="w6:t1"
2026-07-25T08:40:36.840283Z  INFO herdr::logging: tab focused event="tab.focus" subsystem="tab" outcome="ok" workspace_id="w6" tab_id="w6:t1"
2026-07-25T08:40:37.189017Z  INFO herdr::logging: tab focused event="tab.focus" subsystem="tab" outcome="ok" workspace_id="w6" tab_id="w6:t1"
2026-07-25T08:40:37.412365Z  INFO herdr::logging: tab focused event="tab.focus" subsystem="tab" outcome="ok" workspace_id="w6" tab_id="w6:t1"
2026-07-25T08:40:37.490056Z  INFO herdr::logging: tab focused event="tab.focus" subsystem="tab" outcome="ok" workspace_id="w6" tab_id="w6:t1"
2026-07-25T08:40:37.629111Z  INFO herdr::logging: tab focused event="tab.focus" subsystem="tab" outcome="ok" workspace_id="w6" tab_id="w6:t1"
2026-07-25T08:40:37.730995Z  INFO herdr::logging: tab focused event="tab.focus" subsystem="tab" outcome="ok" workspace_id="w6" tab_id="w6:t1"
2026-07-25T08:40:37.860345Z  INFO herdr::logging: tab focused event="tab.focus" subsystem="tab" outcome="ok" workspace_id="w6" tab_id="w6:t1"
2026-07-25T08:40:37.978915Z  INFO herdr::logging: tab focused event="tab.focus" subsystem="tab" outcome="ok" workspace_id="w6" tab_id="w6:t1"
2026-07-25T08:40:38.095558Z  INFO herdr::logging: tab focused event="tab.focus" subsystem="tab" outcome="ok" workspace_id="w6" tab_id="w6:t1"
2026-07-25T08:40:38.213838Z  INFO herdr::logging: tab focused event="tab.focus" subsystem="tab" outcome="ok" workspace_id="w6" tab_id="w6:t1"
2026-07-25T08:40:38.642070Z  INFO herdr::logging: tab focused event="tab.focus" subsystem="tab" outcome="ok" workspace_id="w6" tab_id="w6:t1"
2026-07-25T08:40:38.822568Z  INFO herdr::logging: tab focused event="tab.focus" subsystem="tab" outcome="ok" workspace_id="w6" tab_id="w6:t1"
2026-07-25T08:40:39.043463Z  INFO herdr::logging: tab focused event="tab.focus" subsystem="tab" outcome="ok" workspace_id="w6" tab_id="w6:t1"
2026-07-25T08:40:39.374883Z  INFO herdr::logging: tab focused event="tab.focus" subsystem="tab" outcome="ok" workspace_id="w6" tab_id="w6:t1"
2026-07-25T08:40:39.575418Z  INFO herdr::logging: tab focused event="tab.focus" subsystem="tab" outcome="ok" workspace_id="w6" tab_id="w6:t1"
2026-07-25T08:40:39.807704Z  INFO herdr::logging: tab focused event="tab.focus" subsystem="tab" outcome="ok" workspace_id="w6" tab_id="w6:t1"
2026-07-25T08:40:40.039050Z  INFO herdr::logging: tab focused event="tab.focus" subsystem="tab" outcome="ok" workspace_id="w6" tab_id="w6:t1"
2026-07-25T08:40:40.425145Z  INFO herdr::logging: tab focused event="tab.focus" subsystem="tab" outcome="ok" workspace_id="w6" tab_id="w6:t1"
2026-07-25T08:40:40.623846Z  INFO herdr::logging: tab focused event="tab.focus" subsystem="tab" outcome="ok" workspace_id="w6" tab_id="w6:t1"
2026-07-25T08:40:40.854326Z  INFO herdr::logging: tab focused event="tab.focus" subsystem="tab" outcome="ok" workspace_id="w6" tab_id="w6:t1"
2026-07-25T08:40:41.042897Z  INFO herdr::logging: tab focused event="tab.focus" subsystem="tab" outcome="ok" workspace_id="w6" tab_id="w6:t1"
2026-07-25T08:40:41.381172Z  INFO herdr::logging: tab focused event="tab.focus" subsystem="tab" outcome="ok" workspace_id="w6" tab_id="w6:t1"
2026-07-25T08:40:41.592628Z  INFO herdr::logging: tab focused event="tab.focus" subsystem="tab" outcome="ok" workspace_id="w6" tab_id="w6:t1"
2026-07-25T08:40:41.789634Z  INFO herdr::logging: tab focused event="tab.focus" subsystem="tab" outcome="ok" workspace_id="w6" tab_id="w6:t1"
2026-07-25T08:40:41.942299Z  INFO herdr::logging: tab focused event="tab.focus" subsystem="tab" outcome="ok" workspace_id="w6" tab_id="w6:t1"
2026-07-25T08:40:42.281682Z  INFO herdr::logging: tab focused event="tab.focus" subsystem="tab" outcome="ok" workspace_id="w6" tab_id="w6:t1"
2026-07-25T08:40:42.492558Z  INFO herdr::logging: tab focused event="tab.focus" subsystem="tab" outcome="ok" workspace_id="w6" tab_id="w6:t1"
2026-07-25T08:40:42.753873Z  INFO herdr::logging: tab focused event="tab.focus" subsystem="tab" outcome="ok" workspace_id="w6" tab_id="w6:t1"
2026-07-25T08:40:42.931958Z  INFO herdr::logging: tab focused event="tab.focus" subsystem="tab" outcome="ok" workspace_id="w6" tab_id="w6:t1"
2026-07-25T08:40:43.192603Z  INFO herdr::logging: tab focused event="tab.focus" subsystem="tab" outcome="ok" workspace_id="w6" tab_id="w6:t1"
2026-07-25T08:40:43.375473Z  INFO herdr::logging: tab focused event="tab.focus" subsystem="tab" outcome="ok" workspace_id="w6" tab_id="w6:t1"
2026-07-25T08:40:43.588260Z  INFO herdr::logging: tab focused event="tab.focus" subsystem="tab" outcome="ok" workspace_id="w6" tab_id="w6:t1"
2026-07-25T08:40:43.777799Z  INFO herdr::logging: tab focused event="tab.focus" subsystem="tab" outcome="ok" workspace_id="w6" tab_id="w6:t1"
2026-07-25T08:40:44.138413Z  INFO herdr::logging: tab focused event="tab.focus" subsystem="tab" outcome="ok" workspace_id="w6" tab_id="w6:t1"
2026-07-25T08:40:44.423558Z  INFO herdr::logging: tab focused event="tab.focus" subsystem="tab" outcome="ok" workspace_id="w6" tab_id="w6:t1"
2026-07-25T08:40:44.648633Z  INFO herdr::logging: tab focused event="tab.focus" subsystem="tab" outcome="ok" workspace_id="w6" tab_id="w6:t1"
2026-07-25T08:40:44.805688Z  INFO herdr::logging: tab focused event="tab.focus" subsystem="tab" outcome="ok" workspace_id="w6" tab_id="w6:t1"
2026-07-25T08:40:44.996567Z  INFO herdr::logging: tab focused event="tab.focus" subsystem="tab" outcome="ok" workspace_id="w6" tab_id="w6:t1"
2026-07-25T08:40:46.405836Z  INFO herdr::logging: pane child exited event="pane.exit" subsystem="pane" outcome="completed" pane_id=16 status="ExitStatus { code: 0, signal: None }"
2026-07-25T08:40:46.405952Z  INFO herdr::pane: pane session terminated pane=16 pid=43809 signal=Hangup
2026-07-25T08:40:49.148313Z  INFO herdr::logging: tab focused event="tab.focus" subsystem="tab" outcome="ok" workspace_id="w6" tab_id="w6:t1"
2026-07-25T08:40:53.180850Z  INFO herdr::logging: tab focused event="tab.focus" subsystem="tab" outcome="ok" workspace_id="w6" tab_id="w6:t1"
2026-07-25T08:40:53.512542Z  INFO herdr::logging: tab focused event="tab.focus" subsystem="tab" outcome="ok" workspace_id="w6" tab_id="w6:t1"
2026-07-25T08:40:53.730060Z  INFO herdr::logging: tab focused event="tab.focus" subsystem="tab" outcome="ok" workspace_id="w6" tab_id="w6:t1"
2026-07-25T08:40:53.976502Z  INFO herdr::logging: tab focused event="tab.focus" subsystem="tab" outcome="ok" workspace_id="w6" tab_id="w6:t1"
2026-07-25T08:40:54.188529Z  INFO herdr::logging: tab focused event="tab.focus" subsystem="tab" outcome="ok" workspace_id="w6" tab_id="w6:t1"
2026-07-25T08:40:54.427133Z  INFO herdr::logging: tab focused event="tab.focus" subsystem="tab" outcome="ok" workspace_id="w6" tab_id="w6:t1"
2026-07-25T08:40:54.545729Z  INFO herdr::logging: tab focused event="tab.focus" subsystem="tab" outcome="ok" workspace_id="w6" tab_id="w6:t1"
2026-07-25T08:40:54.681125Z  INFO herdr::logging: tab focused event="tab.focus" subsystem="tab" outcome="ok" workspace_id="w6" tab_id="w6:t1"
2026-07-25T08:40:54.787100Z  INFO herdr::logging: tab focused event="tab.focus" subsystem="tab" outcome="ok" workspace_id="w6" tab_id="w6:t1"
2026-07-25T08:40:54.895521Z  INFO herdr::logging: tab focused event="tab.focus" subsystem="tab" outcome="ok" workspace_id="w6" tab_id="w6:t1"
2026-07-25T08:40:55.019992Z  INFO herdr::logging: tab focused event="tab.focus" subsystem="tab" outcome="ok" workspace_id="w6" tab_id="w6:t1"
2026-07-25T08:40:55.146510Z  INFO herdr::logging: tab focused event="tab.focus" subsystem="tab" outcome="ok" workspace_id="w6" tab_id="w6:t1"
2026-07-25T08:40:55.253934Z  INFO herdr::logging: tab focused event="tab.focus" subsystem="tab" outcome="ok" workspace_id="w6" tab_id="w6:t1"
2026-07-25T08:40:55.358855Z  INFO herdr::logging: tab focused event="tab.focus" subsystem="tab" outcome="ok" workspace_id="w6" tab_id="w6:t1"
2026-07-25T08:40:55.478804Z  INFO herdr::logging: tab focused event="tab.focus" subsystem="tab" outcome="ok" workspace_id="w6" tab_id="w6:t1"
2026-07-25T08:40:55.572957Z  INFO herdr::logging: tab focused event="tab.focus" subsystem="tab" outcome="ok" workspace_id="w6" tab_id="w6:t1"
2026-07-25T08:40:55.716616Z  INFO herdr::logging: tab focused event="tab.focus" subsystem="tab" outcome="ok" workspace_id="w6" tab_id="w6:t1"
2026-07-25T08:40:55.884563Z  INFO herdr::logging: tab focused event="tab.focus" subsystem="tab" outcome="ok" workspace_id="w6" tab_id="w6:t1"
2026-07-25T08:40:56.340644Z  INFO herdr::logging: tab focused event="tab.focus" subsystem="tab" outcome="ok" workspace_id="w6" tab_id="w6:t1"
2026-07-25T08:40:56.644349Z  INFO herdr::logging: tab focused event="tab.focus" subsystem="tab" outcome="ok" workspace_id="w6" tab_id="w6:t1"
2026-07-25T08:40:56.904286Z  INFO herdr::logging: tab focused event="tab.focus" subsystem="tab" outcome="ok" workspace_id="w6" tab_id="w6:t1"
2026-07-25T08:40:57.313299Z  INFO herdr::logging: tab focused event="tab.focus" subsystem="tab" outcome="ok" workspace_id="w6" tab_id="w6:t1"
2026-07-25T08:40:59.464932Z  INFO herdr::logging: tab focused event="tab.focus" subsystem="tab" outcome="ok" workspace_id="w6" tab_id="w6:t1"
2026-07-25T08:41:04.477683Z  INFO herdr::logging: session saved event="persist.save" subsystem="persist" outcome="ok" path=/Users/oliver/.config/herdr/session.json workspaces=2
2026-07-25T08:41:22.992486Z  INFO herdr::logging: tab focused event="tab.focus" subsystem="tab" outcome="ok" workspace_id="w6" tab_id="w6:t1"
2026-07-25T08:41:27.995719Z  INFO herdr::logging: session saved event="persist.save" subsystem="persist" outcome="ok" path=/Users/oliver/.config/herdr/session.json workspaces=2
2026-07-25T08:41:36.926677Z  INFO herdr::logging: tab focused event="tab.focus" subsystem="tab" outcome="ok" workspace_id="w6" tab_id="w6:t1"
2026-07-25T08:41:40.767030Z  INFO herdr::logging: tab focused event="tab.focus" subsystem="tab" outcome="ok" workspace_id="w6" tab_id="w6:t1"
2026-07-25T08:41:41.332201Z  INFO herdr::logging: tab focused event="tab.focus" subsystem="tab" outcome="ok" workspace_id="w6" tab_id="w6:t1"
2026-07-25T08:41:46.338861Z  INFO herdr::logging: session saved event="persist.save" subsystem="persist" outcome="ok" path=/Users/oliver/.config/herdr/session.json workspaces=2
2026-07-25T08:42:30.139046Z  INFO herdr::logging: tab focused event="tab.focus" subsystem="tab" outcome="ok" workspace_id="w6" tab_id="w6:t1"
2026-07-25T08:42:31.780544Z  INFO herdr::logging: tab focused event="tab.focus" subsystem="tab" outcome="ok" workspace_id="w6" tab_id="w6:t1"
2026-07-25T08:42:36.790438Z  INFO herdr::logging: session saved event="persist.save" subsystem="persist" outcome="ok" path=/Users/oliver/.config/herdr/session.json workspaces=2
2026-07-25T08:42:39.425579Z  INFO herdr::logging: spawning pane terminal event="pane.spawn.start" subsystem="pane" outcome="started" pane_id=17 rows=44 cols=141 scrollback_limit_bytes=10000000
2026-07-25T08:42:39.438169Z  INFO herdr::logging: pane child spawned event="pane.spawned" subsystem="pane" outcome="ok" pane_id=17 pid=44167
2026-07-25T08:42:53.552358Z  INFO herdr::logging: pane child exited event="pane.exit" subsystem="pane" outcome="completed" pane_id=17 status="ExitStatus { code: 0, signal: None }"
2026-07-25T08:42:53.552783Z  INFO herdr::pane: pane session terminated pane=17 pid=44167 signal=Hangup
2026-07-25T08:43:02.607526Z  INFO herdr::logging: spawning pane terminal event="pane.spawn.start" subsystem="pane" outcome="started" pane_id=18 rows=53 cols=168 scrollback_limit_bytes=10000000
2026-07-25T08:43:02.613876Z  INFO herdr::logging: pane child spawned event="pane.spawned" subsystem="pane" outcome="ok" pane_id=18 pid=44271
2026-07-25T08:43:05.092815Z  INFO herdr::logging: pane child exited event="pane.exit" subsystem="pane" outcome="completed" pane_id=18 status="ExitStatus { code: 0, signal: None }"
2026-07-25T08:43:05.093571Z  INFO herdr::pane: pane session terminated pane=18 pid=44271 signal=Hangup
2026-07-25T08:44:08.703519Z  INFO herdr::logging: tab focused event="tab.focus" subsystem="tab" outcome="ok" workspace_id="w6" tab_id="w6:t1"
2026-07-25T08:44:13.709775Z  INFO herdr::logging: session saved event="persist.save" subsystem="persist" outcome="ok" path=/Users/oliver/.config/herdr/session.json workspaces=2
2026-07-25T08:44:24.252482Z  INFO herdr::logging: tab focused event="tab.focus" subsystem="tab" outcome="ok" workspace_id="w6" tab_id="w6:t1"
2026-07-25T08:44:29.258426Z  INFO herdr::logging: session saved event="persist.save" subsystem="persist" outcome="ok" path=/Users/oliver/.config/herdr/session.json workspaces=2
2026-07-25T08:44:44.036912Z  INFO herdr::server::headless: client resize client_id=16 cols=211 rows=59 cell_width_px=0 cell_height_px=0
2026-07-25T08:45:26.753204Z  INFO herdr::logging: tab focused event="tab.focus" subsystem="tab" outcome="ok" workspace_id="w6" tab_id="w6:t1"
2026-07-25T08:45:31.762934Z  INFO herdr::logging: session saved event="persist.save" subsystem="persist" outcome="ok" path=/Users/oliver/.config/herdr/session.json workspaces=2
2026-07-25T08:45:41.176178Z  INFO herdr::logging: tab focused event="tab.focus" subsystem="tab" outcome="ok" workspace_id="w6" tab_id="w6:t1"
2026-07-25T08:45:46.178768Z  INFO herdr::logging: session saved event="persist.save" subsystem="persist" outcome="ok" path=/Users/oliver/.config/herdr/session.json workspaces=2
2026-07-25T08:45:48.476003Z  INFO herdr::logging: tab focused event="tab.focus" subsystem="tab" outcome="ok" workspace_id="w6" tab_id="w6:t1"
2026-07-25T08:45:53.482363Z  INFO herdr::logging: session saved event="persist.save" subsystem="persist" outcome="ok" path=/Users/oliver/.config/herdr/session.json workspaces=2
2026-07-25T08:47:19.037161Z  INFO herdr::logging: tab focused event="tab.focus" subsystem="tab" outcome="ok" workspace_id="w6" tab_id="w6:t1"
2026-07-25T08:47:24.042160Z  INFO herdr::logging: session saved event="persist.save" subsystem="persist" outcome="ok" path=/Users/oliver/.config/herdr/session.json workspaces=2
2026-07-25T08:48:33.359086Z  INFO herdr::logging: spawning pane terminal event="pane.spawn.start" subsystem="pane" outcome="started" pane_id=19 rows=29 cols=207 scrollback_limit_bytes=10000000
2026-07-25T08:48:33.365765Z  INFO herdr::logging: pane child spawned event="pane.spawned" subsystem="pane" outcome="ok" pane_id=19 pid=46269
2026-07-25T08:48:33.365967Z  INFO herdr::logging: tab renamed event="tab.rename" subsystem="tab" outcome="ok" workspace_id="w6" tab_id="w6:t4"
2026-07-25T08:48:33.365983Z  INFO herdr::logging: tab focused event="tab.focus" subsystem="tab" outcome="ok" workspace_id="w6" tab_id="w6:t4"
2026-07-25T08:48:38.376010Z  INFO herdr::logging: session saved event="persist.save" subsystem="persist" outcome="ok" path=/Users/oliver/.config/herdr/session.json workspaces=2
2026-07-25T08:49:27.537971Z  INFO herdr::logging: tab focused event="tab.focus" subsystem="tab" outcome="ok" workspace_id="w6" tab_id="w6:t1"
2026-07-25T08:49:32.541580Z  INFO herdr::logging: session saved event="persist.save" subsystem="persist" outcome="ok" path=/Users/oliver/.config/herdr/session.json workspaces=2
2026-07-25T08:50:29.522133Z  INFO herdr::logging: tab focused event="tab.focus" subsystem="tab" outcome="ok" workspace_id="w6" tab_id="w6:t1"
2026-07-25T08:50:30.428944Z  INFO herdr::logging: tab focused event="tab.focus" subsystem="tab" outcome="ok" workspace_id="w6" tab_id="w6:t1"
2026-07-25T08:50:35.440516Z  INFO herdr::logging: session saved event="persist.save" subsystem="persist" outcome="ok" path=/Users/oliver/.config/herdr/session.json workspaces=2
2026-07-25T08:51:10.190449Z  INFO herdr::logging: tab focused event="tab.focus" subsystem="tab" outcome="ok" workspace_id="w6" tab_id="w6:t1"
2026-07-25T08:51:12.307197Z  INFO herdr::logging: tab focused event="tab.focus" subsystem="tab" outcome="ok" workspace_id="w6" tab_id="w6:t1"
2026-07-25T08:51:17.311332Z  INFO herdr::logging: session saved event="persist.save" subsystem="persist" outcome="ok" path=/Users/oliver/.config/herdr/session.json workspaces=2
2026-07-25T08:51:24.690028Z  INFO herdr::logging: tab focused event="tab.focus" subsystem="tab" outcome="ok" workspace_id="w6" tab_id="w6:t1"
2026-07-25T08:51:29.696595Z  INFO herdr::logging: session saved event="persist.save" subsystem="persist" outcome="ok" path=/Users/oliver/.config/herdr/session.json workspaces=2
2026-07-25T08:51:54.209573Z  INFO herdr::logging: tab focused event="tab.focus" subsystem="tab" outcome="ok" workspace_id="w6" tab_id="w6:t1"
2026-07-25T08:51:59.220073Z  INFO herdr::logging: session saved event="persist.save" subsystem="persist" outcome="ok" path=/Users/oliver/.config/herdr/session.json workspaces=2
2026-07-25T08:52:33.938688Z  INFO herdr::logging: tab focused event="tab.focus" subsystem="tab" outcome="ok" workspace_id="w6" tab_id="w6:t1"
2026-07-25T08:52:38.947510Z  INFO herdr::logging: session saved event="persist.save" subsystem="persist" outcome="ok" path=/Users/oliver/.config/herdr/session.json workspaces=2
2026-07-25T08:52:43.355258Z  INFO herdr::logging: tab focused event="tab.focus" subsystem="tab" outcome="ok" workspace_id="w6" tab_id="w6:t1"
2026-07-25T08:52:48.363341Z  INFO herdr::logging: session saved event="persist.save" subsystem="persist" outcome="ok" path=/Users/oliver/.config/herdr/session.json workspaces=2
2026-07-25T08:53:31.947968Z  INFO herdr::logging: tab focused event="tab.focus" subsystem="tab" outcome="ok" workspace_id="w6" tab_id="w6:t4"
2026-07-25T08:53:36.955784Z  INFO herdr::logging: session saved event="persist.save" subsystem="persist" outcome="ok" path=/Users/oliver/.config/herdr/session.json workspaces=2
2026-07-25T08:53:57.166853Z  INFO herdr::logging: tab focused event="tab.focus" subsystem="tab" outcome="ok" workspace_id="w6" tab_id="w6:t1"
2026-07-25T08:54:01.445976Z  INFO herdr::logging: tab focused event="tab.focus" subsystem="tab" outcome="ok" workspace_id="w6" tab_id="w6:t1"
2026-07-25T08:54:06.450160Z  INFO herdr::logging: session saved event="persist.save" subsystem="persist" outcome="ok" path=/Users/oliver/.config/herdr/session.json workspaces=2
2026-07-25T08:54:21.570827Z  INFO herdr::logging: tab focused event="tab.focus" subsystem="tab" outcome="ok" workspace_id="w6" tab_id="w6:t1"
2026-07-25T08:54:22.437432Z  INFO herdr::logging: tab focused event="tab.focus" subsystem="tab" outcome="ok" workspace_id="w6" tab_id="w6:t1"
2026-07-25T08:54:26.953406Z  INFO herdr::logging: tab focused event="tab.focus" subsystem="tab" outcome="ok" workspace_id="w6" tab_id="w6:t1"
2026-07-25T08:54:31.960274Z  INFO herdr::logging: session saved event="persist.save" subsystem="persist" outcome="ok" path=/Users/oliver/.config/herdr/session.json workspaces=2
2026-07-25T08:54:34.894478Z  INFO herdr::logging: tab focused event="tab.focus" subsystem="tab" outcome="ok" workspace_id="w6" tab_id="w6:t4"
2026-07-25T08:54:39.902739Z  INFO herdr::logging: session saved event="persist.save" subsystem="persist" outcome="ok" path=/Users/oliver/.config/herdr/session.json workspaces=2
2026-07-25T08:54:42.030722Z  INFO herdr::logging: tab focused event="tab.focus" subsystem="tab" outcome="ok" workspace_id="w6" tab_id="w6:t1"
2026-07-25T08:54:43.287371Z  INFO herdr::logging: tab focused event="tab.focus" subsystem="tab" outcome="ok" workspace_id="w6" tab_id="w6:t1"
2026-07-25T08:54:47.229174Z  INFO herdr::logging: tab focused event="tab.focus" subsystem="tab" outcome="ok" workspace_id="w6" tab_id="w6:t4"
2026-07-25T08:54:52.236799Z  INFO herdr::logging: session saved event="persist.save" subsystem="persist" outcome="ok" path=/Users/oliver/.config/herdr/session.json workspaces=2
2026-07-25T08:56:30.218516Z  INFO herdr::logging: tab focused event="tab.focus" subsystem="tab" outcome="ok" workspace_id="w6" tab_id="w6:t1"
2026-07-25T08:56:35.227129Z  INFO herdr::logging: session saved event="persist.save" subsystem="persist" outcome="ok" path=/Users/oliver/.config/herdr/session.json workspaces=2
2026-07-25T08:56:44.504065Z  INFO herdr::logging: tab focused event="tab.focus" subsystem="tab" outcome="ok" workspace_id="w6" tab_id="w6:t1"
2026-07-25T08:56:49.510199Z  INFO herdr::logging: session saved event="persist.save" subsystem="persist" outcome="ok" path=/Users/oliver/.config/herdr/session.json workspaces=2
2026-07-25T08:56:50.676054Z  INFO herdr::logging: tab focused event="tab.focus" subsystem="tab" outcome="ok" workspace_id="w6" tab_id="w6:t1"
2026-07-25T08:56:52.159335Z  INFO herdr::logging: tab focused event="tab.focus" subsystem="tab" outcome="ok" workspace_id="w6" tab_id="w6:t1"
2026-07-25T08:56:53.889335Z  INFO herdr::logging: tab focused event="tab.focus" subsystem="tab" outcome="ok" workspace_id="w6" tab_id="w6:t1"
2026-07-25T08:56:58.895364Z  INFO herdr::logging: session saved event="persist.save" subsystem="persist" outcome="ok" path=/Users/oliver/.config/herdr/session.json workspaces=2
2026-07-25T08:57:01.334212Z  INFO herdr::logging: tab focused event="tab.focus" subsystem="tab" outcome="ok" workspace_id="w6" tab_id="w6:t1"
2026-07-25T08:57:06.353997Z  INFO herdr::logging: session saved event="persist.save" subsystem="persist" outcome="ok" path=/Users/oliver/.config/herdr/session.json workspaces=2
2026-07-25T08:57:47.178740Z  INFO herdr::logging: tab focused event="tab.focus" subsystem="tab" outcome="ok" workspace_id="w6" tab_id="w6:t4"
2026-07-25T08:57:52.187088Z  INFO herdr::logging: session saved event="persist.save" subsystem="persist" outcome="ok" path=/Users/oliver/.config/herdr/session.json workspaces=2
2026-07-25T08:59:05.392383Z  INFO herdr::logging: tab focused event="tab.focus" subsystem="tab" outcome="ok" workspace_id="w6" tab_id="w6:t1"
2026-07-25T08:59:06.327669Z  INFO herdr::logging: tab focused event="tab.focus" subsystem="tab" outcome="ok" workspace_id="w6" tab_id="w6:t1"
2026-07-25T08:59:11.336683Z  INFO herdr::logging: session saved event="persist.save" subsystem="persist" outcome="ok" path=/Users/oliver/.config/herdr/session.json workspaces=2
2026-07-25T09:00:31.237445Z  INFO herdr::logging: tab focused event="tab.focus" subsystem="tab" outcome="ok" workspace_id="w6" tab_id="w6:t4"
2026-07-25T09:00:36.241912Z  INFO herdr::logging: session saved event="persist.save" subsystem="persist" outcome="ok" path=/Users/oliver/.config/herdr/session.json workspaces=2
2026-07-25T09:00:41.395087Z  INFO herdr::logging: tab focused event="tab.focus" subsystem="tab" outcome="ok" workspace_id="w6" tab_id="w6:t1"
2026-07-25T09:00:46.404564Z  INFO herdr::logging: session saved event="persist.save" subsystem="persist" outcome="ok" path=/Users/oliver/.config/herdr/session.json workspaces=2
2026-07-25T09:01:04.091048Z  INFO herdr::logging: session saved event="persist.save" subsystem="persist" outcome="ok" path=/Users/oliver/.config/herdr/session.json workspaces=2
2026-07-25T09:08:45.318240Z  INFO herdr::server::headless: client detach requested via keybind client_id=16
2026-07-25T09:08:45.323495Z  INFO herdr::server::headless: client disconnected client_id=16
2026-07-25T09:14:53.630481Z  INFO herdr::server::headless: client connected client_id=18 cols=211 rows=59 cell_width_px=0 cell_height_px=0 render_encoding=SemanticFrame
2026-07-25T09:25:10.126082Z  INFO herdr::logging: tab focused event="tab.focus" subsystem="tab" outcome="ok" workspace_id="w6" tab_id="w6:t2"
2026-07-25T09:25:15.138069Z  INFO herdr::logging: session saved event="persist.save" subsystem="persist" outcome="ok" path=/Users/oliver/.config/herdr/session.json workspaces=2
2026-07-25T09:25:58.177099Z  INFO herdr::logging: tab focused event="tab.focus" subsystem="tab" outcome="ok" workspace_id="w6" tab_id="w6:t1"
2026-07-25T09:26:03.182685Z  INFO herdr::logging: session saved event="persist.save" subsystem="persist" outcome="ok" path=/Users/oliver/.config/herdr/session.json workspaces=2
2026-07-25T09:27:56.658786Z  INFO herdr::logging: tab focused event="tab.focus" subsystem="tab" outcome="ok" workspace_id="w6" tab_id="w6:t2"
2026-07-25T09:28:01.672112Z  INFO herdr::logging: session saved event="persist.save" subsystem="persist" outcome="ok" path=/Users/oliver/.config/herdr/session.json workspaces=2
2026-07-25T09:28:09.647437Z  INFO herdr::logging: tab focused event="tab.focus" subsystem="tab" outcome="ok" workspace_id="w6" tab_id="w6:t1"
2026-07-25T09:28:14.650490Z  INFO herdr::logging: session saved event="persist.save" subsystem="persist" outcome="ok" path=/Users/oliver/.config/herdr/session.json workspaces=2
2026-07-25T09:29:39.114510Z  INFO herdr::logging: tab focused event="tab.focus" subsystem="tab" outcome="ok" workspace_id="w6" tab_id="w6:t1"
2026-07-25T09:29:44.124371Z  INFO herdr::logging: session saved event="persist.save" subsystem="persist" outcome="ok" path=/Users/oliver/.config/herdr/session.json workspaces=2
2026-07-25T09:29:50.589460Z  INFO herdr::logging: tab focused event="tab.focus" subsystem="tab" outcome="ok" workspace_id="w6" tab_id="w6:t1"
2026-07-25T09:29:55.607049Z  INFO herdr::logging: session saved event="persist.save" subsystem="persist" outcome="ok" path=/Users/oliver/.config/herdr/session.json workspaces=2
2026-07-25T09:30:03.864499Z  INFO herdr::logging: tab focused event="tab.focus" subsystem="tab" outcome="ok" workspace_id="w6" tab_id="w6:t1"
2026-07-25T09:30:08.874209Z  INFO herdr::logging: session saved event="persist.save" subsystem="persist" outcome="ok" path=/Users/oliver/.config/herdr/session.json workspaces=2
2026-07-25T09:30:29.644154Z  INFO herdr::logging: tab focused event="tab.focus" subsystem="tab" outcome="ok" workspace_id="w6" tab_id="w6:t1"
2026-07-25T09:30:34.659988Z  INFO herdr::logging: session saved event="persist.save" subsystem="persist" outcome="ok" path=/Users/oliver/.config/herdr/session.json workspaces=2
2026-07-25T12:58:16.544182Z  INFO herdr::logging: session saved event="persist.save" subsystem="persist" outcome="ok" path=/Users/oliver/.config/herdr/session.json workspaces=2
2026-07-25T13:08:40.915034Z  INFO herdr::logging: tab focused event="tab.focus" subsystem="tab" outcome="ok" workspace_id="w6" tab_id="w6:t1"
2026-07-25T13:08:45.925748Z  INFO herdr::logging: session saved event="persist.save" subsystem="persist" outcome="ok" path=/Users/oliver/.config/herdr/session.json workspaces=2
2026-07-25T13:08:47.917343Z  INFO herdr::logging: tab focused event="tab.focus" subsystem="tab" outcome="ok" workspace_id="w6" tab_id="w6:t2"
2026-07-25T13:08:52.924424Z  INFO herdr::logging: session saved event="persist.save" subsystem="persist" outcome="ok" path=/Users/oliver/.config/herdr/session.json workspaces=2
2026-07-25T13:08:53.351410Z  INFO herdr::logging: tab focused event="tab.focus" subsystem="tab" outcome="ok" workspace_id="w6" tab_id="w6:t1"
2026-07-25T13:08:54.253493Z  INFO herdr::logging: tab focused event="tab.focus" subsystem="tab" outcome="ok" workspace_id="w6" tab_id="w6:t2"
2026-07-25T13:08:59.259746Z  INFO herdr::logging: session saved event="persist.save" subsystem="persist" outcome="ok" path=/Users/oliver/.config/herdr/session.json workspaces=2
2026-07-25T13:09:12.998406Z  INFO herdr::logging: tab renamed event="tab.rename" subsystem="tab" outcome="ok" workspace_id="w6" tab_id="w6:t2"
2026-07-25T13:09:18.000056Z  INFO herdr::logging: session saved event="persist.save" subsystem="persist" outcome="ok" path=/Users/oliver/.config/herdr/session.json workspaces=2
2026-07-25T13:09:28.123310Z  INFO herdr::logging: tab focused event="tab.focus" subsystem="tab" outcome="ok" workspace_id="w6" tab_id="w6:t1"
2026-07-25T13:09:33.126592Z  INFO herdr::logging: session saved event="persist.save" subsystem="persist" outcome="ok" path=/Users/oliver/.config/herdr/session.json workspaces=2
2026-07-25T13:11:13.792229Z  INFO herdr::logging: tab focused event="tab.focus" subsystem="tab" outcome="ok" workspace_id="w6" tab_id="w6:t1"
2026-07-25T13:11:18.803561Z  INFO herdr::logging: session saved event="persist.save" subsystem="persist" outcome="ok" path=/Users/oliver/.config/herdr/session.json workspaces=2
2026-07-25T13:11:59.528332Z  INFO herdr::logging: tab focused event="tab.focus" subsystem="tab" outcome="ok" workspace_id="w6" tab_id="w6:t4"
2026-07-25T13:12:03.465855Z  INFO herdr::logging: spawning pane terminal event="pane.spawn.start" subsystem="pane" outcome="started" pane_id=20 rows=58 cols=207 scrollback_limit_bytes=10000000
2026-07-25T13:12:03.474285Z  INFO herdr::logging: pane child spawned event="pane.spawned" subsystem="pane" outcome="ok" pane_id=20 pid=15443
2026-07-25T13:12:03.474618Z  INFO herdr::logging: tab renamed event="tab.rename" subsystem="tab" outcome="ok" workspace_id="w6" tab_id="w6:t5"
2026-07-25T13:12:03.474642Z  INFO herdr::logging: tab focused event="tab.focus" subsystem="tab" outcome="ok" workspace_id="w6" tab_id="w6:t5"
2026-07-25T13:12:08.480016Z  INFO herdr::logging: session saved event="persist.save" subsystem="persist" outcome="ok" path=/Users/oliver/.config/herdr/session.json workspaces=2
2026-07-25T13:12:15.175150Z  INFO herdr::logging: tab focused event="tab.focus" subsystem="tab" outcome="ok" workspace_id="w6" tab_id="w6:t1"
2026-07-25T13:12:18.051876Z  INFO herdr::logging: tab focused event="tab.focus" subsystem="tab" outcome="ok" workspace_id="w6" tab_id="w6:t5"
2026-07-25T13:12:23.059598Z  INFO herdr::logging: session saved event="persist.save" subsystem="persist" outcome="ok" path=/Users/oliver/.config/herdr/session.json workspaces=2
2026-07-25T13:12:32.296236Z  INFO herdr::logging: tab focused event="tab.focus" subsystem="tab" outcome="ok" workspace_id="w6" tab_id="w6:t1"
2026-07-25T13:12:37.302585Z  INFO herdr::logging: session saved event="persist.save" subsystem="persist" outcome="ok" path=/Users/oliver/.config/herdr/session.json workspaces=2
2026-07-25T13:22:44.969081Z  INFO herdr::logging: tab focused event="tab.focus" subsystem="tab" outcome="ok" workspace_id="w6" tab_id="w6:t2"
2026-07-25T13:22:48.897637Z  INFO herdr::logging: spawning pane terminal event="pane.spawn.start" subsystem="pane" outcome="started" pane_id=21 rows=58 cols=207 scrollback_limit_bytes=10000000
2026-07-25T13:22:48.904609Z  INFO herdr::logging: pane child spawned event="pane.spawned" subsystem="pane" outcome="ok" pane_id=21 pid=20103
2026-07-25T13:22:48.904912Z  INFO herdr::logging: tab focused event="tab.focus" subsystem="tab" outcome="ok" workspace_id="w6" tab_id="w6:t2"
2026-07-25T13:22:53.908647Z  INFO herdr::logging: session saved event="persist.save" subsystem="persist" outcome="ok" path=/Users/oliver/.config/herdr/session.json workspaces=2
2026-07-25T13:23:38.770190Z  INFO herdr::logging: tab focused event="tab.focus" subsystem="tab" outcome="ok" workspace_id="w6" tab_id="w6:t2"
2026-07-25T13:23:43.774446Z  INFO herdr::logging: session saved event="persist.save" subsystem="persist" outcome="ok" path=/Users/oliver/.config/herdr/session.json workspaces=2
2026-07-25T13:23:52.114659Z  INFO herdr::logging: tab focused event="tab.focus" subsystem="tab" outcome="ok" workspace_id="w6" tab_id="w6:t2"
2026-07-25T13:23:57.119056Z  INFO herdr::logging: session saved event="persist.save" subsystem="persist" outcome="ok" path=/Users/oliver/.config/herdr/session.json workspaces=2
2026-07-25T13:24:03.719081Z  INFO herdr::logging: tab focused event="tab.focus" subsystem="tab" outcome="ok" workspace_id="w6" tab_id="w6:t2"
2026-07-25T13:24:08.775669Z  INFO herdr::logging: session saved event="persist.save" subsystem="persist" outcome="ok" path=/Users/oliver/.config/herdr/session.json workspaces=2
2026-07-25T13:24:23.314035Z  INFO herdr::logging: tab focused event="tab.focus" subsystem="tab" outcome="ok" workspace_id="w6" tab_id="w6:t1"
2026-07-25T13:24:28.318239Z  INFO herdr::logging: session saved event="persist.save" subsystem="persist" outcome="ok" path=/Users/oliver/.config/herdr/session.json workspaces=2
2026-07-25T13:26:31.597138Z  INFO herdr::logging: session saved event="persist.save" subsystem="persist" outcome="ok" path=/Users/oliver/.config/herdr/session.json workspaces=2
2026-07-25T13:27:13.630860Z  INFO herdr::logging: tab focused event="tab.focus" subsystem="tab" outcome="ok" workspace_id="w6" tab_id="w6:t1"
2026-07-25T13:27:18.641234Z  INFO herdr::logging: session saved event="persist.save" subsystem="persist" outcome="ok" path=/Users/oliver/.config/herdr/session.json workspaces=2
2026-07-25T13:27:26.844653Z  INFO herdr::logging: tab focused event="tab.focus" subsystem="tab" outcome="ok" workspace_id="w6" tab_id="w6:t1"
2026-07-25T13:27:31.853803Z  INFO herdr::logging: session saved event="persist.save" subsystem="persist" outcome="ok" path=/Users/oliver/.config/herdr/session.json workspaces=2
2026-07-25T13:28:42.942155Z  INFO herdr::logging: tab focused event="tab.focus" subsystem="tab" outcome="ok" workspace_id="w6" tab_id="w6:t1"
2026-07-25T13:28:47.946158Z  INFO herdr::logging: tab focused event="tab.focus" subsystem="tab" outcome="ok" workspace_id="w6" tab_id="w6:t1"
2026-07-25T13:28:52.952486Z  INFO herdr::logging: session saved event="persist.save" subsystem="persist" outcome="ok" path=/Users/oliver/.config/herdr/session.json workspaces=2
2026-07-25T13:29:20.170296Z  INFO herdr::logging: tab focused event="tab.focus" subsystem="tab" outcome="ok" workspace_id="w6" tab_id="w6:t1"
2026-07-25T13:29:23.872803Z  INFO herdr::logging: tab focused event="tab.focus" subsystem="tab" outcome="ok" workspace_id="w6" tab_id="w6:t1"
2026-07-25T13:29:28.881405Z  INFO herdr::logging: session saved event="persist.save" subsystem="persist" outcome="ok" path=/Users/oliver/.config/herdr/session.json workspaces=2
2026-07-25T13:30:47.287201Z  INFO herdr::logging: tab focused event="tab.focus" subsystem="tab" outcome="ok" workspace_id="w6" tab_id="w6:t1"
2026-07-25T13:30:52.292293Z  INFO herdr::logging: session saved event="persist.save" subsystem="persist" outcome="ok" path=/Users/oliver/.config/herdr/session.json workspaces=2
2026-07-25T13:31:49.622963Z  INFO herdr::logging: tab focused event="tab.focus" subsystem="tab" outcome="ok" workspace_id="w6" tab_id="w6:t1"
2026-07-25T13:31:54.629879Z  INFO herdr::logging: session saved event="persist.save" subsystem="persist" outcome="ok" path=/Users/oliver/.config/herdr/session.json workspaces=2
2026-07-25T13:31:56.582889Z  INFO herdr::logging: tab focused event="tab.focus" subsystem="tab" outcome="ok" workspace_id="w6" tab_id="w6:t1"
2026-07-25T13:32:01.590454Z  INFO herdr::logging: session saved event="persist.save" subsystem="persist" outcome="ok" path=/Users/oliver/.config/herdr/session.json workspaces=2
2026-07-25T13:32:07.668928Z  INFO herdr::logging: tab focused event="tab.focus" subsystem="tab" outcome="ok" workspace_id="w6" tab_id="w6:t1"
2026-07-25T13:32:12.672551Z  INFO herdr::logging: session saved event="persist.save" subsystem="persist" outcome="ok" path=/Users/oliver/.config/herdr/session.json workspaces=2
2026-07-25T13:33:30.061094Z  INFO herdr::logging: tab focused event="tab.focus" subsystem="tab" outcome="ok" workspace_id="w6" tab_id="w6:t2"
2026-07-25T13:33:31.327721Z  INFO herdr::logging: tab focused event="tab.focus" subsystem="tab" outcome="ok" workspace_id="w6" tab_id="w6:t2"
2026-07-25T13:33:36.331028Z  INFO herdr::logging: session saved event="persist.save" subsystem="persist" outcome="ok" path=/Users/oliver/.config/herdr/session.json workspaces=2
2026-07-25T13:34:03.073934Z  INFO herdr::logging: tab focused event="tab.focus" subsystem="tab" outcome="ok" workspace_id="w6" tab_id="w6:t1"
2026-07-25T13:34:08.078071Z  INFO herdr::logging: session saved event="persist.save" subsystem="persist" outcome="ok" path=/Users/oliver/.config/herdr/session.json workspaces=2
2026-07-25T13:34:41.459653Z  INFO herdr::logging: tab focused event="tab.focus" subsystem="tab" outcome="ok" workspace_id="w6" tab_id="w6:t1"
2026-07-25T13:34:42.862684Z  INFO herdr::logging: tab focused event="tab.focus" subsystem="tab" outcome="ok" workspace_id="w6" tab_id="w6:t2"
2026-07-25T13:34:46.442131Z  INFO herdr::logging: tab focused event="tab.focus" subsystem="tab" outcome="ok" workspace_id="w6" tab_id="w6:t2"
2026-07-25T13:34:48.442720Z  INFO herdr::logging: tab focused event="tab.focus" subsystem="tab" outcome="ok" workspace_id="w6" tab_id="w6:t2"
2026-07-25T13:34:51.179533Z  INFO herdr::logging: tab focused event="tab.focus" subsystem="tab" outcome="ok" workspace_id="w6" tab_id="w6:t2"
2026-07-25T13:34:56.185760Z  INFO herdr::logging: session saved event="persist.save" subsystem="persist" outcome="ok" path=/Users/oliver/.config/herdr/session.json workspaces=2
2026-07-25T13:35:33.428945Z  INFO herdr::logging: tab focused event="tab.focus" subsystem="tab" outcome="ok" workspace_id="w6" tab_id="w6:t1"
2026-07-25T13:35:41.194863Z  INFO herdr::logging: session saved event="persist.save" subsystem="persist" outcome="ok" path=/Users/oliver/.config/herdr/session.json workspaces=2
2026-07-25T13:36:01.567190Z  INFO herdr::logging: workspace focused event="workspace.focus" subsystem="workspace" outcome="ok" workspace_id="w7"
2026-07-25T13:36:01.567249Z  INFO herdr::logging: tab focused event="tab.focus" subsystem="tab" outcome="ok" workspace_id="w7" tab_id="w7:t1"
2026-07-25T13:36:06.574782Z  INFO herdr::logging: session saved event="persist.save" subsystem="persist" outcome="ok" path=/Users/oliver/.config/herdr/session.json workspaces=2
2026-07-25T13:36:15.130544Z  INFO herdr::logging: spawning pane terminal event="pane.spawn.start" subsystem="pane" outcome="started" pane_id=22 rows=58 cols=207 scrollback_limit_bytes=10000000
2026-07-25T13:36:15.135845Z  INFO herdr::logging: pane child spawned event="pane.spawned" subsystem="pane" outcome="ok" pane_id=22 pid=26789
2026-07-25T13:36:15.136080Z  INFO herdr::logging: tab focused event="tab.focus" subsystem="tab" outcome="ok" workspace_id="w7" tab_id="w7:t1"
2026-07-25T13:36:26.506971Z  INFO herdr::logging: tab focused event="tab.focus" subsystem="tab" outcome="ok" workspace_id="w7" tab_id="w7:t1"
2026-07-25T13:36:31.508543Z  INFO herdr::logging: session saved event="persist.save" subsystem="persist" outcome="ok" path=/Users/oliver/.config/herdr/session.json workspaces=2
2026-07-25T13:37:22.396024Z  INFO herdr::server::headless: client resize client_id=18 cols=207 rows=59 cell_width_px=0 cell_height_px=0
2026-07-25T13:37:38.515886Z  INFO herdr::server::headless: client resize client_id=18 cols=211 rows=59 cell_width_px=0 cell_height_px=0
2026-07-26T03:14:07.600631Z  INFO herdr::logging: workspace focused event="workspace.focus" subsystem="workspace" outcome="ok" workspace_id="w6"
2026-07-26T03:14:07.602229Z  INFO herdr::logging: tab focused event="tab.focus" subsystem="tab" outcome="ok" workspace_id="w6" tab_id="w6:t1"
2026-07-26T03:14:09.144885Z  INFO herdr::logging: tab focused event="tab.focus" subsystem="tab" outcome="ok" workspace_id="w6" tab_id="w6:t5"
2026-07-26T03:14:14.153084Z  INFO herdr::logging: session saved event="persist.save" subsystem="persist" outcome="ok" path=/Users/oliver/.config/herdr/session.json workspaces=2
2026-07-26T03:23:51.360775Z  INFO herdr::logging: tab focused event="tab.focus" subsystem="tab" outcome="ok" workspace_id="w6" tab_id="w6:t1"
2026-07-26T03:23:56.373018Z  INFO herdr::logging: session saved event="persist.save" subsystem="persist" outcome="ok" path=/Users/oliver/.config/herdr/session.json workspaces=2
2026-07-26T03:24:20.632780Z  INFO herdr::logging: tab focused event="tab.focus" subsystem="tab" outcome="ok" workspace_id="w6" tab_id="w6:t1"
2026-07-26T03:24:25.639047Z  INFO herdr::logging: session saved event="persist.save" subsystem="persist" outcome="ok" path=/Users/oliver/.config/herdr/session.json workspaces=2
2026-07-26T03:24:42.865199Z  INFO herdr::logging: tab focused event="tab.focus" subsystem="tab" outcome="ok" workspace_id="w6" tab_id="w6:t5"
2026-07-26T03:24:47.873259Z  INFO herdr::logging: session saved event="persist.save" subsystem="persist" outcome="ok" path=/Users/oliver/.config/herdr/session.json workspaces=2
2026-07-26T03:24:50.031190Z  INFO herdr::logging: tab focused event="tab.focus" subsystem="tab" outcome="ok" workspace_id="w6" tab_id="w6:t1"
2026-07-26T03:24:52.183346Z  INFO herdr::logging: tab focused event="tab.focus" subsystem="tab" outcome="ok" workspace_id="w6" tab_id="w6:t5"
2026-07-26T03:24:53.314423Z  INFO herdr::logging: tab focused event="tab.focus" subsystem="tab" outcome="ok" workspace_id="w6" tab_id="w6:t1"
2026-07-26T03:24:58.322561Z  INFO herdr::logging: session saved event="persist.save" subsystem="persist" outcome="ok" path=/Users/oliver/.config/herdr/session.json workspaces=2
2026-07-26T03:25:03.532010Z  INFO herdr::logging: tab focused event="tab.focus" subsystem="tab" outcome="ok" workspace_id="w6" tab_id="w6:t5"
2026-07-26T03:25:08.541175Z  INFO herdr::logging: session saved event="persist.save" subsystem="persist" outcome="ok" path=/Users/oliver/.config/herdr/session.json workspaces=2
2026-07-26T03:25:09.113708Z  INFO herdr::logging: tab focused event="tab.focus" subsystem="tab" outcome="ok" workspace_id="w6" tab_id="w6:t1"
2026-07-26T03:25:14.127098Z  INFO herdr::logging: session saved event="persist.save" subsystem="persist" outcome="ok" path=/Users/oliver/.config/herdr/session.json workspaces=2
2026-07-26T03:25:44.023368Z  INFO herdr::logging: session saved event="persist.save" subsystem="persist" outcome="ok" path=/Users/oliver/.config/herdr/session.json workspaces=2
2026-07-26T03:26:15.484471Z  INFO herdr::logging: tab focused event="tab.focus" subsystem="tab" outcome="ok" workspace_id="w6" tab_id="w6:t5"
2026-07-26T03:26:17.220516Z  INFO herdr::logging: tab focused event="tab.focus" subsystem="tab" outcome="ok" workspace_id="w6" tab_id="w6:t1"
2026-07-26T03:26:22.230434Z  INFO herdr::logging: session saved event="persist.save" subsystem="persist" outcome="ok" path=/Users/oliver/.config/herdr/session.json workspaces=2
2026-07-26T03:26:22.233193Z  INFO herdr::logging: tab focused event="tab.focus" subsystem="tab" outcome="ok" workspace_id="w6" tab_id="w6:t5"
2026-07-26T03:26:23.391107Z  INFO herdr::logging: tab focused event="tab.focus" subsystem="tab" outcome="ok" workspace_id="w6" tab_id="w6:t1"
2026-07-26T03:26:28.400215Z  INFO herdr::logging: session saved event="persist.save" subsystem="persist" outcome="ok" path=/Users/oliver/.config/herdr/session.json workspaces=2
2026-07-26T03:34:30.567169Z  INFO herdr::logging: tab focused event="tab.focus" subsystem="tab" outcome="ok" workspace_id="w6" tab_id="w6:t5"
2026-07-26T03:34:35.576086Z  INFO herdr::logging: session saved event="persist.save" subsystem="persist" outcome="ok" path=/Users/oliver/.config/herdr/session.json workspaces=2
2026-07-26T03:34:37.656821Z  INFO herdr::logging: tab focused event="tab.focus" subsystem="tab" outcome="ok" workspace_id="w6" tab_id="w6:t1"
2026-07-26T03:34:41.413779Z  INFO herdr::logging: tab focused event="tab.focus" subsystem="tab" outcome="ok" workspace_id="w6" tab_id="w6:t5"
2026-07-26T03:34:46.422816Z  INFO herdr::logging: session saved event="persist.save" subsystem="persist" outcome="ok" path=/Users/oliver/.config/herdr/session.json workspaces=2
2026-07-26T03:34:47.986991Z  INFO herdr::logging: tab focused event="tab.focus" subsystem="tab" outcome="ok" workspace_id="w6" tab_id="w6:t1"
2026-07-26T03:34:50.971328Z  INFO herdr::logging: tab focused event="tab.focus" subsystem="tab" outcome="ok" workspace_id="w6" tab_id="w6:t5"
2026-07-26T03:34:53.242459Z  INFO herdr::logging: tab focused event="tab.focus" subsystem="tab" outcome="ok" workspace_id="w6" tab_id="w6:t1"
2026-07-26T03:34:58.249190Z  INFO herdr::logging: session saved event="persist.save" subsystem="persist" outcome="ok" path=/Users/oliver/.config/herdr/session.json workspaces=2
2026-07-26T03:45:30.436462Z  INFO herdr::logging: tab focused event="tab.focus" subsystem="tab" outcome="ok" workspace_id="w6" tab_id="w6:t5"
2026-07-26T03:45:35.439180Z  INFO herdr::logging: session saved event="persist.save" subsystem="persist" outcome="ok" path=/Users/oliver/.config/herdr/session.json workspaces=2
2026-07-26T03:45:35.893795Z  INFO herdr::logging: tab focused event="tab.focus" subsystem="tab" outcome="ok" workspace_id="w6" tab_id="w6:t1"
2026-07-26T03:45:40.899931Z  INFO herdr::logging: session saved event="persist.save" subsystem="persist" outcome="ok" path=/Users/oliver/.config/herdr/session.json workspaces=2
2026-07-26T03:52:57.439957Z  INFO herdr::logging: tab focused event="tab.focus" subsystem="tab" outcome="ok" workspace_id="w6" tab_id="w6:t5"
2026-07-26T03:53:02.448094Z  INFO herdr::logging: session saved event="persist.save" subsystem="persist" outcome="ok" path=/Users/oliver/.config/herdr/session.json workspaces=2
2026-07-26T03:53:04.494302Z  INFO herdr::logging: tab focused event="tab.focus" subsystem="tab" outcome="ok" workspace_id="w6" tab_id="w6:t1"
2026-07-26T03:53:09.504018Z  INFO herdr::logging: session saved event="persist.save" subsystem="persist" outcome="ok" path=/Users/oliver/.config/herdr/session.json workspaces=2
2026-07-26T03:55:37.769150Z  INFO herdr::logging: tab focused event="tab.focus" subsystem="tab" outcome="ok" workspace_id="w6" tab_id="w6:t5"
2026-07-26T03:55:40.091006Z  INFO herdr::logging: tab focused event="tab.focus" subsystem="tab" outcome="ok" workspace_id="w6" tab_id="w6:t1"
2026-07-26T03:55:45.101084Z  INFO herdr::logging: session saved event="persist.save" subsystem="persist" outcome="ok" path=/Users/oliver/.config/herdr/session.json workspaces=2
2026-07-26T03:55:46.660879Z  INFO herdr::logging: tab focused event="tab.focus" subsystem="tab" outcome="ok" workspace_id="w6" tab_id="w6:t5"
2026-07-26T03:55:47.966804Z  INFO herdr::logging: tab focused event="tab.focus" subsystem="tab" outcome="ok" workspace_id="w6" tab_id="w6:t1"
2026-07-26T03:55:52.969430Z  INFO herdr::logging: session saved event="persist.save" subsystem="persist" outcome="ok" path=/Users/oliver/.config/herdr/session.json workspaces=2
2026-07-26T03:57:37.708864Z  INFO herdr::logging: tab focused event="tab.focus" subsystem="tab" outcome="ok" workspace_id="w6" tab_id="w6:t5"
2026-07-26T03:57:41.705339Z  INFO herdr::logging: tab focused event="tab.focus" subsystem="tab" outcome="ok" workspace_id="w6" tab_id="w6:t1"
2026-07-26T03:57:46.711984Z  INFO herdr::logging: session saved event="persist.save" subsystem="persist" outcome="ok" path=/Users/oliver/.config/herdr/session.json workspaces=2
2026-07-26T03:57:49.919081Z  INFO herdr::logging: tab focused event="tab.focus" subsystem="tab" outcome="ok" workspace_id="w6" tab_id="w6:t5"
2026-07-26T03:57:54.925853Z  INFO herdr::logging: session saved event="persist.save" subsystem="persist" outcome="ok" path=/Users/oliver/.config/herdr/session.json workspaces=2
2026-07-26T03:57:56.135492Z  INFO herdr::logging: tab focused event="tab.focus" subsystem="tab" outcome="ok" workspace_id="w6" tab_id="w6:t1"
2026-07-26T03:58:01.144630Z  INFO herdr::logging: session saved event="persist.save" subsystem="persist" outcome="ok" path=/Users/oliver/.config/herdr/session.json workspaces=2
2026-07-26T04:02:29.588981Z  INFO herdr::logging: tab focused event="tab.focus" subsystem="tab" outcome="ok" workspace_id="w6" tab_id="w6:t5"
2026-07-26T04:02:34.598907Z  INFO herdr::logging: session saved event="persist.save" subsystem="persist" outcome="ok" path=/Users/oliver/.config/herdr/session.json workspaces=2
2026-07-26T04:02:51.774336Z  INFO herdr::logging: tab focused event="tab.focus" subsystem="tab" outcome="ok" workspace_id="w6" tab_id="w6:t1"
2026-07-26T04:02:56.786753Z  INFO herdr::logging: session saved event="persist.save" subsystem="persist" outcome="ok" path=/Users/oliver/.config/herdr/session.json workspaces=2
2026-07-26T04:03:01.927897Z  INFO herdr::logging: tab focused event="tab.focus" subsystem="tab" outcome="ok" workspace_id="w6" tab_id="w6:t5"
2026-07-26T04:03:06.936799Z  INFO herdr::logging: session saved event="persist.save" subsystem="persist" outcome="ok" path=/Users/oliver/.config/herdr/session.json workspaces=2
2026-07-26T04:03:12.141192Z  INFO herdr::logging: tab focused event="tab.focus" subsystem="tab" outcome="ok" workspace_id="w6" tab_id="w6:t1"
2026-07-26T04:03:17.146890Z  INFO herdr::logging: session saved event="persist.save" subsystem="persist" outcome="ok" path=/Users/oliver/.config/herdr/session.json workspaces=2
2026-07-26T04:03:29.201692Z  INFO herdr::logging: tab focused event="tab.focus" subsystem="tab" outcome="ok" workspace_id="w6" tab_id="w6:t5"
2026-07-26T04:03:34.204424Z  INFO herdr::logging: session saved event="persist.save" subsystem="persist" outcome="ok" path=/Users/oliver/.config/herdr/session.json workspaces=2
2026-07-26T04:03:38.956676Z  INFO herdr::logging: tab focused event="tab.focus" subsystem="tab" outcome="ok" workspace_id="w6" tab_id="w6:t1"
2026-07-26T04:03:40.981916Z  INFO herdr::logging: tab focused event="tab.focus" subsystem="tab" outcome="ok" workspace_id="w6" tab_id="w6:t5"
2026-07-26T04:03:43.132051Z  INFO herdr::logging: tab focused event="tab.focus" subsystem="tab" outcome="ok" workspace_id="w6" tab_id="w6:t1"
2026-07-26T04:03:46.356442Z  INFO herdr::logging: tab focused event="tab.focus" subsystem="tab" outcome="ok" workspace_id="w6" tab_id="w6:t5"
2026-07-26T04:03:48.474280Z  INFO herdr::logging: tab focused event="tab.focus" subsystem="tab" outcome="ok" workspace_id="w6" tab_id="w6:t1"
2026-07-26T04:03:53.481895Z  INFO herdr::logging: session saved event="persist.save" subsystem="persist" outcome="ok" path=/Users/oliver/.config/herdr/session.json workspaces=2
2026-07-26T04:03:55.134752Z  INFO herdr::pane: agent changed pane=6 previous_agent=None agent=Some(OpenCode) process=opencode pgid=Some(72640)
2026-07-26T04:06:30.201814Z  INFO herdr::pane: agent changed pane=6 previous_agent=Some(OpenCode) agent=None pgid=Some(76319)
2026-07-26T04:09:25.583996Z  INFO herdr::pane: agent changed pane=6 previous_agent=None agent=Some(OpenCode) process=opencode pgid=Some(72640)
2026-07-26T04:11:00.392339Z  INFO herdr::pane: agent changed pane=6 previous_agent=Some(OpenCode) agent=None pgid=Some(76319)
2026-07-26T04:12:43.801015Z  INFO herdr::pane: agent changed pane=6 previous_agent=None agent=Some(OpenCode) process=opencode pgid=Some(72640)
2026-07-26T04:13:16.371131Z  INFO herdr::pane: agent changed pane=6 previous_agent=Some(OpenCode) agent=None pgid=Some(76319)
2026-07-26T04:13:20.385334Z  INFO herdr::app::actions: copied selection to clipboard
2026-07-26T04:13:26.925135Z  INFO herdr::app::actions: copied selection to clipboard
2026-07-26T04:13:28.480056Z  INFO herdr::pane: agent changed pane=6 previous_agent=None agent=Some(OpenCode) process=opencode pgid=Some(72640)
2026-07-26T04:16:35.173515Z  INFO herdr::pane: agent changed pane=6 previous_agent=Some(OpenCode) agent=None pgid=Some(76319)
2026-07-26T04:18:36.021895Z  INFO herdr::pane: agent changed pane=6 previous_agent=None agent=Some(OpenCode) process=opencode pgid=Some(72640)
2026-07-26T04:18:37.241562Z  INFO herdr::pane: agent changed pane=6 previous_agent=Some(OpenCode) agent=None pgid=Some(76319)
2026-07-26T04:27:04.416018Z  INFO herdr::app::actions: copied selection to clipboard
2026-07-26T04:31:59.391565Z  INFO herdr::logging: tab focused event="tab.focus" subsystem="tab" outcome="ok" workspace_id="w6" tab_id="w6:t5"
2026-07-26T04:32:04.405523Z  INFO herdr::logging: session saved event="persist.save" subsystem="persist" outcome="ok" path=/Users/oliver/.config/herdr/session.json workspaces=2
2026-07-26T04:32:05.145684Z  INFO herdr::logging: tab focused event="tab.focus" subsystem="tab" outcome="ok" workspace_id="w6" tab_id="w6:t1"
2026-07-26T04:32:10.153661Z  INFO herdr::logging: session saved event="persist.save" subsystem="persist" outcome="ok" path=/Users/oliver/.config/herdr/session.json workspaces=2
2026-07-26T04:36:48.761525Z  INFO herdr::logging: session saved event="persist.save" subsystem="persist" outcome="ok" path=/Users/oliver/.config/herdr/session.json workspaces=2
2026-07-26T04:46:27.045701Z  INFO herdr::logging: tab focused event="tab.focus" subsystem="tab" outcome="ok" workspace_id="w6" tab_id="w6:t2"
2026-07-26T04:46:32.050501Z  INFO herdr::logging: session saved event="persist.save" subsystem="persist" outcome="ok" path=/Users/oliver/.config/herdr/session.json workspaces=2
2026-07-26T04:46:45.580528Z  INFO herdr::logging: tab focused event="tab.focus" subsystem="tab" outcome="ok" workspace_id="w6" tab_id="w6:t1"
2026-07-26T04:46:51.247988Z  INFO herdr::logging: tab focused event="tab.focus" subsystem="tab" outcome="ok" workspace_id="w6" tab_id="w6:t1"
2026-07-26T04:46:56.258042Z  INFO herdr::logging: session saved event="persist.save" subsystem="persist" outcome="ok" path=/Users/oliver/.config/herdr/session.json workspaces=2
2026-07-26T04:51:58.228592Z  INFO herdr::logging: tab focused event="tab.focus" subsystem="tab" outcome="ok" workspace_id="w6" tab_id="w6:t1"
2026-07-26T04:51:58.747821Z  INFO herdr::logging: tab focused event="tab.focus" subsystem="tab" outcome="ok" workspace_id="w6" tab_id="w6:t2"
2026-07-26T04:52:03.756634Z  INFO herdr::logging: session saved event="persist.save" subsystem="persist" outcome="ok" path=/Users/oliver/.config/herdr/session.json workspaces=2
2026-07-26T04:53:31.979797Z  INFO herdr::logging: tab focused event="tab.focus" subsystem="tab" outcome="ok" workspace_id="w6" tab_id="w6:t1"
2026-07-26T04:53:33.232322Z  INFO herdr::logging: tab focused event="tab.focus" subsystem="tab" outcome="ok" workspace_id="w6" tab_id="w6:t1"
2026-07-26T04:53:38.240238Z  INFO herdr::logging: session saved event="persist.save" subsystem="persist" outcome="ok" path=/Users/oliver/.config/herdr/session.json workspaces=2
2026-07-26T04:53:58.699045Z  INFO herdr::logging: tab focused event="tab.focus" subsystem="tab" outcome="ok" workspace_id="w6" tab_id="w6:t2"
2026-07-26T04:54:03.704724Z  INFO herdr::logging: session saved event="persist.save" subsystem="persist" outcome="ok" path=/Users/oliver/.config/herdr/session.json workspaces=2
2026-07-26T04:54:04.075398Z  INFO herdr::logging: tab focused event="tab.focus" subsystem="tab" outcome="ok" workspace_id="w6" tab_id="w6:t1"
2026-07-26T04:54:09.082455Z  INFO herdr::logging: session saved event="persist.save" subsystem="persist" outcome="ok" path=/Users/oliver/.config/herdr/session.json workspaces=2
2026-07-26T04:54:29.319460Z  INFO herdr::logging: session saved event="persist.save" subsystem="persist" outcome="ok" path=/Users/oliver/.config/herdr/session.json workspaces=2
2026-07-26T04:54:33.956550Z  INFO herdr::logging: tab focused event="tab.focus" subsystem="tab" outcome="ok" workspace_id="w6" tab_id="w6:t2"
2026-07-26T04:54:38.965288Z  INFO herdr::logging: session saved event="persist.save" subsystem="persist" outcome="ok" path=/Users/oliver/.config/herdr/session.json workspaces=2
2026-07-26T04:54:43.944557Z  INFO herdr::logging: tab focused event="tab.focus" subsystem="tab" outcome="ok" workspace_id="w6" tab_id="w6:t1"
2026-07-26T04:54:48.954846Z  INFO herdr::logging: session saved event="persist.save" subsystem="persist" outcome="ok" path=/Users/oliver/.config/herdr/session.json workspaces=2
2026-07-26T04:55:08.973840Z  INFO herdr::logging: tab focused event="tab.focus" subsystem="tab" outcome="ok" workspace_id="w6" tab_id="w6:t2"
2026-07-26T04:55:13.979787Z  INFO herdr::logging: session saved event="persist.save" subsystem="persist" outcome="ok" path=/Users/oliver/.config/herdr/session.json workspaces=2
2026-07-26T04:55:21.811110Z  INFO herdr::logging: tab focused event="tab.focus" subsystem="tab" outcome="ok" workspace_id="w6" tab_id="w6:t1"
2026-07-26T04:55:26.816181Z  INFO herdr::logging: session saved event="persist.save" subsystem="persist" outcome="ok" path=/Users/oliver/.config/herdr/session.json workspaces=2
2026-07-26T05:46:56.875311Z  INFO herdr::app::actions: copied selection to clipboard
2026-07-26T06:11:55.158685Z  INFO herdr::app::actions: copied selection to clipboard
2026-07-26T06:37:36.197143Z  INFO herdr::pane: agent changed pane=15 previous_agent=None agent=Some(OpenCode) process=opencode pgid=Some(5689)
2026-07-26T06:37:44.391074Z  INFO herdr::pane: agent changed pane=15 previous_agent=Some(OpenCode) agent=None pgid=Some(80726)
2026-07-26T06:38:19.281330Z  INFO herdr::pane: agent changed pane=15 previous_agent=None agent=Some(OpenCode) process=opencode pgid=Some(6513)
2026-07-26T06:38:26.264244Z  INFO herdr::pane: agent changed pane=15 previous_agent=Some(OpenCode) agent=None pgid=Some(80726)
2026-07-26T06:38:27.777816Z  INFO herdr::pane: agent changed pane=15 previous_agent=None agent=Some(OpenCode) process=opencode pgid=Some(6513)
2026-07-26T06:40:55.308067Z  INFO herdr::pane: agent changed pane=15 previous_agent=Some(OpenCode) agent=None pgid=Some(80726)
2026-07-26T06:40:56.827040Z  INFO herdr::pane: agent changed pane=15 previous_agent=None agent=Some(OpenCode) process=opencode pgid=Some(6513)
2026-07-26T06:40:58.653467Z  INFO herdr::pane: agent changed pane=15 previous_agent=Some(OpenCode) agent=None pgid=Some(80726)
2026-07-26T06:45:15.362753Z  INFO herdr::logging: session saved event="persist.save" subsystem="persist" outcome="ok" path=/Users/oliver/.config/herdr/session.json workspaces=2
2026-07-26T06:45:30.151224Z  INFO herdr::logging: session saved event="persist.save" subsystem="persist" outcome="ok" path=/Users/oliver/.config/herdr/session.json workspaces=2
2026-07-26T06:51:30.523545Z  INFO herdr::app::actions: copied selection to clipboard
2026-07-26T06:51:36.028561Z  INFO herdr::pane: agent changed pane=15 previous_agent=None agent=Some(OpenCode) process=opencode pgid=Some(6513)
2026-07-26T06:51:38.766583Z  INFO herdr::pane: agent changed pane=15 previous_agent=Some(OpenCode) agent=None pgid=Some(80726)
2026-07-26T06:51:45.444254Z  INFO herdr::logging: tab focused event="tab.focus" subsystem="tab" outcome="ok" workspace_id="w6" tab_id="w6:t1"
2026-07-26T06:51:50.454061Z  INFO herdr::logging: session saved event="persist.save" subsystem="persist" outcome="ok" path=/Users/oliver/.config/herdr/session.json workspaces=2
2026-07-26T06:59:24.940806Z  INFO herdr::logging: tab focused event="tab.focus" subsystem="tab" outcome="ok" workspace_id="w6" tab_id="w6:t1"
2026-07-26T06:59:29.955904Z  INFO herdr::logging: session saved event="persist.save" subsystem="persist" outcome="ok" path=/Users/oliver/.config/herdr/session.json workspaces=2
2026-07-26T06:59:31.081221Z  INFO herdr::logging: tab focused event="tab.focus" subsystem="tab" outcome="ok" workspace_id="w6" tab_id="w6:t1"
2026-07-26T06:59:35.332425Z  INFO herdr::logging: tab focused event="tab.focus" subsystem="tab" outcome="ok" workspace_id="w6" tab_id="w6:t1"
2026-07-26T06:59:40.340051Z  INFO herdr::logging: session saved event="persist.save" subsystem="persist" outcome="ok" path=/Users/oliver/.config/herdr/session.json workspaces=2
2026-07-26T06:59:41.337265Z  INFO herdr::logging: tab focused event="tab.focus" subsystem="tab" outcome="ok" workspace_id="w6" tab_id="w6:t1"
2026-07-26T06:59:44.482796Z  INFO herdr::logging: tab focused event="tab.focus" subsystem="tab" outcome="ok" workspace_id="w6" tab_id="w6:t1"
2026-07-26T06:59:49.496167Z  INFO herdr::logging: session saved event="persist.save" subsystem="persist" outcome="ok" path=/Users/oliver/.config/herdr/session.json workspaces=2
2026-07-26T07:00:29.103304Z  INFO herdr::logging: tab focused event="tab.focus" subsystem="tab" outcome="ok" workspace_id="w6" tab_id="w6:t1"
2026-07-26T07:00:34.114508Z  INFO herdr::logging: session saved event="persist.save" subsystem="persist" outcome="ok" path=/Users/oliver/.config/herdr/session.json workspaces=2
2026-07-26T07:00:49.030771Z  INFO herdr::logging: tab focused event="tab.focus" subsystem="tab" outcome="ok" workspace_id="w6" tab_id="w6:t1"
2026-07-26T07:00:54.040267Z  INFO herdr::logging: session saved event="persist.save" subsystem="persist" outcome="ok" path=/Users/oliver/.config/herdr/session.json workspaces=2
2026-07-26T07:01:07.502891Z  INFO herdr::logging: tab focused event="tab.focus" subsystem="tab" outcome="ok" workspace_id="w6" tab_id="w6:t1"
2026-07-26T07:01:12.511732Z  INFO herdr::logging: session saved event="persist.save" subsystem="persist" outcome="ok" path=/Users/oliver/.config/herdr/session.json workspaces=2
2026-07-26T07:01:15.052699Z  INFO herdr::logging: tab focused event="tab.focus" subsystem="tab" outcome="ok" workspace_id="w6" tab_id="w6:t1"
2026-07-26T07:01:20.061142Z  INFO herdr::logging: session saved event="persist.save" subsystem="persist" outcome="ok" path=/Users/oliver/.config/herdr/session.json workspaces=2
2026-07-26T07:01:29.477536Z  INFO herdr::logging: tab focused event="tab.focus" subsystem="tab" outcome="ok" workspace_id="w6" tab_id="w6:t1"
2026-07-26T07:01:34.487188Z  INFO herdr::logging: session saved event="persist.save" subsystem="persist" outcome="ok" path=/Users/oliver/.config/herdr/session.json workspaces=2
2026-07-26T07:03:46.916722Z  INFO herdr::pane: agent changed pane=6 previous_agent=None agent=Some(OpenCode) process=opencode pgid=Some(72640)
2026-07-26T07:03:52.375910Z  INFO herdr::pane: agent changed pane=6 previous_agent=Some(OpenCode) agent=None pgid=Some(76319)
2026-07-26T12:17:02.056512Z  INFO herdr::server::headless: client resize client_id=18 cols=207 rows=59 cell_width_px=0 cell_height_px=0
2026-07-26T12:19:09.948449Z  INFO herdr::server::headless: client resize client_id=18 cols=211 rows=59 cell_width_px=0 cell_height_px=0
2026-07-27T02:50:25.611307Z  INFO herdr::logging: spawning pane terminal event="pane.spawn.start" subsystem="pane" outcome="started" pane_id=23 rows=44 cols=207 scrollback_limit_bytes=10000000
2026-07-27T02:50:25.621015Z  INFO herdr::logging: pane child spawned event="pane.spawned" subsystem="pane" outcome="ok" pane_id=23 pid=66032
2026-07-27T02:50:25.621270Z  INFO herdr::logging: tab renamed event="tab.rename" subsystem="tab" outcome="ok" workspace_id="w6" tab_id="w6:t6"
2026-07-27T02:50:25.621290Z  INFO herdr::logging: tab focused event="tab.focus" subsystem="tab" outcome="ok" workspace_id="w6" tab_id="w6:t6"
2026-07-27T02:50:30.625839Z  INFO herdr::logging: session saved event="persist.save" subsystem="persist" outcome="ok" path=/Users/oliver/.config/herdr/session.json workspaces=2
2026-07-27T02:55:16.279949Z  INFO herdr::logging: pane child exited event="pane.exit" subsystem="pane" outcome="completed" pane_id=23 status="ExitStatus { code: 0, signal: None }"
2026-07-27T02:55:16.280267Z  INFO herdr::pane: pane session terminated pane=23 pid=66032 signal=Hangup
2026-07-27T02:55:16.760868Z  INFO herdr::logging: tab focused event="tab.focus" subsystem="tab" outcome="ok" workspace_id="w6" tab_id="w6:t1"
2026-07-27T02:55:21.765428Z  INFO herdr::logging: session saved event="persist.save" subsystem="persist" outcome="ok" path=/Users/oliver/.config/herdr/session.json workspaces=2
2026-07-27T02:58:39.291496Z  INFO herdr::logging: tab focused event="tab.focus" subsystem="tab" outcome="ok" workspace_id="w6" tab_id="w6:t1"
2026-07-27T02:58:44.312034Z  INFO herdr::logging: session saved event="persist.save" subsystem="persist" outcome="ok" path=/Users/oliver/.config/herdr/session.json workspaces=2
2026-07-27T02:58:53.804007Z  INFO herdr::logging: tab focused event="tab.focus" subsystem="tab" outcome="ok" workspace_id="w6" tab_id="w6:t1"
2026-07-27T02:58:58.817481Z  INFO herdr::logging: session saved event="persist.save" subsystem="persist" outcome="ok" path=/Users/oliver/.config/herdr/session.json workspaces=2
2026-07-27T03:00:44.050943Z  INFO herdr::logging: tab focused event="tab.focus" subsystem="tab" outcome="ok" workspace_id="w6" tab_id="w6:t2"
2026-07-27T03:00:49.063287Z  INFO herdr::logging: session saved event="persist.save" subsystem="persist" outcome="ok" path=/Users/oliver/.config/herdr/session.json workspaces=2
2026-07-27T03:09:56.293295Z  INFO herdr::app::actions: copied selection to clipboard
2026-07-27T03:17:14.318298Z  INFO herdr::logging: tab focused event="tab.focus" subsystem="tab" outcome="ok" workspace_id="w6" tab_id="w6:t1"
2026-07-27T03:17:19.335122Z  INFO herdr::logging: session saved event="persist.save" subsystem="persist" outcome="ok" path=/Users/oliver/.config/herdr/session.json workspaces=2
2026-07-27T03:18:34.751646Z  INFO herdr::logging: tab focused event="tab.focus" subsystem="tab" outcome="ok" workspace_id="w6" tab_id="w6:t2"
2026-07-27T03:18:39.762485Z  INFO herdr::logging: session saved event="persist.save" subsystem="persist" outcome="ok" path=/Users/oliver/.config/herdr/session.json workspaces=2
2026-07-27T03:18:45.218868Z  INFO herdr::logging: tab focused event="tab.focus" subsystem="tab" outcome="ok" workspace_id="w6" tab_id="w6:t1"
2026-07-27T03:18:46.480506Z  INFO herdr::logging: tab focused event="tab.focus" subsystem="tab" outcome="ok" workspace_id="w6" tab_id="w6:t1"
2026-07-27T03:18:49.673695Z  INFO herdr::logging: pane child exited event="pane.exit" subsystem="pane" outcome="completed" pane_id=15 status="ExitStatus { code: 0, signal: None }"
2026-07-27T03:18:49.673788Z  INFO herdr::pane: pane session terminated pane=15 pid=80726 signal=Hangup
2026-07-27T03:18:53.389557Z  INFO herdr::logging: tab focused event="tab.focus" subsystem="tab" outcome="ok" workspace_id="w6" tab_id="w6:t4"
2026-07-27T03:18:58.396911Z  INFO herdr::logging: session saved event="persist.save" subsystem="persist" outcome="ok" path=/Users/oliver/.config/herdr/session.json workspaces=2
2026-07-27T03:19:11.058374Z  INFO herdr::logging: tab renamed event="tab.rename" subsystem="tab" outcome="ok" workspace_id="w6" tab_id="w6:t4"
2026-07-27T03:19:16.065616Z  INFO herdr::logging: session saved event="persist.save" subsystem="persist" outcome="ok" path=/Users/oliver/.config/herdr/session.json workspaces=2
2026-07-27T03:20:17.419857Z  INFO herdr::app::actions: copied selection to clipboard
2026-07-27T03:23:30.681568Z  INFO herdr::logging: tab focused event="tab.focus" subsystem="tab" outcome="ok" workspace_id="w6" tab_id="w6:t2"
2026-07-27T03:23:35.695196Z  INFO herdr::logging: session saved event="persist.save" subsystem="persist" outcome="ok" path=/Users/oliver/.config/herdr/session.json workspaces=2
2026-07-27T03:38:26.231076Z  INFO herdr::logging: tab focused event="tab.focus" subsystem="tab" outcome="ok" workspace_id="w6" tab_id="w6:t2"
2026-07-27T03:38:31.236610Z  INFO herdr::logging: session saved event="persist.save" subsystem="persist" outcome="ok" path=/Users/oliver/.config/herdr/session.json workspaces=2
2026-07-27T03:38:37.419166Z  INFO herdr::logging: tab focused event="tab.focus" subsystem="tab" outcome="ok" workspace_id="w6" tab_id="w6:t2"
2026-07-27T03:38:42.427375Z  INFO herdr::logging: session saved event="persist.save" subsystem="persist" outcome="ok" path=/Users/oliver/.config/herdr/session.json workspaces=2
2026-07-27T03:43:38.176356Z  INFO herdr::logging: tab focused event="tab.focus" subsystem="tab" outcome="ok" workspace_id="w6" tab_id="w6:t2"
2026-07-27T03:43:39.106227Z  INFO herdr::logging: tab focused event="tab.focus" subsystem="tab" outcome="ok" workspace_id="w6" tab_id="w6:t2"
2026-07-27T03:43:44.114165Z  INFO herdr::logging: session saved event="persist.save" subsystem="persist" outcome="ok" path=/Users/oliver/.config/herdr/session.json workspaces=2
2026-07-27T03:43:49.240085Z  INFO herdr::logging: tab focused event="tab.focus" subsystem="tab" outcome="ok" workspace_id="w6" tab_id="w6:t2"
2026-07-27T03:43:54.244952Z  INFO herdr::logging: session saved event="persist.save" subsystem="persist" outcome="ok" path=/Users/oliver/.config/herdr/session.json workspaces=2
2026-07-27T03:44:00.518533Z  INFO herdr::logging: tab focused event="tab.focus" subsystem="tab" outcome="ok" workspace_id="w6" tab_id="w6:t2"
2026-07-27T03:44:05.527715Z  INFO herdr::logging: session saved event="persist.save" subsystem="persist" outcome="ok" path=/Users/oliver/.config/herdr/session.json workspaces=2
2026-07-27T03:44:24.845862Z  INFO herdr::logging: tab focused event="tab.focus" subsystem="tab" outcome="ok" workspace_id="w6" tab_id="w6:t2"
2026-07-27T03:44:29.854650Z  INFO herdr::logging: session saved event="persist.save" subsystem="persist" outcome="ok" path=/Users/oliver/.config/herdr/session.json workspaces=2
2026-07-27T03:44:33.466057Z  INFO herdr::logging: tab focused event="tab.focus" subsystem="tab" outcome="ok" workspace_id="w6" tab_id="w6:t2"
2026-07-27T03:44:38.469867Z  INFO herdr::logging: session saved event="persist.save" subsystem="persist" outcome="ok" path=/Users/oliver/.config/herdr/session.json workspaces=2
2026-07-27T03:44:45.953372Z  INFO herdr::logging: tab focused event="tab.focus" subsystem="tab" outcome="ok" workspace_id="w6" tab_id="w6:t2"
2026-07-27T03:44:50.961201Z  INFO herdr::logging: session saved event="persist.save" subsystem="persist" outcome="ok" path=/Users/oliver/.config/herdr/session.json workspaces=2
2026-07-27T03:44:52.394526Z  INFO herdr::logging: tab focused event="tab.focus" subsystem="tab" outcome="ok" workspace_id="w6" tab_id="w6:t1"
2026-07-27T03:44:54.789531Z  INFO herdr::logging: tab focused event="tab.focus" subsystem="tab" outcome="ok" workspace_id="w6" tab_id="w6:t2"
2026-07-27T03:44:56.659568Z  INFO herdr::logging: tab focused event="tab.focus" subsystem="tab" outcome="ok" workspace_id="w6" tab_id="w6:t2"
2026-07-27T03:45:01.666436Z  INFO herdr::logging: session saved event="persist.save" subsystem="persist" outcome="ok" path=/Users/oliver/.config/herdr/session.json workspaces=2
2026-07-27T03:51:00.891675Z  INFO herdr::logging: tab focused event="tab.focus" subsystem="tab" outcome="ok" workspace_id="w6" tab_id="w6:t2"
2026-07-27T03:51:05.903190Z  INFO herdr::logging: session saved event="persist.save" subsystem="persist" outcome="ok" path=/Users/oliver/.config/herdr/session.json workspaces=2
2026-07-27T03:51:08.153896Z  INFO herdr::logging: tab focused event="tab.focus" subsystem="tab" outcome="ok" workspace_id="w6" tab_id="w6:t2"
2026-07-27T03:51:13.156697Z  INFO herdr::logging: session saved event="persist.save" subsystem="persist" outcome="ok" path=/Users/oliver/.config/herdr/session.json workspaces=2
2026-07-27T03:52:08.416308Z  INFO herdr::logging: tab focused event="tab.focus" subsystem="tab" outcome="ok" workspace_id="w6" tab_id="w6:t2"
2026-07-27T03:52:13.421949Z  INFO herdr::logging: session saved event="persist.save" subsystem="persist" outcome="ok" path=/Users/oliver/.config/herdr/session.json workspaces=2
2026-07-27T03:55:46.909670Z  INFO herdr::logging: tab focused event="tab.focus" subsystem="tab" outcome="ok" workspace_id="w6" tab_id="w6:t2"
2026-07-27T03:55:51.914906Z  INFO herdr::logging: session saved event="persist.save" subsystem="persist" outcome="ok" path=/Users/oliver/.config/herdr/session.json workspaces=2
2026-07-27T03:56:38.496706Z  INFO herdr::logging: tab focused event="tab.focus" subsystem="tab" outcome="ok" workspace_id="w6" tab_id="w6:t2"
2026-07-27T03:56:43.501401Z  INFO herdr::logging: session saved event="persist.save" subsystem="persist" outcome="ok" path=/Users/oliver/.config/herdr/session.json workspaces=2
2026-07-27T03:57:11.354777Z  INFO herdr::logging: tab focused event="tab.focus" subsystem="tab" outcome="ok" workspace_id="w6" tab_id="w6:t2"
2026-07-27T03:57:16.360197Z  INFO herdr::logging: session saved event="persist.save" subsystem="persist" outcome="ok" path=/Users/oliver/.config/herdr/session.json workspaces=2
2026-07-27T08:13:35.860259Z  INFO herdr::logging: session saved event="persist.save" subsystem="persist" outcome="ok" path=/Users/oliver/.config/herdr/session.json workspaces=2
2026-07-27T08:22:11.173751Z  INFO herdr::logging: tab focused event="tab.focus" subsystem="tab" outcome="ok" workspace_id="w6" tab_id="w6:t2"
2026-07-27T08:22:16.185904Z  INFO herdr::logging: session saved event="persist.save" subsystem="persist" outcome="ok" path=/Users/oliver/.config/herdr/session.json workspaces=2
2026-07-27T08:23:29.169554Z  INFO herdr::logging: tab focused event="tab.focus" subsystem="tab" outcome="ok" workspace_id="w6" tab_id="w6:t2"
2026-07-27T08:23:34.175285Z  INFO herdr::logging: session saved event="persist.save" subsystem="persist" outcome="ok" path=/Users/oliver/.config/herdr/session.json workspaces=2
2026-07-27T08:29:47.047826Z  INFO herdr::logging: tab focused event="tab.focus" subsystem="tab" outcome="ok" workspace_id="w6" tab_id="w6:t2"
2026-07-27T08:29:52.056531Z  INFO herdr::logging: session saved event="persist.save" subsystem="persist" outcome="ok" path=/Users/oliver/.config/herdr/session.json workspaces=2
2026-07-27T08:31:09.138851Z  INFO herdr::logging: session saved event="persist.save" subsystem="persist" outcome="ok" path=/Users/oliver/.config/herdr/session.json workspaces=2
2026-07-27T08:31:09.957897Z  INFO herdr::app::actions: copied selection to clipboard
2026-07-27T08:32:12.204839Z  INFO herdr::logging: tab focused event="tab.focus" subsystem="tab" outcome="ok" workspace_id="w6" tab_id="w6:t2"
2026-07-27T08:32:17.212514Z  INFO herdr::logging: session saved event="persist.save" subsystem="persist" outcome="ok" path=/Users/oliver/.config/herdr/session.json workspaces=2
2026-07-27T08:34:46.752168Z  INFO herdr::logging: tab focused event="tab.focus" subsystem="tab" outcome="ok" workspace_id="w6" tab_id="w6:t2"
2026-07-27T08:34:51.761492Z  INFO herdr::logging: session saved event="persist.save" subsystem="persist" outcome="ok" path=/Users/oliver/.config/herdr/session.json workspaces=2
2026-07-27T08:35:09.335984Z  INFO herdr::logging: tab focused event="tab.focus" subsystem="tab" outcome="ok" workspace_id="w6" tab_id="w6:t2"
2026-07-27T08:35:16.805615Z  INFO herdr::logging: session saved event="persist.save" subsystem="persist" outcome="ok" path=/Users/oliver/.config/herdr/session.json workspaces=2
2026-07-27T08:36:23.838261Z  INFO herdr::app::actions: copied selection to clipboard
2026-07-27T08:39:43.309653Z  INFO herdr::logging: tab focused event="tab.focus" subsystem="tab" outcome="ok" workspace_id="w6" tab_id="w6:t2"
2026-07-27T08:39:48.316653Z  INFO herdr::logging: session saved event="persist.save" subsystem="persist" outcome="ok" path=/Users/oliver/.config/herdr/session.json workspaces=2
2026-07-27T08:39:58.438152Z  INFO herdr::logging: tab focused event="tab.focus" subsystem="tab" outcome="ok" workspace_id="w6" tab_id="w6:t2"
2026-07-27T08:40:03.449536Z  INFO herdr::logging: session saved event="persist.save" subsystem="persist" outcome="ok" path=/Users/oliver/.config/herdr/session.json workspaces=2
2026-07-27T08:40:08.659120Z  INFO herdr::logging: tab focused event="tab.focus" subsystem="tab" outcome="ok" workspace_id="w6" tab_id="w6:t1"
2026-07-27T08:40:09.486359Z  INFO herdr::logging: tab focused event="tab.focus" subsystem="tab" outcome="ok" workspace_id="w6" tab_id="w6:t2"
2026-07-27T08:40:12.187381Z  INFO herdr::app::actions: copied selection to clipboard
2026-07-27T08:40:14.503311Z  INFO herdr::logging: session saved event="persist.save" subsystem="persist" outcome="ok" path=/Users/oliver/.config/herdr/session.json workspaces=2
2026-07-27T08:40:17.099122Z  INFO herdr::app::actions: copied double-clicked token to clipboard
2026-07-27T08:40:46.453895Z  INFO herdr::logging: tab focused event="tab.focus" subsystem="tab" outcome="ok" workspace_id="w6" tab_id="w6:t2"
2026-07-27T08:40:50.503691Z  INFO herdr::logging: tab focused event="tab.focus" subsystem="tab" outcome="ok" workspace_id="w6" tab_id="w6:t2"
2026-07-27T08:40:55.513133Z  INFO herdr::logging: session saved event="persist.save" subsystem="persist" outcome="ok" path=/Users/oliver/.config/herdr/session.json workspaces=2
2026-07-27T08:43:52.064424Z  INFO herdr::logging: tab focused event="tab.focus" subsystem="tab" outcome="ok" workspace_id="w6" tab_id="w6:t2"
2026-07-27T08:43:53.253730Z  INFO herdr::logging: tab focused event="tab.focus" subsystem="tab" outcome="ok" workspace_id="w6" tab_id="w6:t2"
2026-07-27T08:43:58.257135Z  INFO herdr::logging: session saved event="persist.save" subsystem="persist" outcome="ok" path=/Users/oliver/.config/herdr/session.json workspaces=2
2026-07-27T08:53:22.213406Z  INFO herdr::logging: session saved event="persist.save" subsystem="persist" outcome="ok" path=/Users/oliver/.config/herdr/session.json workspaces=2
2026-07-27T09:02:03.885101Z  INFO herdr::app::actions: copied selection to clipboard
2026-07-27T09:03:56.251079Z  INFO herdr::app::actions: copied selection to clipboard
2026-07-27T09:06:49.880703Z  INFO herdr::logging: tab focused event="tab.focus" subsystem="tab" outcome="ok" workspace_id="w6" tab_id="w6:t5"
2026-07-27T09:06:54.885960Z  INFO herdr::logging: session saved event="persist.save" subsystem="persist" outcome="ok" path=/Users/oliver/.config/herdr/session.json workspaces=2
2026-07-27T09:07:22.555064Z  INFO herdr::logging: tab focused event="tab.focus" subsystem="tab" outcome="ok" workspace_id="w6" tab_id="w6:t2"
2026-07-27T09:07:27.557698Z  INFO herdr::logging: session saved event="persist.save" subsystem="persist" outcome="ok" path=/Users/oliver/.config/herdr/session.json workspaces=2
2026-07-27T09:09:14.955665Z  INFO herdr::logging: tab focused event="tab.focus" subsystem="tab" outcome="ok" workspace_id="w6" tab_id="w6:t5"
2026-07-27T09:09:19.960348Z  INFO herdr::logging: session saved event="persist.save" subsystem="persist" outcome="ok" path=/Users/oliver/.config/herdr/session.json workspaces=2
2026-07-27T09:09:27.447371Z  INFO herdr::logging: tab focused event="tab.focus" subsystem="tab" outcome="ok" workspace_id="w6" tab_id="w6:t2"
2026-07-27T09:09:32.451154Z  INFO herdr::logging: session saved event="persist.save" subsystem="persist" outcome="ok" path=/Users/oliver/.config/herdr/session.json workspaces=2
2026-07-27T09:09:49.136944Z  INFO herdr::logging: tab focused event="tab.focus" subsystem="tab" outcome="ok" workspace_id="w6" tab_id="w6:t5"
2026-07-27T09:09:51.136862Z  INFO herdr::logging: tab focused event="tab.focus" subsystem="tab" outcome="ok" workspace_id="w6" tab_id="w6:t2"
2026-07-27T09:09:56.141320Z  INFO herdr::logging: session saved event="persist.save" subsystem="persist" outcome="ok" path=/Users/oliver/.config/herdr/session.json workspaces=2
2026-07-27T09:31:32.458871Z  INFO herdr::logging: tab focused event="tab.focus" subsystem="tab" outcome="ok" workspace_id="w6" tab_id="w6:t5"
2026-07-27T09:31:37.466269Z  INFO herdr::logging: session saved event="persist.save" subsystem="persist" outcome="ok" path=/Users/oliver/.config/herdr/session.json workspaces=2
2026-07-27T09:31:42.701277Z  INFO herdr::logging: tab focused event="tab.focus" subsystem="tab" outcome="ok" workspace_id="w6" tab_id="w6:t2"
2026-07-27T09:31:47.704318Z  INFO herdr::logging: session saved event="persist.save" subsystem="persist" outcome="ok" path=/Users/oliver/.config/herdr/session.json workspaces=2
2026-07-27T09:31:49.639082Z  INFO herdr::logging: tab focused event="tab.focus" subsystem="tab" outcome="ok" workspace_id="w6" tab_id="w6:t5"
2026-07-27T09:31:53.881794Z  INFO herdr::logging: tab focused event="tab.focus" subsystem="tab" outcome="ok" workspace_id="w6" tab_id="w6:t1"
2026-07-27T09:31:55.224705Z  INFO herdr::logging: tab focused event="tab.focus" subsystem="tab" outcome="ok" workspace_id="w6" tab_id="w6:t2"
2026-07-27T09:32:00.238533Z  INFO herdr::logging: session saved event="persist.save" subsystem="persist" outcome="ok" path=/Users/oliver/.config/herdr/session.json workspaces=2
2026-07-27T09:32:07.514846Z  INFO herdr::logging: tab focused event="tab.focus" subsystem="tab" outcome="ok" workspace_id="w6" tab_id="w6:t5"
2026-07-27T09:32:12.523653Z  INFO herdr::logging: session saved event="persist.save" subsystem="persist" outcome="ok" path=/Users/oliver/.config/herdr/session.json workspaces=2
2026-07-27T09:32:18.621053Z  INFO herdr::logging: tab focused event="tab.focus" subsystem="tab" outcome="ok" workspace_id="w6" tab_id="w6:t2"
2026-07-27T09:32:23.626348Z  INFO herdr::logging: session saved event="persist.save" subsystem="persist" outcome="ok" path=/Users/oliver/.config/herdr/session.json workspaces=2
2026-07-27T10:13:07.386205Z  INFO herdr::logging: session saved event="persist.save" subsystem="persist" outcome="ok" path=/Users/oliver/.config/herdr/session.json workspaces=2
2026-07-27T10:16:41.926583Z  INFO herdr::logging: tab focused event="tab.focus" subsystem="tab" outcome="ok" workspace_id="w6" tab_id="w6:t5"
2026-07-27T10:16:46.936949Z  INFO herdr::logging: session saved event="persist.save" subsystem="persist" outcome="ok" path=/Users/oliver/.config/herdr/session.json workspaces=2
2026-07-27T10:17:13.443918Z  INFO herdr::logging: tab focused event="tab.focus" subsystem="tab" outcome="ok" workspace_id="w6" tab_id="w6:t1"
2026-07-27T10:17:13.984639Z  INFO herdr::logging: tab focused event="tab.focus" subsystem="tab" outcome="ok" workspace_id="w6" tab_id="w6:t2"
2026-07-27T10:17:19.002838Z  INFO herdr::logging: session saved event="persist.save" subsystem="persist" outcome="ok" path=/Users/oliver/.config/herdr/session.json workspaces=2
2026-07-27T10:17:27.694528Z  INFO herdr::logging: tab focused event="tab.focus" subsystem="tab" outcome="ok" workspace_id="w6" tab_id="w6:t5"
2026-07-27T10:17:31.845553Z  INFO herdr::logging: tab focused event="tab.focus" subsystem="tab" outcome="ok" workspace_id="w6" tab_id="w6:t2"
2026-07-27T10:17:36.851776Z  INFO herdr::logging: session saved event="persist.save" subsystem="persist" outcome="ok" path=/Users/oliver/.config/herdr/session.json workspaces=2
2026-07-27T10:27:45.196756Z  INFO herdr::logging: tab focused event="tab.focus" subsystem="tab" outcome="ok" workspace_id="w6" tab_id="w6:t5"
2026-07-27T10:27:50.201895Z  INFO herdr::logging: session saved event="persist.save" subsystem="persist" outcome="ok" path=/Users/oliver/.config/herdr/session.json workspaces=2
2026-07-27T10:28:16.699347Z  INFO herdr::logging: tab focused event="tab.focus" subsystem="tab" outcome="ok" workspace_id="w6" tab_id="w6:t2"
2026-07-27T10:28:21.705116Z  INFO herdr::logging: session saved event="persist.save" subsystem="persist" outcome="ok" path=/Users/oliver/.config/herdr/session.json workspaces=2
2026-07-27T10:28:22.509050Z  INFO herdr::logging: tab focused event="tab.focus" subsystem="tab" outcome="ok" workspace_id="w6" tab_id="w6:t5"
2026-07-27T10:28:27.518210Z  INFO herdr::logging: session saved event="persist.save" subsystem="persist" outcome="ok" path=/Users/oliver/.config/herdr/session.json workspaces=2
2026-07-27T10:28:42.368518Z  INFO herdr::logging: tab focused event="tab.focus" subsystem="tab" outcome="ok" workspace_id="w6" tab_id="w6:t2"
2026-07-27T10:28:47.373427Z  INFO herdr::logging: session saved event="persist.save" subsystem="persist" outcome="ok" path=/Users/oliver/.config/herdr/session.json workspaces=2
2026-07-27T10:31:10.579130Z  INFO herdr::logging: tab focused event="tab.focus" subsystem="tab" outcome="ok" workspace_id="w6" tab_id="w6:t5"
2026-07-27T10:31:15.583811Z  INFO herdr::logging: session saved event="persist.save" subsystem="persist" outcome="ok" path=/Users/oliver/.config/herdr/session.json workspaces=2
2026-07-27T10:31:19.633428Z  INFO herdr::logging: tab focused event="tab.focus" subsystem="tab" outcome="ok" workspace_id="w6" tab_id="w6:t2"
2026-07-27T10:31:20.470089Z  INFO herdr::logging: tab focused event="tab.focus" subsystem="tab" outcome="ok" workspace_id="w6" tab_id="w6:t5"
2026-07-27T10:31:21.569732Z  INFO herdr::logging: tab focused event="tab.focus" subsystem="tab" outcome="ok" workspace_id="w6" tab_id="w6:t2"
2026-07-27T10:31:26.574127Z  INFO herdr::logging: session saved event="persist.save" subsystem="persist" outcome="ok" path=/Users/oliver/.config/herdr/session.json workspaces=2
2026-07-27T10:36:04.851504Z  INFO herdr::logging: tab focused event="tab.focus" subsystem="tab" outcome="ok" workspace_id="w6" tab_id="w6:t5"
2026-07-27T10:36:09.365486Z  INFO herdr::logging: tab focused event="tab.focus" subsystem="tab" outcome="ok" workspace_id="w6" tab_id="w6:t1"
2026-07-27T10:36:10.100935Z  INFO herdr::logging: tab focused event="tab.focus" subsystem="tab" outcome="ok" workspace_id="w6" tab_id="w6:t2"
2026-07-27T10:36:13.585706Z  INFO herdr::logging: tab focused event="tab.focus" subsystem="tab" outcome="ok" workspace_id="w6" tab_id="w6:t5"
2026-07-27T10:36:18.595531Z  INFO herdr::logging: session saved event="persist.save" subsystem="persist" outcome="ok" path=/Users/oliver/.config/herdr/session.json workspaces=2
2026-07-27T10:36:20.579792Z  INFO herdr::logging: tab focused event="tab.focus" subsystem="tab" outcome="ok" workspace_id="w6" tab_id="w6:t2"
2026-07-27T10:36:25.588841Z  INFO herdr::logging: session saved event="persist.save" subsystem="persist" outcome="ok" path=/Users/oliver/.config/herdr/session.json workspaces=2
2026-07-27T10:36:46.800528Z  INFO herdr::logging: tab focused event="tab.focus" subsystem="tab" outcome="ok" workspace_id="w6" tab_id="w6:t5"
2026-07-27T10:36:51.817018Z  INFO herdr::logging: session saved event="persist.save" subsystem="persist" outcome="ok" path=/Users/oliver/.config/herdr/session.json workspaces=2
2026-07-27T10:36:52.304955Z  INFO herdr::logging: tab focused event="tab.focus" subsystem="tab" outcome="ok" workspace_id="w6" tab_id="w6:t2"
2026-07-27T10:36:55.725798Z  INFO herdr::logging: tab focused event="tab.focus" subsystem="tab" outcome="ok" workspace_id="w6" tab_id="w6:t5"
2026-07-27T10:37:00.733437Z  INFO herdr::logging: session saved event="persist.save" subsystem="persist" outcome="ok" path=/Users/oliver/.config/herdr/session.json workspaces=2
2026-07-27T10:37:05.495489Z  INFO herdr::logging: tab focused event="tab.focus" subsystem="tab" outcome="ok" workspace_id="w6" tab_id="w6:t2"
2026-07-27T10:37:10.499724Z  INFO herdr::logging: session saved event="persist.save" subsystem="persist" outcome="ok" path=/Users/oliver/.config/herdr/session.json workspaces=2
2026-07-27T10:38:40.404326Z  INFO herdr::app::actions: copied selection to clipboard
2026-07-27T10:55:26.696366Z  INFO herdr::pane: agent changed pane=9 previous_agent=None agent=Some(OpenCode) process=opencode pgid=Some(69320)
2026-07-27T10:55:54.975466Z  INFO herdr::pane: agent changed pane=9 previous_agent=Some(OpenCode) agent=None pgid=Some(77672)
2026-07-27T10:56:00.726508Z  INFO herdr::app::actions: copied selection to clipboard
2026-07-27T10:56:04.080935Z  INFO herdr::pane: agent changed pane=9 previous_agent=None agent=Some(OpenCode) process=opencode pgid=Some(69320)
2026-07-27T10:58:52.366957Z  INFO herdr::pane: agent changed pane=9 previous_agent=Some(OpenCode) agent=None pgid=Some(77672)
2026-07-28T01:52:21.651763Z  INFO herdr::logging: tab focused event="tab.focus" subsystem="tab" outcome="ok" workspace_id="w6" tab_id="w6:t5"
2026-07-28T01:52:24.140717Z  INFO herdr::logging: pane child exited event="pane.exit" subsystem="pane" outcome="completed" pane_id=20 status="ExitStatus { code: 1, signal: None }"
2026-07-28T01:52:24.158817Z  INFO herdr::pane: pane session terminated pane=20 pid=15443 signal=Hangup
2026-07-28T01:52:24.159450Z  WARN herdr::app::actions: PaneDied for unknown pane pane=20
2026-07-28T01:52:29.046960Z  INFO herdr::logging: tab focused event="tab.focus" subsystem="tab" outcome="ok" workspace_id="w6" tab_id="w6:t1"
2026-07-28T01:52:34.059347Z  INFO herdr::logging: session saved event="persist.save" subsystem="persist" outcome="ok" path=/Users/oliver/.config/herdr/session.json workspaces=2
2026-07-28T01:52:47.861714Z  INFO herdr::logging: spawning pane terminal event="pane.spawn.start" subsystem="pane" outcome="started" pane_id=24 rows=58 cols=185 scrollback_limit_bytes=10000000
2026-07-28T01:52:47.872492Z  INFO herdr::logging: pane child spawned event="pane.spawned" subsystem="pane" outcome="ok" pane_id=24 pid=5396
2026-07-28T01:52:47.873268Z  INFO herdr::logging: workspace created event="workspace.create" subsystem="workspace" outcome="ok" workspace_id="w9" pane_id=24
2026-07-28T01:52:47.873284Z  INFO herdr::logging: workspace focused event="workspace.focus" subsystem="workspace" outcome="ok" workspace_id="w9"
2026-07-28T01:52:47.873375Z  INFO herdr::logging: tab focused event="tab.focus" subsystem="tab" outcome="ok" workspace_id="w9" tab_id="w9:t1"
2026-07-28T01:52:52.881418Z  INFO herdr::logging: session saved event="persist.save" subsystem="persist" outcome="ok" path=/Users/oliver/.config/herdr/session.json workspaces=3
2026-07-28T01:52:54.710290Z  INFO herdr::logging: tab focused event="tab.focus" subsystem="tab" outcome="ok" workspace_id="w9" tab_id="w9:t1"
2026-07-28T01:52:59.717567Z  INFO herdr::logging: session saved event="persist.save" subsystem="persist" outcome="ok" path=/Users/oliver/.config/herdr/session.json workspaces=3
2026-07-28T01:53:11.154062Z  INFO herdr::logging: tab renamed event="tab.rename" subsystem="tab" outcome="ok" workspace_id="w9" tab_id="w9:t1"
2026-07-28T01:53:16.157196Z  INFO herdr::logging: session saved event="persist.save" subsystem="persist" outcome="ok" path=/Users/oliver/.config/herdr/session.json workspaces=3
2026-07-28T02:07:35.708798Z  INFO herdr::logging: spawning pane terminal event="pane.spawn.start" subsystem="pane" outcome="started" pane_id=25 rows=58 cols=185 scrollback_limit_bytes=10000000
2026-07-28T02:07:35.723608Z  INFO herdr::logging: pane child spawned event="pane.spawned" subsystem="pane" outcome="ok" pane_id=25 pid=31333
2026-07-28T02:07:35.724039Z  INFO herdr::logging: tab focused event="tab.focus" subsystem="tab" outcome="ok" workspace_id="w9" tab_id="w9:t1"
2026-07-28T02:07:40.730983Z  INFO herdr::logging: session saved event="persist.save" subsystem="persist" outcome="ok" path=/Users/oliver/.config/herdr/session.json workspaces=3
2026-07-28T02:07:53.569604Z  INFO herdr::logging: tab focused event="tab.focus" subsystem="tab" outcome="ok" workspace_id="w9" tab_id="w9:t1"
2026-07-28T02:07:58.576384Z  INFO herdr::logging: session saved event="persist.save" subsystem="persist" outcome="ok" path=/Users/oliver/.config/herdr/session.json workspaces=3
2026-07-28T02:13:36.253196Z  INFO herdr::server::headless: client resize client_id=18 cols=207 rows=59 cell_width_px=0 cell_height_px=0
2026-07-28T02:13:38.021014Z  INFO herdr::server::headless: client resize client_id=18 cols=105 rows=59 cell_width_px=0 cell_height_px=0
2026-07-28T02:23:24.159455Z  INFO herdr::logging: pane child exited event="pane.exit" subsystem="pane" outcome="completed" pane_id=24 status="ExitStatus { code: 1, signal: None }"
2026-07-28T02:23:24.178317Z  INFO herdr::pane: pane session terminated pane=24 pid=5396 signal=Hangup
2026-07-28T02:23:24.185210Z  WARN herdr::app::actions: PaneDied for unknown pane pane=24
2026-07-28T02:23:27.296460Z  INFO herdr::logging: tab focused event="tab.focus" subsystem="tab" outcome="ok" workspace_id="w9" tab_id="w9:t1"
2026-07-28T02:23:31.042598Z  INFO herdr::logging: spawning pane terminal event="pane.spawn.start" subsystem="pane" outcome="started" pane_id=26 rows=58 cols=101 scrollback_limit_bytes=10000000
2026-07-28T02:23:31.053656Z  INFO herdr::logging: pane child spawned event="pane.spawned" subsystem="pane" outcome="ok" pane_id=26 pid=40953
2026-07-28T02:23:31.053822Z  INFO herdr::logging: tab focused event="tab.focus" subsystem="tab" outcome="ok" workspace_id="w9" tab_id="w9:t1"
2026-07-28T02:23:36.058439Z  INFO herdr::logging: session saved event="persist.save" subsystem="persist" outcome="ok" path=/Users/oliver/.config/herdr/session.json workspaces=3
2026-07-28T02:23:36.643542Z  INFO herdr::logging: tab focused event="tab.focus" subsystem="tab" outcome="ok" workspace_id="w9" tab_id="w9:t1"
2026-07-28T02:23:41.293482Z  INFO herdr::logging: tab focused event="tab.focus" subsystem="tab" outcome="ok" workspace_id="w9" tab_id="w9:t1"
2026-07-28T02:23:46.298476Z  INFO herdr::logging: session saved event="persist.save" subsystem="persist" outcome="ok" path=/Users/oliver/.config/herdr/session.json workspaces=3
2026-07-28T02:42:20.488023Z  INFO herdr::logging: session saved event="persist.save" subsystem="persist" outcome="ok" path=/Users/oliver/.config/herdr/session.json workspaces=3
2026-07-28T02:44:20.799444Z  INFO herdr::logging: session saved event="persist.save" subsystem="persist" outcome="ok" path=/Users/oliver/.config/herdr/session.json workspaces=3
2026-07-28T03:43:42.945540Z  INFO herdr::app::actions: copied selection to clipboard
2026-07-28T03:48:45.449875Z  INFO herdr::server::headless: client resize client_id=18 cols=69 rows=59 cell_width_px=0 cell_height_px=0
2026-07-28T03:48:46.811865Z  INFO herdr::server::headless: client resize client_id=18 cols=105 rows=59 cell_width_px=0 cell_height_px=0
2026-07-28T03:58:15.507398Z  INFO herdr::server::headless: client resize client_id=18 cols=69 rows=59 cell_width_px=0 cell_height_px=0
2026-07-28T04:01:04.066773Z  INFO herdr::server::headless: client resize client_id=18 cols=105 rows=59 cell_width_px=0 cell_height_px=0
2026-07-28T04:01:07.573918Z  INFO herdr::logging: spawning pane terminal event="pane.spawn.start" subsystem="pane" outcome="started" pane_id=27 rows=9 cols=101 scrollback_limit_bytes=10000000
2026-07-28T04:01:07.582739Z  INFO herdr::logging: pane child spawned event="pane.spawned" subsystem="pane" outcome="ok" pane_id=27 pid=27133
2026-07-28T04:01:07.582972Z  INFO herdr::logging: tab focused event="tab.focus" subsystem="tab" outcome="ok" workspace_id="w9" tab_id="w9:t1"
2026-07-28T04:01:12.592787Z  INFO herdr::logging: session saved event="persist.save" subsystem="persist" outcome="ok" path=/Users/oliver/.config/herdr/session.json workspaces=3
2026-07-28T04:01:24.927648Z  INFO herdr::logging: tab focused event="tab.focus" subsystem="tab" outcome="ok" workspace_id="w9" tab_id="w9:t1"
2026-07-28T04:01:29.938356Z  INFO herdr::logging: session saved event="persist.save" subsystem="persist" outcome="ok" path=/Users/oliver/.config/herdr/session.json workspaces=3
2026-07-28T04:01:49.645602Z  INFO herdr::logging: tab focused event="tab.focus" subsystem="tab" outcome="ok" workspace_id="w9" tab_id="w9:t1"
2026-07-28T04:01:54.651591Z  INFO herdr::logging: session saved event="persist.save" subsystem="persist" outcome="ok" path=/Users/oliver/.config/herdr/session.json workspaces=3
2026-07-28T04:01:55.788716Z  INFO herdr::logging: tab focused event="tab.focus" subsystem="tab" outcome="ok" workspace_id="w9" tab_id="w9:t1"
2026-07-28T04:02:00.801188Z  INFO herdr::logging: session saved event="persist.save" subsystem="persist" outcome="ok" path=/Users/oliver/.config/herdr/session.json workspaces=3
2026-07-28T04:02:06.767660Z  INFO herdr::logging: tab focused event="tab.focus" subsystem="tab" outcome="ok" workspace_id="w9" tab_id="w9:t1"
2026-07-28T04:02:11.169311Z  INFO herdr::logging: tab focused event="tab.focus" subsystem="tab" outcome="ok" workspace_id="w9" tab_id="w9:t1"
2026-07-28T04:02:16.181416Z  INFO herdr::logging: session saved event="persist.save" subsystem="persist" outcome="ok" path=/Users/oliver/.config/herdr/session.json workspaces=3
2026-07-28T04:03:27.232807Z  INFO herdr::logging: tab focused event="tab.focus" subsystem="tab" outcome="ok" workspace_id="w9" tab_id="w9:t1"
2026-07-28T04:03:32.242343Z  INFO herdr::logging: session saved event="persist.save" subsystem="persist" outcome="ok" path=/Users/oliver/.config/herdr/session.json workspaces=3
2026-07-28T04:04:06.513736Z  INFO herdr::logging: tab focused event="tab.focus" subsystem="tab" outcome="ok" workspace_id="w9" tab_id="w9:t1"
2026-07-28T04:04:08.457628Z  INFO herdr::logging: tab focused event="tab.focus" subsystem="tab" outcome="ok" workspace_id="w9" tab_id="w9:t1"
2026-07-28T04:04:11.641102Z  INFO herdr::logging: tab focused event="tab.focus" subsystem="tab" outcome="ok" workspace_id="w9" tab_id="w9:t1"
2026-07-28T04:04:12.786712Z  INFO herdr::logging: tab focused event="tab.focus" subsystem="tab" outcome="ok" workspace_id="w9" tab_id="w9:t1"
2026-07-28T04:04:17.802589Z  INFO herdr::logging: session saved event="persist.save" subsystem="persist" outcome="ok" path=/Users/oliver/.config/herdr/session.json workspaces=3
2026-07-28T04:04:41.182477Z  INFO herdr::logging: tab focused event="tab.focus" subsystem="tab" outcome="ok" workspace_id="w9" tab_id="w9:t1"
2026-07-28T04:04:46.195618Z  INFO herdr::logging: session saved event="persist.save" subsystem="persist" outcome="ok" path=/Users/oliver/.config/herdr/session.json workspaces=3
2026-07-28T04:04:51.483490Z  INFO herdr::logging: tab focused event="tab.focus" subsystem="tab" outcome="ok" workspace_id="w9" tab_id="w9:t1"
2026-07-28T04:04:56.500173Z  INFO herdr::logging: session saved event="persist.save" subsystem="persist" outcome="ok" path=/Users/oliver/.config/herdr/session.json workspaces=3
2026-07-28T04:05:02.767962Z  INFO herdr::server::headless: client resize client_id=18 cols=207 rows=59 cell_width_px=0 cell_height_px=0
2026-07-28T04:05:13.343368Z  INFO herdr::logging: tab focused event="tab.focus" subsystem="tab" outcome="ok" workspace_id="w9" tab_id="w9:t1"
2026-07-28T04:05:17.791368Z  INFO herdr::logging: tab focused event="tab.focus" subsystem="tab" outcome="ok" workspace_id="w9" tab_id="w9:t1"
2026-07-28T04:05:22.808769Z  INFO herdr::logging: session saved event="persist.save" subsystem="persist" outcome="ok" path=/Users/oliver/.config/herdr/session.json workspaces=3
2026-07-28T04:06:08.602675Z  INFO herdr::logging: tab focused event="tab.focus" subsystem="tab" outcome="ok" workspace_id="w9" tab_id="w9:t1"
2026-07-28T04:06:13.616749Z  INFO herdr::logging: session saved event="persist.save" subsystem="persist" outcome="ok" path=/Users/oliver/.config/herdr/session.json workspaces=3
2026-07-28T04:06:20.727052Z  INFO herdr::logging: tab focused event="tab.focus" subsystem="tab" outcome="ok" workspace_id="w9" tab_id="w9:t1"
2026-07-28T04:06:21.765668Z  INFO herdr::logging: tab focused event="tab.focus" subsystem="tab" outcome="ok" workspace_id="w9" tab_id="w9:t1"
2026-07-28T04:06:26.786681Z  INFO herdr::logging: session saved event="persist.save" subsystem="persist" outcome="ok" path=/Users/oliver/.config/herdr/session.json workspaces=3
2026-07-28T04:11:44.619917Z  INFO herdr::logging: tab focused event="tab.focus" subsystem="tab" outcome="ok" workspace_id="w9" tab_id="w9:t1"
2026-07-28T04:11:46.610574Z  INFO herdr::logging: pane child exited event="pane.exit" subsystem="pane" outcome="completed" pane_id=27 status="ExitStatus { code: 0, signal: None }"
2026-07-28T04:11:46.610673Z  INFO herdr::pane: pane session terminated pane=27 pid=27133 signal=Hangup
2026-07-28T04:11:51.614010Z  INFO herdr::logging: session saved event="persist.save" subsystem="persist" outcome="ok" path=/Users/oliver/.config/herdr/session.json workspaces=3
2026-07-28T04:14:09.909551Z  INFO herdr::server::headless: client resize client_id=18 cols=105 rows=59 cell_width_px=0 cell_height_px=0
2026-07-28T05:05:06.699743Z  INFO herdr::server::headless: client resize client_id=18 cols=207 rows=59 cell_width_px=0 cell_height_px=0
2026-07-28T05:05:07.739853Z  INFO herdr::server::headless: client resize client_id=18 cols=211 rows=57 cell_width_px=0 cell_height_px=0
2026-07-28T05:05:08.362141Z  INFO herdr::server::headless: client resize client_id=18 cols=207 rows=59 cell_width_px=0 cell_height_px=0
2026-07-28T05:44:58.727921Z  INFO herdr::server::headless: client resize client_id=18 cols=211 rows=57 cell_width_px=0 cell_height_px=0
2026-07-28T05:44:59.144431Z  INFO herdr::server::headless: client resize client_id=18 cols=207 rows=59 cell_width_px=0 cell_height_px=0
2026-07-28T05:44:59.658486Z  INFO herdr::server::headless: client resize client_id=18 cols=105 rows=59 cell_width_px=0 cell_height_px=0
2026-07-28T05:45:03.135717Z  INFO herdr::server::headless: client resize client_id=18 cols=207 rows=59 cell_width_px=0 cell_height_px=0
2026-07-28T05:45:05.525671Z  INFO herdr::server::headless: client resize client_id=18 cols=211 rows=57 cell_width_px=0 cell_height_px=0
2026-07-28T05:45:06.043396Z  INFO herdr::server::headless: client resize client_id=18 cols=207 rows=59 cell_width_px=0 cell_height_px=0
2026-07-28T05:45:06.247128Z  INFO herdr::server::headless: client resize client_id=18 cols=105 rows=59 cell_width_px=0 cell_height_px=0
2026-07-28T06:55:13.214800Z  INFO herdr::server::headless: client resize client_id=18 cols=211 rows=28 cell_width_px=0 cell_height_px=0
2026-07-28T06:55:13.939947Z  INFO herdr::server::headless: client resize client_id=18 cols=105 rows=59 cell_width_px=0 cell_height_px=0
2026-07-28T06:55:14.148672Z  INFO herdr::server::headless: client resize client_id=18 cols=207 rows=59 cell_width_px=0 cell_height_px=0
2026-07-28T07:30:09.973433Z  INFO herdr::logging: tab focused event="tab.focus" subsystem="tab" outcome="ok" workspace_id="w9" tab_id="w9:t1"
2026-07-28T07:30:14.978066Z  INFO herdr::logging: session saved event="persist.save" subsystem="persist" outcome="ok" path=/Users/oliver/.config/herdr/session.json workspaces=3
2026-07-28T07:30:31.914863Z  INFO herdr::logging: tab focused event="tab.focus" subsystem="tab" outcome="ok" workspace_id="w9" tab_id="w9:t1"
2026-07-28T07:30:36.930826Z  INFO herdr::logging: session saved event="persist.save" subsystem="persist" outcome="ok" path=/Users/oliver/.config/herdr/session.json workspaces=3
2026-07-28T07:49:38.887057Z  INFO herdr::server::headless: client resize client_id=18 cols=105 rows=59 cell_width_px=0 cell_height_px=0
2026-07-28T07:49:40.761013Z  INFO herdr::server::headless: client resize client_id=18 cols=211 rows=28 cell_width_px=0 cell_height_px=0
2026-07-28T07:49:41.278734Z  INFO herdr::server::headless: client resize client_id=18 cols=211 rows=57 cell_width_px=0 cell_height_px=0
2026-07-28T07:49:44.503089Z  INFO herdr::server::headless: client resize client_id=18 cols=211 rows=28 cell_width_px=0 cell_height_px=0
2026-07-28T07:49:45.125283Z  INFO herdr::server::headless: client resize client_id=18 cols=105 rows=59 cell_width_px=0 cell_height_px=0
2026-07-28T08:53:12.302433Z  INFO herdr::server::headless: client resize client_id=18 cols=207 rows=59 cell_width_px=0 cell_height_px=0
2026-07-28T10:24:30.032074Z  INFO herdr::server::headless: client resize client_id=18 cols=105 rows=59 cell_width_px=0 cell_height_px=0
2026-07-28T12:28:37.187884Z  INFO herdr::logging: tab focused event="tab.focus" subsystem="tab" outcome="ok" workspace_id="w9" tab_id="w9:t1"
2026-07-28T12:28:38.047907Z  INFO herdr::logging: tab focused event="tab.focus" subsystem="tab" outcome="ok" workspace_id="w9" tab_id="w9:t1"
2026-07-28T12:28:39.123799Z  INFO herdr::logging: tab focused event="tab.focus" subsystem="tab" outcome="ok" workspace_id="w9" tab_id="w9:t1"
2026-07-28T12:28:43.840993Z  INFO herdr::logging: tab focused event="tab.focus" subsystem="tab" outcome="ok" workspace_id="w9" tab_id="w9:t1"
2026-07-28T12:28:48.855240Z  INFO herdr::logging: session saved event="persist.save" subsystem="persist" outcome="ok" path=/Users/oliver/.config/herdr/session.json workspaces=3
2026-07-28T12:32:02.388969Z  INFO herdr::server::headless: client resize client_id=18 cols=207 rows=59 cell_width_px=0 cell_height_px=0
2026-07-28T12:44:49.924357Z  INFO herdr::server::headless: client resize client_id=18 cols=105 rows=59 cell_width_px=0 cell_height_px=0
2026-07-28T13:00:05.532705Z  INFO herdr::server::headless: client resize client_id=18 cols=207 rows=59 cell_width_px=0 cell_height_px=0
2026-07-28T13:00:07.516691Z  INFO herdr::server::headless: client resize client_id=18 cols=211 rows=57 cell_width_px=0 cell_height_px=0
2026-07-28T13:00:08.552966Z  INFO herdr::server::headless: client resize client_id=18 cols=207 rows=59 cell_width_px=0 cell_height_px=0
2026-07-28T13:11:09.104660Z  INFO herdr::server::headless: client resize client_id=18 cols=105 rows=59 cell_width_px=0 cell_height_px=0
2026-07-28T13:22:01.986409Z  INFO herdr::logging: tab focused event="tab.focus" subsystem="tab" outcome="ok" workspace_id="w9" tab_id="w9:t1"
2026-07-28T13:22:06.998213Z  INFO herdr::logging: session saved event="persist.save" subsystem="persist" outcome="ok" path=/Users/oliver/.config/herdr/session.json workspaces=3
2026-07-28T13:22:14.319750Z  INFO herdr::logging: tab focused event="tab.focus" subsystem="tab" outcome="ok" workspace_id="w9" tab_id="w9:t1"
2026-07-28T13:22:19.331619Z  INFO herdr::logging: session saved event="persist.save" subsystem="persist" outcome="ok" path=/Users/oliver/.config/herdr/session.json workspaces=3
2026-07-28T13:22:44.269719Z  INFO herdr::logging: tab focused event="tab.focus" subsystem="tab" outcome="ok" workspace_id="w9" tab_id="w9:t1"
2026-07-28T13:22:49.235800Z  INFO herdr::logging: tab focused event="tab.focus" subsystem="tab" outcome="ok" workspace_id="w9" tab_id="w9:t1"
2026-07-28T13:22:54.246030Z  INFO herdr::logging: session saved event="persist.save" subsystem="persist" outcome="ok" path=/Users/oliver/.config/herdr/session.json workspaces=3
2026-07-28T13:40:16.494466Z  INFO herdr::server::headless: client resize client_id=18 cols=207 rows=59 cell_width_px=0 cell_height_px=0
2026-07-28T13:59:21.169787Z  INFO herdr::logging: session saved event="persist.save" subsystem="persist" outcome="ok" path=/Users/oliver/.config/herdr/session.json workspaces=3
2026-07-28T14:02:12.082561Z  INFO herdr::server::headless: client resize client_id=18 cols=211 rows=57 cell_width_px=0 cell_height_px=0
2026-07-28T14:02:12.803080Z  INFO herdr::server::headless: client resize client_id=18 cols=207 rows=59 cell_width_px=0 cell_height_px=0
2026-07-28T14:02:13.010720Z  INFO herdr::server::headless: client resize client_id=18 cols=105 rows=59 cell_width_px=0 cell_height_px=0
2026-07-28T14:02:16.040752Z  INFO herdr::server::headless: client resize client_id=18 cols=207 rows=59 cell_width_px=0 cell_height_px=0
2026-07-28T14:08:41.155135Z  INFO herdr::logging: session saved event="persist.save" subsystem="persist" outcome="ok" path=/Users/oliver/.config/herdr/session.json workspaces=3
2026-07-29T01:36:33.799041Z  INFO herdr::server::headless: client resize client_id=18 cols=221 rows=54 cell_width_px=0 cell_height_px=0
2026-07-29T01:36:39.377903Z  INFO herdr::server::headless: client resize client_id=18 cols=235 rows=56 cell_width_px=0 cell_height_px=0
2026-07-29T01:36:39.676123Z  INFO herdr::server::headless: client resize client_id=18 cols=475 rows=116 cell_width_px=0 cell_height_px=0
2026-07-29T01:36:42.915876Z  INFO herdr::server::headless: client resize client_id=18 cols=300 rows=74 cell_width_px=0 cell_height_px=0
2026-07-29T01:36:43.221663Z  INFO herdr::server::headless: client resize client_id=18 cols=297 rows=74 cell_width_px=0 cell_height_px=0
2026-07-29T01:37:16.612556Z  INFO herdr::server::headless: client resize client_id=18 cols=211 rows=54 cell_width_px=0 cell_height_px=0
2026-07-29T01:37:16.711247Z  INFO herdr::server::headless: client resize client_id=18 cols=207 rows=59 cell_width_px=0 cell_height_px=0
2026-07-29T01:37:27.542076Z  INFO herdr::server::headless: client resize client_id=18 cols=297 rows=74 cell_width_px=0 cell_height_px=0
2026-07-29T01:38:22.172998Z  INFO herdr::server::headless: client resize client_id=18 cols=300 rows=74 cell_width_px=0 cell_height_px=0
2026-07-29T01:38:23.519855Z  INFO herdr::server::headless: client resize client_id=18 cols=300 rows=72 cell_width_px=0 cell_height_px=0
2026-07-29T01:38:23.623924Z  INFO herdr::server::headless: client resize client_id=18 cols=297 rows=72 cell_width_px=0 cell_height_px=0
2026-07-29T01:38:25.068516Z  INFO herdr::server::headless: client resize client_id=18 cols=297 rows=74 cell_width_px=0 cell_height_px=0
2026-07-29T01:38:25.173542Z  INFO herdr::server::headless: client resize client_id=18 cols=300 rows=74 cell_width_px=0 cell_height_px=0
2026-07-29T01:57:02.336554Z  INFO herdr::logging: workspace focused event="workspace.focus" subsystem="workspace" outcome="ok" workspace_id="w6"
2026-07-29T01:57:02.338565Z  INFO herdr::logging: tab focused event="tab.focus" subsystem="tab" outcome="ok" workspace_id="w6" tab_id="w6:t1"
2026-07-29T01:57:04.593740Z  INFO herdr::logging: workspace focused event="workspace.focus" subsystem="workspace" outcome="ok" workspace_id="w7"
2026-07-29T01:57:04.593791Z  INFO herdr::logging: tab focused event="tab.focus" subsystem="tab" outcome="ok" workspace_id="w7" tab_id="w7:t1"
2026-07-29T01:57:09.605941Z  INFO herdr::logging: session saved event="persist.save" subsystem="persist" outcome="ok" path=/Users/oliver/.config/herdr/session.json workspaces=3
2026-07-29T02:00:03.865449Z  INFO herdr::logging: workspace focused event="workspace.focus" subsystem="workspace" outcome="ok" workspace_id="w9"
2026-07-29T02:00:03.868016Z  INFO herdr::logging: tab focused event="tab.focus" subsystem="tab" outcome="ok" workspace_id="w9" tab_id="w9:t1"
2026-07-29T02:00:08.874918Z  INFO herdr::logging: session saved event="persist.save" subsystem="persist" outcome="ok" path=/Users/oliver/.config/herdr/session.json workspaces=3
2026-07-29T02:03:44.632200Z  INFO herdr::logging: tab focused event="tab.focus" subsystem="tab" outcome="ok" workspace_id="w9" tab_id="w9:t1"
2026-07-29T02:03:49.646517Z  INFO herdr::logging: session saved event="persist.save" subsystem="persist" outcome="ok" path=/Users/oliver/.config/herdr/session.json workspaces=3
2026-07-29T02:03:50.302113Z  INFO herdr::logging: tab focused event="tab.focus" subsystem="tab" outcome="ok" workspace_id="w9" tab_id="w9:t1"
2026-07-29T02:03:55.308658Z  INFO herdr::logging: session saved event="persist.save" subsystem="persist" outcome="ok" path=/Users/oliver/.config/herdr/session.json workspaces=3
2026-07-29T02:17:29.617253Z  INFO herdr::server::headless: client resize client_id=18 cols=300 rows=59 cell_width_px=0 cell_height_px=0
2026-07-29T02:17:29.690005Z  INFO herdr::server::headless: client resize client_id=18 cols=207 rows=59 cell_width_px=0 cell_height_px=0
2026-07-29T02:17:30.368171Z  INFO herdr::server::headless: client resize client_id=18 cols=211 rows=59 cell_width_px=0 cell_height_px=0
2026-07-29T02:17:32.482996Z  INFO herdr::server::headless: client resize client_id=18 cols=300 rows=74 cell_width_px=0 cell_height_px=0
2026-07-29T02:18:15.509097Z  INFO herdr::logging: workspace focused event="workspace.focus" subsystem="workspace" outcome="ok" workspace_id="w7"
2026-07-29T02:18:15.510463Z  INFO herdr::logging: tab focused event="tab.focus" subsystem="tab" outcome="ok" workspace_id="w7" tab_id="w7:t1"
2026-07-29T02:18:20.523134Z  INFO herdr::logging: session saved event="persist.save" subsystem="persist" outcome="ok" path=/Users/oliver/.config/herdr/session.json workspaces=3
2026-07-29T02:21:20.655188Z  INFO herdr::logging: workspace focused event="workspace.focus" subsystem="workspace" outcome="ok" workspace_id="w9"
2026-07-29T02:21:20.655759Z  INFO herdr::logging: tab focused event="tab.focus" subsystem="tab" outcome="ok" workspace_id="w9" tab_id="w9:t1"
2026-07-29T02:21:25.663791Z  INFO herdr::logging: session saved event="persist.save" subsystem="persist" outcome="ok" path=/Users/oliver/.config/herdr/session.json workspaces=3
2026-07-29T04:18:58.785296Z  INFO herdr::server::headless: client resize client_id=18 cols=300 rows=59 cell_width_px=0 cell_height_px=0
2026-07-29T04:18:58.889483Z  INFO herdr::server::headless: client resize client_id=18 cols=211 rows=59 cell_width_px=0 cell_height_px=0
2026-07-29T04:19:01.857755Z  INFO herdr::server::headless: client resize client_id=18 cols=300 rows=74 cell_width_px=0 cell_height_px=0
2026-07-29T04:27:53.831544Z  INFO herdr::logging: tab focused event="tab.focus" subsystem="tab" outcome="ok" workspace_id="w9" tab_id="w9:t1"
2026-07-29T04:27:58.843298Z  INFO herdr::logging: session saved event="persist.save" subsystem="persist" outcome="ok" path=/Users/oliver/.config/herdr/session.json workspaces=3
2026-07-29T04:28:48.319765Z  INFO herdr::logging: tab focused event="tab.focus" subsystem="tab" outcome="ok" workspace_id="w9" tab_id="w9:t1"
2026-07-29T04:28:53.325347Z  INFO herdr::logging: session saved event="persist.save" subsystem="persist" outcome="ok" path=/Users/oliver/.config/herdr/session.json workspaces=3
2026-07-29T04:49:55.026551Z  INFO herdr::server::headless: client resize client_id=18 cols=211 rows=59 cell_width_px=0 cell_height_px=0
2026-07-29T04:49:58.022756Z  INFO herdr::server::headless: client resize client_id=18 cols=300 rows=74 cell_width_px=0 cell_height_px=0
2026-07-29T04:56:55.057694Z  INFO herdr::logging: tab focused event="tab.focus" subsystem="tab" outcome="ok" workspace_id="w9" tab_id="w9:t1"
2026-07-29T04:57:00.068762Z  INFO herdr::logging: session saved event="persist.save" subsystem="persist" outcome="ok" path=/Users/oliver/.config/herdr/session.json workspaces=3
2026-07-29T05:03:14.353755Z  INFO herdr::logging: tab focused event="tab.focus" subsystem="tab" outcome="ok" workspace_id="w9" tab_id="w9:t1"
2026-07-29T05:03:19.371941Z  INFO herdr::logging: session saved event="persist.save" subsystem="persist" outcome="ok" path=/Users/oliver/.config/herdr/session.json workspaces=3
2026-07-29T05:40:50.206133Z  INFO herdr::logging: tab focused event="tab.focus" subsystem="tab" outcome="ok" workspace_id="w9" tab_id="w9:t1"
2026-07-29T05:40:59.478958Z  INFO herdr::logging: session saved event="persist.save" subsystem="persist" outcome="ok" path=/Users/oliver/.config/herdr/session.json workspaces=3
2026-07-29T05:41:21.273679Z  INFO herdr::logging: session saved event="persist.save" subsystem="persist" outcome="ok" path=/Users/oliver/.config/herdr/session.json workspaces=3
2026-07-29T05:42:35.422453Z  INFO herdr::logging: tab focused event="tab.focus" subsystem="tab" outcome="ok" workspace_id="w9" tab_id="w9:t1"
2026-07-29T05:42:40.433682Z  INFO herdr::logging: session saved event="persist.save" subsystem="persist" outcome="ok" path=/Users/oliver/.config/herdr/session.json workspaces=3
2026-07-29T05:46:01.695932Z  INFO herdr::logging: tab focused event="tab.focus" subsystem="tab" outcome="ok" workspace_id="w9" tab_id="w9:t1"
2026-07-29T05:46:06.707640Z  INFO herdr::logging: session saved event="persist.save" subsystem="persist" outcome="ok" path=/Users/oliver/.config/herdr/session.json workspaces=3
2026-07-29T05:46:23.399345Z  INFO herdr::logging: tab focused event="tab.focus" subsystem="tab" outcome="ok" workspace_id="w9" tab_id="w9:t1"
2026-07-29T05:46:25.957762Z  INFO herdr::logging: tab focused event="tab.focus" subsystem="tab" outcome="ok" workspace_id="w9" tab_id="w9:t1"
2026-07-29T05:46:31.494422Z  INFO herdr::logging: session saved event="persist.save" subsystem="persist" outcome="ok" path=/Users/oliver/.config/herdr/session.json workspaces=3
2026-07-29T05:46:40.149457Z  INFO herdr::logging: tab focused event="tab.focus" subsystem="tab" outcome="ok" workspace_id="w9" tab_id="w9:t1"
2026-07-29T05:46:45.158092Z  INFO herdr::logging: session saved event="persist.save" subsystem="persist" outcome="ok" path=/Users/oliver/.config/herdr/session.json workspaces=3
2026-07-29T05:46:46.081966Z  INFO herdr::logging: tab focused event="tab.focus" subsystem="tab" outcome="ok" workspace_id="w9" tab_id="w9:t1"
2026-07-29T05:46:51.091394Z  INFO herdr::logging: session saved event="persist.save" subsystem="persist" outcome="ok" path=/Users/oliver/.config/herdr/session.json workspaces=3
2026-07-29T05:46:57.287946Z  INFO herdr::logging: tab focused event="tab.focus" subsystem="tab" outcome="ok" workspace_id="w9" tab_id="w9:t1"
2026-07-29T05:47:02.300311Z  INFO herdr::logging: session saved event="persist.save" subsystem="persist" outcome="ok" path=/Users/oliver/.config/herdr/session.json workspaces=3
2026-07-29T05:48:47.715414Z  INFO herdr::logging: tab focused event="tab.focus" subsystem="tab" outcome="ok" workspace_id="w9" tab_id="w9:t1"
2026-07-29T05:48:50.321713Z  INFO herdr::logging: tab focused event="tab.focus" subsystem="tab" outcome="ok" workspace_id="w9" tab_id="w9:t1"
2026-07-29T05:48:52.255959Z  INFO herdr::logging: tab focused event="tab.focus" subsystem="tab" outcome="ok" workspace_id="w9" tab_id="w9:t1"
2026-07-29T05:48:57.270978Z  INFO herdr::logging: session saved event="persist.save" subsystem="persist" outcome="ok" path=/Users/oliver/.config/herdr/session.json workspaces=3
2026-07-29T05:49:11.939349Z  INFO herdr::logging: tab focused event="tab.focus" subsystem="tab" outcome="ok" workspace_id="w9" tab_id="w9:t1"
2026-07-29T05:49:16.948839Z  INFO herdr::logging: session saved event="persist.save" subsystem="persist" outcome="ok" path=/Users/oliver/.config/herdr/session.json workspaces=3
2026-07-29T05:52:26.474091Z  INFO herdr::server::headless: client resize client_id=18 cols=300 rows=59 cell_width_px=0 cell_height_px=0
2026-07-29T05:52:26.785436Z  INFO herdr::server::headless: client resize client_id=18 cols=211 rows=59 cell_width_px=0 cell_height_px=0
2026-07-29T05:52:55.126550Z  INFO herdr::logging: tab focused event="tab.focus" subsystem="tab" outcome="ok" workspace_id="w9" tab_id="w9:t1"
2026-07-29T05:52:59.642857Z  INFO herdr::logging: tab focused event="tab.focus" subsystem="tab" outcome="ok" workspace_id="w9" tab_id="w9:t1"
2026-07-29T05:53:04.656590Z  INFO herdr::logging: session saved event="persist.save" subsystem="persist" outcome="ok" path=/Users/oliver/.config/herdr/session.json workspaces=3
2026-07-29T08:27:12.665330Z  INFO herdr::server::headless: client resize client_id=18 cols=300 rows=74 cell_width_px=0 cell_height_px=0
2026-07-29T08:42:46.824269Z  INFO herdr::logging: tab focused event="tab.focus" subsystem="tab" outcome="ok" workspace_id="w9" tab_id="w9:t1"
2026-07-29T08:42:51.832640Z  INFO herdr::logging: session saved event="persist.save" subsystem="persist" outcome="ok" path=/Users/oliver/.config/herdr/session.json workspaces=3
2026-07-29T08:43:05.756437Z  INFO herdr::logging: tab focused event="tab.focus" subsystem="tab" outcome="ok" workspace_id="w9" tab_id="w9:t1"
2026-07-29T08:43:10.765598Z  INFO herdr::logging: session saved event="persist.save" subsystem="persist" outcome="ok" path=/Users/oliver/.config/herdr/session.json workspaces=3
2026-07-29T08:44:45.885154Z  INFO herdr::logging: tab focused event="tab.focus" subsystem="tab" outcome="ok" workspace_id="w9" tab_id="w9:t1"
2026-07-29T08:44:50.901838Z  INFO herdr::logging: session saved event="persist.save" subsystem="persist" outcome="ok" path=/Users/oliver/.config/herdr/session.json workspaces=3
2026-07-29T08:44:56.987559Z  INFO herdr::logging: tab focused event="tab.focus" subsystem="tab" outcome="ok" workspace_id="w9" tab_id="w9:t1"
2026-07-29T08:45:01.997447Z  INFO herdr::logging: session saved event="persist.save" subsystem="persist" outcome="ok" path=/Users/oliver/.config/herdr/session.json workspaces=3
2026-07-29T08:49:23.218613Z  INFO herdr::logging: tab focused event="tab.focus" subsystem="tab" outcome="ok" workspace_id="w9" tab_id="w9:t1"
2026-07-29T08:49:28.229858Z  INFO herdr::logging: session saved event="persist.save" subsystem="persist" outcome="ok" path=/Users/oliver/.config/herdr/session.json workspaces=3
2026-07-29T08:49:28.275745Z  INFO herdr::logging: tab focused event="tab.focus" subsystem="tab" outcome="ok" workspace_id="w9" tab_id="w9:t1"
2026-07-29T08:49:30.718592Z  INFO herdr::logging: tab focused event="tab.focus" subsystem="tab" outcome="ok" workspace_id="w9" tab_id="w9:t1"
2026-07-29T08:49:31.435234Z  INFO herdr::logging: tab focused event="tab.focus" subsystem="tab" outcome="ok" workspace_id="w9" tab_id="w9:t1"
2026-07-29T08:49:36.444313Z  INFO herdr::logging: session saved event="persist.save" subsystem="persist" outcome="ok" path=/Users/oliver/.config/herdr/session.json workspaces=3
2026-07-29T09:44:00.877823Z  INFO herdr::logging: tab focused event="tab.focus" subsystem="tab" outcome="ok" workspace_id="w9" tab_id="w9:t1"
2026-07-29T09:44:04.677205Z  INFO herdr::logging: tab focused event="tab.focus" subsystem="tab" outcome="ok" workspace_id="w9" tab_id="w9:t1"
2026-07-29T09:44:09.685457Z  INFO herdr::logging: session saved event="persist.save" subsystem="persist" outcome="ok" path=/Users/oliver/.config/herdr/session.json workspaces=3
2026-07-29T09:44:50.786311Z  INFO herdr::logging: tab focused event="tab.focus" subsystem="tab" outcome="ok" workspace_id="w9" tab_id="w9:t1"
2026-07-29T09:44:55.797225Z  INFO herdr::logging: session saved event="persist.save" subsystem="persist" outcome="ok" path=/Users/oliver/.config/herdr/session.json workspaces=3
2026-07-29T09:45:00.593835Z  INFO herdr::logging: tab focused event="tab.focus" subsystem="tab" outcome="ok" workspace_id="w9" tab_id="w9:t1"
2026-07-29T09:45:05.606245Z  INFO herdr::logging: session saved event="persist.save" subsystem="persist" outcome="ok" path=/Users/oliver/.config/herdr/session.json workspaces=3
2026-07-29T10:05:00.536453Z  INFO herdr::logging: tab focused event="tab.focus" subsystem="tab" outcome="ok" workspace_id="w9" tab_id="w9:t1"
2026-07-29T10:05:05.550488Z  INFO herdr::logging: session saved event="persist.save" subsystem="persist" outcome="ok" path=/Users/oliver/.config/herdr/session.json workspaces=3
2026-07-29T10:05:10.676975Z  INFO herdr::logging: tab focused event="tab.focus" subsystem="tab" outcome="ok" workspace_id="w9" tab_id="w9:t1"
2026-07-29T10:05:15.688557Z  INFO herdr::logging: session saved event="persist.save" subsystem="persist" outcome="ok" path=/Users/oliver/.config/herdr/session.json workspaces=3
2026-07-29T10:08:12.827349Z  INFO herdr::logging: tab focused event="tab.focus" subsystem="tab" outcome="ok" workspace_id="w9" tab_id="w9:t1"
2026-07-29T10:08:13.590276Z  INFO herdr::logging: tab focused event="tab.focus" subsystem="tab" outcome="ok" workspace_id="w9" tab_id="w9:t1"
2026-07-29T10:08:18.595283Z  INFO herdr::logging: session saved event="persist.save" subsystem="persist" outcome="ok" path=/Users/oliver/.config/herdr/session.json workspaces=3
2026-07-29T10:08:27.956942Z  INFO herdr::logging: tab focused event="tab.focus" subsystem="tab" outcome="ok" workspace_id="w9" tab_id="w9:t1"
2026-07-29T10:08:32.969573Z  INFO herdr::logging: session saved event="persist.save" subsystem="persist" outcome="ok" path=/Users/oliver/.config/herdr/session.json workspaces=3
2026-07-29T10:08:59.506681Z  INFO herdr::logging: tab focused event="tab.focus" subsystem="tab" outcome="ok" workspace_id="w9" tab_id="w9:t1"
2026-07-29T10:09:02.239929Z  INFO herdr::logging: tab focused event="tab.focus" subsystem="tab" outcome="ok" workspace_id="w9" tab_id="w9:t1"
2026-07-29T10:09:07.247551Z  INFO herdr::logging: session saved event="persist.save" subsystem="persist" outcome="ok" path=/Users/oliver/.config/herdr/session.json workspaces=3
2026-07-29T10:09:07.389768Z  INFO herdr::logging: tab focused event="tab.focus" subsystem="tab" outcome="ok" workspace_id="w9" tab_id="w9:t1"
2026-07-29T10:09:12.399791Z  INFO herdr::logging: session saved event="persist.save" subsystem="persist" outcome="ok" path=/Users/oliver/.config/herdr/session.json workspaces=3
2026-07-29T10:19:09.910500Z  INFO herdr::logging: tab focused event="tab.focus" subsystem="tab" outcome="ok" workspace_id="w9" tab_id="w9:t1"
2026-07-29T10:19:13.138844Z  INFO herdr::logging: tab focused event="tab.focus" subsystem="tab" outcome="ok" workspace_id="w9" tab_id="w9:t1"
2026-07-29T10:19:18.151826Z  INFO herdr::logging: session saved event="persist.save" subsystem="persist" outcome="ok" path=/Users/oliver/.config/herdr/session.json workspaces=3
2026-07-29T10:24:11.635854Z  INFO herdr::server::headless: client resize client_id=18 cols=297 rows=74 cell_width_px=0 cell_height_px=0
2026-07-29T10:24:12.465363Z  INFO herdr::server::headless: client resize client_id=18 cols=149 rows=74 cell_width_px=0 cell_height_px=0
2026-07-29T10:24:27.587466Z  INFO herdr::logging: tab focused event="tab.focus" subsystem="tab" outcome="ok" workspace_id="w9" tab_id="w9:t1"
2026-07-29T10:24:32.598224Z  INFO herdr::logging: session saved event="persist.save" subsystem="persist" outcome="ok" path=/Users/oliver/.config/herdr/session.json workspaces=3
2026-07-29T10:24:38.620697Z  INFO herdr::logging: tab focused event="tab.focus" subsystem="tab" outcome="ok" workspace_id="w9" tab_id="w9:t1"
2026-07-29T10:24:43.632904Z  INFO herdr::logging: session saved event="persist.save" subsystem="persist" outcome="ok" path=/Users/oliver/.config/herdr/session.json workspaces=3
2026-07-29T10:26:56.619340Z  INFO herdr::logging: tab focused event="tab.focus" subsystem="tab" outcome="ok" workspace_id="w9" tab_id="w9:t1"
2026-07-29T10:27:01.629799Z  INFO herdr::logging: session saved event="persist.save" subsystem="persist" outcome="ok" path=/Users/oliver/.config/herdr/session.json workspaces=3
2026-07-29T10:27:04.181397Z  INFO herdr::logging: tab focused event="tab.focus" subsystem="tab" outcome="ok" workspace_id="w9" tab_id="w9:t1"
2026-07-29T10:27:09.189505Z  INFO herdr::logging: session saved event="persist.save" subsystem="persist" outcome="ok" path=/Users/oliver/.config/herdr/session.json workspaces=3
2026-07-29T10:28:05.195933Z  INFO herdr::logging: tab focused event="tab.focus" subsystem="tab" outcome="ok" workspace_id="w9" tab_id="w9:t1"
2026-07-29T10:28:10.203604Z  INFO herdr::logging: session saved event="persist.save" subsystem="persist" outcome="ok" path=/Users/oliver/.config/herdr/session.json workspaces=3
2026-07-29T10:28:35.087158Z  INFO herdr::logging: tab focused event="tab.focus" subsystem="tab" outcome="ok" workspace_id="w9" tab_id="w9:t1"
2026-07-29T10:28:38.055582Z  INFO herdr::logging: tab focused event="tab.focus" subsystem="tab" outcome="ok" workspace_id="w9" tab_id="w9:t1"
2026-07-29T10:28:43.062304Z  INFO herdr::logging: session saved event="persist.save" subsystem="persist" outcome="ok" path=/Users/oliver/.config/herdr/session.json workspaces=3
2026-07-29T10:28:51.626718Z  INFO herdr::logging: tab focused event="tab.focus" subsystem="tab" outcome="ok" workspace_id="w9" tab_id="w9:t1"
2026-07-29T10:28:56.637178Z  INFO herdr::logging: session saved event="persist.save" subsystem="persist" outcome="ok" path=/Users/oliver/.config/herdr/session.json workspaces=3
2026-07-29T10:29:21.813972Z  INFO herdr::logging: tab focused event="tab.focus" subsystem="tab" outcome="ok" workspace_id="w9" tab_id="w9:t1"
2026-07-29T10:29:22.896062Z  INFO herdr::logging: tab focused event="tab.focus" subsystem="tab" outcome="ok" workspace_id="w9" tab_id="w9:t1"
2026-07-29T10:29:27.914030Z  INFO herdr::logging: session saved event="persist.save" subsystem="persist" outcome="ok" path=/Users/oliver/.config/herdr/session.json workspaces=3
2026-07-29T10:29:31.207663Z  INFO herdr::logging: tab focused event="tab.focus" subsystem="tab" outcome="ok" workspace_id="w9" tab_id="w9:t1"
2026-07-29T10:29:36.215767Z  INFO herdr::logging: session saved event="persist.save" subsystem="persist" outcome="ok" path=/Users/oliver/.config/herdr/session.json workspaces=3
2026-07-29T10:30:13.526341Z  INFO herdr::logging: tab focused event="tab.focus" subsystem="tab" outcome="ok" workspace_id="w9" tab_id="w9:t1"
2026-07-29T10:30:14.616387Z  INFO herdr::logging: tab focused event="tab.focus" subsystem="tab" outcome="ok" workspace_id="w9" tab_id="w9:t1"
2026-07-29T10:30:16.298912Z  INFO herdr::logging: tab focused event="tab.focus" subsystem="tab" outcome="ok" workspace_id="w9" tab_id="w9:t1"
2026-07-29T10:30:16.959750Z  INFO herdr::logging: tab focused event="tab.focus" subsystem="tab" outcome="ok" workspace_id="w9" tab_id="w9:t1"
2026-07-29T10:30:21.966922Z  INFO herdr::logging: session saved event="persist.save" subsystem="persist" outcome="ok" path=/Users/oliver/.config/herdr/session.json workspaces=3
2026-07-29T10:30:26.353728Z  INFO herdr::logging: tab focused event="tab.focus" subsystem="tab" outcome="ok" workspace_id="w9" tab_id="w9:t1"
2026-07-29T10:30:31.364602Z  INFO herdr::logging: session saved event="persist.save" subsystem="persist" outcome="ok" path=/Users/oliver/.config/herdr/session.json workspaces=3
2026-07-29T10:31:08.721931Z  INFO herdr::logging: tab focused event="tab.focus" subsystem="tab" outcome="ok" workspace_id="w9" tab_id="w9:t1"
2026-07-29T10:31:13.734006Z  INFO herdr::logging: session saved event="persist.save" subsystem="persist" outcome="ok" path=/Users/oliver/.config/herdr/session.json workspaces=3
2026-07-29T10:31:19.236996Z  INFO herdr::logging: tab focused event="tab.focus" subsystem="tab" outcome="ok" workspace_id="w9" tab_id="w9:t1"
2026-07-29T10:31:20.422232Z  INFO herdr::logging: tab focused event="tab.focus" subsystem="tab" outcome="ok" workspace_id="w9" tab_id="w9:t1"
2026-07-29T10:31:24.786869Z  INFO herdr::logging: tab focused event="tab.focus" subsystem="tab" outcome="ok" workspace_id="w9" tab_id="w9:t1"
2026-07-29T10:31:29.795445Z  INFO herdr::logging: session saved event="persist.save" subsystem="persist" outcome="ok" path=/Users/oliver/.config/herdr/session.json workspaces=3
2026-07-29T10:32:42.540126Z  INFO herdr::logging: tab focused event="tab.focus" subsystem="tab" outcome="ok" workspace_id="w9" tab_id="w9:t1"
2026-07-29T10:32:45.820239Z  INFO herdr::logging: tab focused event="tab.focus" subsystem="tab" outcome="ok" workspace_id="w9" tab_id="w9:t1"
2026-07-29T10:32:50.831730Z  INFO herdr::logging: session saved event="persist.save" subsystem="persist" outcome="ok" path=/Users/oliver/.config/herdr/session.json workspaces=3
2026-07-29T10:32:54.753588Z  INFO herdr::logging: tab focused event="tab.focus" subsystem="tab" outcome="ok" workspace_id="w9" tab_id="w9:t1"
2026-07-29T10:32:59.761813Z  INFO herdr::logging: session saved event="persist.save" subsystem="persist" outcome="ok" path=/Users/oliver/.config/herdr/session.json workspaces=3
2026-07-29T10:33:12.275389Z  INFO herdr::logging: tab focused event="tab.focus" subsystem="tab" outcome="ok" workspace_id="w9" tab_id="w9:t1"
2026-07-29T10:33:17.282502Z  INFO herdr::logging: session saved event="persist.save" subsystem="persist" outcome="ok" path=/Users/oliver/.config/herdr/session.json workspaces=3
2026-07-29T10:38:52.786432Z  INFO herdr::logging: tab focused event="tab.focus" subsystem="tab" outcome="ok" workspace_id="w9" tab_id="w9:t1"
2026-07-29T10:38:55.877885Z  INFO herdr::logging: tab focused event="tab.focus" subsystem="tab" outcome="ok" workspace_id="w9" tab_id="w9:t1"
2026-07-29T10:39:00.883851Z  INFO herdr::logging: session saved event="persist.save" subsystem="persist" outcome="ok" path=/Users/oliver/.config/herdr/session.json workspaces=3
2026-07-29T10:39:12.773431Z  INFO herdr::logging: tab focused event="tab.focus" subsystem="tab" outcome="ok" workspace_id="w9" tab_id="w9:t1"
2026-07-29T10:39:17.783041Z  INFO herdr::logging: session saved event="persist.save" subsystem="persist" outcome="ok" path=/Users/oliver/.config/herdr/session.json workspaces=3
2026-07-29T10:39:29.919523Z  INFO herdr::logging: tab focused event="tab.focus" subsystem="tab" outcome="ok" workspace_id="w9" tab_id="w9:t1"
2026-07-29T10:39:34.928885Z  INFO herdr::logging: session saved event="persist.save" subsystem="persist" outcome="ok" path=/Users/oliver/.config/herdr/session.json workspaces=3
2026-07-29T10:40:04.523328Z  INFO herdr::logging: tab focused event="tab.focus" subsystem="tab" outcome="ok" workspace_id="w9" tab_id="w9:t1"
2026-07-29T10:40:05.963530Z  INFO herdr::logging: tab focused event="tab.focus" subsystem="tab" outcome="ok" workspace_id="w9" tab_id="w9:t1"
2026-07-29T10:40:07.957099Z  INFO herdr::logging: tab focused event="tab.focus" subsystem="tab" outcome="ok" workspace_id="w9" tab_id="w9:t1"
2026-07-29T10:40:12.672525Z  INFO herdr::logging: tab focused event="tab.focus" subsystem="tab" outcome="ok" workspace_id="w9" tab_id="w9:t1"
2026-07-29T10:40:14.002808Z  INFO herdr::logging: tab focused event="tab.focus" subsystem="tab" outcome="ok" workspace_id="w9" tab_id="w9:t1"
2026-07-29T10:40:19.010452Z  INFO herdr::logging: session saved event="persist.save" subsystem="persist" outcome="ok" path=/Users/oliver/.config/herdr/session.json workspaces=3
2026-07-29T10:41:12.883822Z  INFO herdr::logging: tab focused event="tab.focus" subsystem="tab" outcome="ok" workspace_id="w9" tab_id="w9:t1"
2026-07-29T10:41:14.179761Z  INFO herdr::logging: tab focused event="tab.focus" subsystem="tab" outcome="ok" workspace_id="w9" tab_id="w9:t1"
2026-07-29T10:41:19.186110Z  INFO herdr::logging: session saved event="persist.save" subsystem="persist" outcome="ok" path=/Users/oliver/.config/herdr/session.json workspaces=3
2026-07-29T10:41:19.255308Z  INFO herdr::logging: tab focused event="tab.focus" subsystem="tab" outcome="ok" workspace_id="w9" tab_id="w9:t1"
2026-07-29T10:41:20.022138Z  INFO herdr::logging: tab focused event="tab.focus" subsystem="tab" outcome="ok" workspace_id="w9" tab_id="w9:t1"
2026-07-29T10:41:25.041799Z  INFO herdr::logging: session saved event="persist.save" subsystem="persist" outcome="ok" path=/Users/oliver/.config/herdr/session.json workspaces=3
2026-07-29T10:45:50.819129Z  INFO herdr::logging: tab focused event="tab.focus" subsystem="tab" outcome="ok" workspace_id="w9" tab_id="w9:t1"
2026-07-29T10:45:52.019596Z  INFO herdr::logging: tab focused event="tab.focus" subsystem="tab" outcome="ok" workspace_id="w9" tab_id="w9:t1"
2026-07-29T10:45:57.026464Z  INFO herdr::logging: session saved event="persist.save" subsystem="persist" outcome="ok" path=/Users/oliver/.config/herdr/session.json workspaces=3
2026-07-29T10:45:59.174238Z  INFO herdr::logging: tab focused event="tab.focus" subsystem="tab" outcome="ok" workspace_id="w9" tab_id="w9:t1"
2026-07-29T10:45:59.593339Z  INFO herdr::logging: tab focused event="tab.focus" subsystem="tab" outcome="ok" workspace_id="w9" tab_id="w9:t1"
2026-07-29T10:46:00.010394Z  INFO herdr::logging: tab focused event="tab.focus" subsystem="tab" outcome="ok" workspace_id="w9" tab_id="w9:t1"
2026-07-29T10:46:01.173828Z  INFO herdr::logging: tab focused event="tab.focus" subsystem="tab" outcome="ok" workspace_id="w9" tab_id="w9:t1"
2026-07-29T10:46:06.181254Z  INFO herdr::logging: session saved event="persist.save" subsystem="persist" outcome="ok" path=/Users/oliver/.config/herdr/session.json workspaces=3
2026-07-29T11:41:44.363948Z  INFO herdr::server::headless: client resize client_id=18 cols=211 rows=59 cell_width_px=0 cell_height_px=0
2026-07-29T11:41:45.759537Z  INFO herdr::server::headless: client resize client_id=18 cols=105 rows=59 cell_width_px=0 cell_height_px=0
2026-07-29T11:41:47.214038Z  INFO herdr::server::headless: client resize client_id=18 cols=149 rows=74 cell_width_px=0 cell_height_px=0
2026-07-29T12:01:56.216075Z  INFO herdr::logging: tab focused event="tab.focus" subsystem="tab" outcome="ok" workspace_id="w9" tab_id="w9:t1"
2026-07-29T12:01:58.182542Z  INFO herdr::logging: tab focused event="tab.focus" subsystem="tab" outcome="ok" workspace_id="w9" tab_id="w9:t1"
2026-07-29T12:02:03.193266Z  INFO herdr::logging: session saved event="persist.save" subsystem="persist" outcome="ok" path=/Users/oliver/.config/herdr/session.json workspaces=3
2026-07-29T12:02:12.118176Z  INFO herdr::logging: tab focused event="tab.focus" subsystem="tab" outcome="ok" workspace_id="w9" tab_id="w9:t1"
2026-07-29T12:02:14.632615Z  INFO herdr::logging: tab focused event="tab.focus" subsystem="tab" outcome="ok" workspace_id="w9" tab_id="w9:t1"
2026-07-29T12:02:19.640604Z  INFO herdr::logging: session saved event="persist.save" subsystem="persist" outcome="ok" path=/Users/oliver/.config/herdr/session.json workspaces=3
2026-07-29T12:04:01.364604Z  INFO herdr::logging: tab focused event="tab.focus" subsystem="tab" outcome="ok" workspace_id="w9" tab_id="w9:t1"
2026-07-29T12:04:03.069593Z  INFO herdr::logging: tab focused event="tab.focus" subsystem="tab" outcome="ok" workspace_id="w9" tab_id="w9:t1"
2026-07-29T12:04:08.077273Z  INFO herdr::logging: session saved event="persist.save" subsystem="persist" outcome="ok" path=/Users/oliver/.config/herdr/session.json workspaces=3
2026-07-29T12:04:08.616214Z  INFO herdr::logging: tab focused event="tab.focus" subsystem="tab" outcome="ok" workspace_id="w9" tab_id="w9:t1"
2026-07-29T12:04:13.065960Z  INFO herdr::logging: tab focused event="tab.focus" subsystem="tab" outcome="ok" workspace_id="w9" tab_id="w9:t1"
2026-07-29T12:04:18.076080Z  INFO herdr::logging: session saved event="persist.save" subsystem="persist" outcome="ok" path=/Users/oliver/.config/herdr/session.json workspaces=3
2026-07-29T12:04:23.786333Z  INFO herdr::logging: tab focused event="tab.focus" subsystem="tab" outcome="ok" workspace_id="w9" tab_id="w9:t1"
2026-07-29T12:04:25.459330Z  INFO herdr::logging: tab focused event="tab.focus" subsystem="tab" outcome="ok" workspace_id="w9" tab_id="w9:t1"
2026-07-29T12:04:30.468787Z  INFO herdr::logging: session saved event="persist.save" subsystem="persist" outcome="ok" path=/Users/oliver/.config/herdr/session.json workspaces=3
2026-07-29T12:05:26.284951Z  INFO herdr::logging: tab focused event="tab.focus" subsystem="tab" outcome="ok" workspace_id="w9" tab_id="w9:t1"
2026-07-29T12:05:27.465791Z  INFO herdr::logging: tab focused event="tab.focus" subsystem="tab" outcome="ok" workspace_id="w9" tab_id="w9:t1"
2026-07-29T12:05:32.479306Z  INFO herdr::logging: session saved event="persist.save" subsystem="persist" outcome="ok" path=/Users/oliver/.config/herdr/session.json workspaces=3
2026-07-29T12:06:51.330983Z  INFO herdr::logging: tab focused event="tab.focus" subsystem="tab" outcome="ok" workspace_id="w9" tab_id="w9:t1"
2026-07-29T12:06:52.601941Z  INFO herdr::logging: tab focused event="tab.focus" subsystem="tab" outcome="ok" workspace_id="w9" tab_id="w9:t1"
2026-07-29T12:06:57.609615Z  INFO herdr::logging: session saved event="persist.save" subsystem="persist" outcome="ok" path=/Users/oliver/.config/herdr/session.json workspaces=3
2026-07-29T12:07:04.884321Z  INFO herdr::logging: tab focused event="tab.focus" subsystem="tab" outcome="ok" workspace_id="w9" tab_id="w9:t1"
2026-07-29T12:07:06.736616Z  INFO herdr::logging: tab focused event="tab.focus" subsystem="tab" outcome="ok" workspace_id="w9" tab_id="w9:t1"
2026-07-29T12:07:11.743085Z  INFO herdr::logging: session saved event="persist.save" subsystem="persist" outcome="ok" path=/Users/oliver/.config/herdr/session.json workspaces=3
2026-07-29T12:08:32.360209Z  INFO herdr::logging: tab focused event="tab.focus" subsystem="tab" outcome="ok" workspace_id="w9" tab_id="w9:t1"
2026-07-29T12:08:33.577174Z  INFO herdr::logging: tab focused event="tab.focus" subsystem="tab" outcome="ok" workspace_id="w9" tab_id="w9:t1"
2026-07-29T12:08:38.586138Z  INFO herdr::logging: session saved event="persist.save" subsystem="persist" outcome="ok" path=/Users/oliver/.config/herdr/session.json workspaces=3
2026-07-29T12:08:56.768340Z  INFO herdr::logging: tab focused event="tab.focus" subsystem="tab" outcome="ok" workspace_id="w9" tab_id="w9:t1"
2026-07-29T12:09:00.618347Z  INFO herdr::logging: tab focused event="tab.focus" subsystem="tab" outcome="ok" workspace_id="w9" tab_id="w9:t1"
2026-07-29T12:09:05.628150Z  INFO herdr::logging: session saved event="persist.save" subsystem="persist" outcome="ok" path=/Users/oliver/.config/herdr/session.json workspaces=3
2026-07-29T12:18:34.133709Z  INFO herdr::logging: tab focused event="tab.focus" subsystem="tab" outcome="ok" workspace_id="w9" tab_id="w9:t1"
2026-07-29T12:18:34.927945Z  INFO herdr::logging: tab focused event="tab.focus" subsystem="tab" outcome="ok" workspace_id="w9" tab_id="w9:t1"
2026-07-29T12:18:36.778926Z  INFO herdr::logging: tab focused event="tab.focus" subsystem="tab" outcome="ok" workspace_id="w9" tab_id="w9:t1"
2026-07-29T12:18:41.790371Z  INFO herdr::logging: session saved event="persist.save" subsystem="persist" outcome="ok" path=/Users/oliver/.config/herdr/session.json workspaces=3
2026-07-29T12:45:34.241045Z  INFO herdr::logging: tab focused event="tab.focus" subsystem="tab" outcome="ok" workspace_id="w9" tab_id="w9:t1"
2026-07-29T12:45:37.604909Z  INFO herdr::logging: tab focused event="tab.focus" subsystem="tab" outcome="ok" workspace_id="w9" tab_id="w9:t1"
2026-07-29T12:45:42.613559Z  INFO herdr::logging: session saved event="persist.save" subsystem="persist" outcome="ok" path=/Users/oliver/.config/herdr/session.json workspaces=3
2026-07-29T12:46:20.687295Z  INFO herdr::logging: tab focused event="tab.focus" subsystem="tab" outcome="ok" workspace_id="w9" tab_id="w9:t1"
2026-07-29T12:46:22.504065Z  INFO herdr::logging: tab focused event="tab.focus" subsystem="tab" outcome="ok" workspace_id="w9" tab_id="w9:t1"
2026-07-29T12:46:27.520041Z  INFO herdr::logging: session saved event="persist.save" subsystem="persist" outcome="ok" path=/Users/oliver/.config/herdr/session.json workspaces=3
2026-07-29T12:47:00.621012Z  INFO herdr::logging: tab focused event="tab.focus" subsystem="tab" outcome="ok" workspace_id="w9" tab_id="w9:t1"
2026-07-29T12:47:02.104244Z  INFO herdr::logging: tab focused event="tab.focus" subsystem="tab" outcome="ok" workspace_id="w9" tab_id="w9:t1"
2026-07-29T12:47:07.113873Z  INFO herdr::logging: session saved event="persist.save" subsystem="persist" outcome="ok" path=/Users/oliver/.config/herdr/session.json workspaces=3
2026-07-29T12:47:33.071116Z  INFO herdr::logging: tab focused event="tab.focus" subsystem="tab" outcome="ok" workspace_id="w9" tab_id="w9:t1"
2026-07-29T12:47:38.078303Z  INFO herdr::logging: session saved event="persist.save" subsystem="persist" outcome="ok" path=/Users/oliver/.config/herdr/session.json workspaces=3
2026-07-29T12:47:38.737820Z  INFO herdr::logging: tab focused event="tab.focus" subsystem="tab" outcome="ok" workspace_id="w9" tab_id="w9:t1"
2026-07-29T12:47:43.746438Z  INFO herdr::logging: session saved event="persist.save" subsystem="persist" outcome="ok" path=/Users/oliver/.config/herdr/session.json workspaces=3
2026-07-29T12:50:15.193733Z  INFO herdr::server::headless: client resize client_id=18 cols=297 rows=74 cell_width_px=0 cell_height_px=0
2026-07-29T12:50:48.667388Z  INFO herdr::logging: workspace focused event="workspace.focus" subsystem="workspace" outcome="ok" workspace_id="w7"
2026-07-29T12:50:48.667677Z  INFO herdr::logging: tab focused event="tab.focus" subsystem="tab" outcome="ok" workspace_id="w7" tab_id="w7:t1"
2026-07-29T12:50:52.622807Z  INFO herdr::logging: workspace focused event="workspace.focus" subsystem="workspace" outcome="ok" workspace_id="w6"
2026-07-29T12:50:52.622891Z  INFO herdr::logging: tab focused event="tab.focus" subsystem="tab" outcome="ok" workspace_id="w6" tab_id="w6:t1"
2026-07-29T12:50:57.631510Z  INFO herdr::logging: session saved event="persist.save" subsystem="persist" outcome="ok" path=/Users/oliver/.config/herdr/session.json workspaces=3
2026-07-29T12:51:15.474902Z  INFO herdr::logging: workspace focused event="workspace.focus" subsystem="workspace" outcome="ok" workspace_id="w9"
2026-07-29T12:51:15.474951Z  INFO herdr::logging: tab focused event="tab.focus" subsystem="tab" outcome="ok" workspace_id="w9" tab_id="w9:t1"
2026-07-29T12:51:20.477709Z  INFO herdr::logging: session saved event="persist.save" subsystem="persist" outcome="ok" path=/Users/oliver/.config/herdr/session.json workspaces=3
2026-07-29T12:53:23.209656Z  INFO herdr::logging: spawning pane terminal event="pane.spawn.start" subsystem="pane" outcome="started" pane_id=28 rows=18 cols=293 scrollback_limit_bytes=10000000
2026-07-29T12:53:23.218751Z  INFO herdr::logging: pane child spawned event="pane.spawned" subsystem="pane" outcome="ok" pane_id=28 pid=75218
2026-07-29T12:53:23.219562Z  INFO herdr::logging: tab renamed event="tab.rename" subsystem="tab" outcome="ok" workspace_id="w9" tab_id="w9:t2"
2026-07-29T12:53:23.219578Z  INFO herdr::logging: tab focused event="tab.focus" subsystem="tab" outcome="ok" workspace_id="w9" tab_id="w9:t2"
2026-07-29T12:53:28.225172Z  INFO herdr::logging: session saved event="persist.save" subsystem="persist" outcome="ok" path=/Users/oliver/.config/herdr/session.json workspaces=3
2026-07-29T12:54:01.898437Z  INFO herdr::logging: tab focused event="tab.focus" subsystem="tab" outcome="ok" workspace_id="w9" tab_id="w9:t1"
2026-07-29T12:54:06.905151Z  INFO herdr::logging: session saved event="persist.save" subsystem="persist" outcome="ok" path=/Users/oliver/.config/herdr/session.json workspaces=3
2026-07-30T01:34:24.847717Z  INFO herdr::server::headless: client resize client_id=18 cols=105 rows=59 cell_width_px=0 cell_height_px=0
2026-07-30T01:34:27.374169Z  INFO herdr::server::headless: client resize client_id=18 cols=207 rows=59 cell_width_px=0 cell_height_px=0
2026-07-30T01:34:44.407352Z  INFO herdr::logging: tab focused event="tab.focus" subsystem="tab" outcome="ok" workspace_id="w9" tab_id="w9:t1"
2026-07-30T01:34:46.630201Z  INFO herdr::logging: tab focused event="tab.focus" subsystem="tab" outcome="ok" workspace_id="w9" tab_id="w9:t1"
2026-07-30T01:34:51.642705Z  INFO herdr::logging: session saved event="persist.save" subsystem="persist" outcome="ok" path=/Users/oliver/.config/herdr/session.json workspaces=3
2026-07-30T01:54:05.939059Z  INFO herdr::logging: session saved event="persist.save" subsystem="persist" outcome="ok" path=/Users/oliver/.config/herdr/session.json workspaces=3
2026-07-30T01:54:51.281078Z  INFO herdr::server::headless: client detach requested via keybind client_id=18
2026-07-30T01:54:51.292305Z  INFO herdr::server::headless: client disconnected client_id=18
2026-07-30T02:45:50.669162Z  INFO herdr::server::headless: client connected client_id=20 cols=207 rows=59 cell_width_px=0 cell_height_px=0 render_encoding=SemanticFrame
2026-07-30T02:45:59.027675Z  INFO herdr::logging: workspace focused event="workspace.focus" subsystem="workspace" outcome="ok" workspace_id="w7"
2026-07-30T02:45:59.027850Z  INFO herdr::logging: tab focused event="tab.focus" subsystem="tab" outcome="ok" workspace_id="w7" tab_id="w7:t1"
2026-07-30T02:46:04.046574Z  INFO herdr::logging: session saved event="persist.save" subsystem="persist" outcome="ok" path=/Users/oliver/.config/herdr/session.json workspaces=3
2026-07-30T02:46:07.171475Z  INFO herdr::logging: tab focused event="tab.focus" subsystem="tab" outcome="ok" workspace_id="w7" tab_id="w7:t1"
2026-07-30T02:46:07.952140Z  INFO herdr::logging: pane child exited event="pane.exit" subsystem="pane" outcome="completed" pane_id=22 status="ExitStatus { code: 0, signal: None }"
2026-07-30T02:46:07.952245Z  INFO herdr::pane: pane session terminated pane=22 pid=26789 signal=Hangup
2026-07-30T02:46:12.957970Z  INFO herdr::logging: session saved event="persist.save" subsystem="persist" outcome="ok" path=/Users/oliver/.config/herdr/session.json workspaces=3
2026-07-30T02:46:22.774608Z  INFO herdr::logging: workspace focused event="workspace.focus" subsystem="workspace" outcome="ok" workspace_id="w9"
2026-07-30T02:46:22.774748Z  INFO herdr::logging: tab focused event="tab.focus" subsystem="tab" outcome="ok" workspace_id="w9" tab_id="w9:t1"
2026-07-30T02:46:27.783158Z  INFO herdr::logging: session saved event="persist.save" subsystem="persist" outcome="ok" path=/Users/oliver/.config/herdr/session.json workspaces=3
2026-07-30T02:46:58.465256Z  INFO herdr::logging: workspace focused event="workspace.focus" subsystem="workspace" outcome="ok" workspace_id="w7"
2026-07-30T02:46:58.465323Z  INFO herdr::logging: tab focused event="tab.focus" subsystem="tab" outcome="ok" workspace_id="w7" tab_id="w7:t1"
2026-07-30T02:47:03.469994Z  INFO herdr::logging: session saved event="persist.save" subsystem="persist" outcome="ok" path=/Users/oliver/.config/herdr/session.json workspaces=3
2026-07-30T02:48:49.619838Z  INFO herdr::logging: workspace focused event="workspace.focus" subsystem="workspace" outcome="ok" workspace_id="w9"
2026-07-30T02:48:49.620975Z  INFO herdr::logging: tab focused event="tab.focus" subsystem="tab" outcome="ok" workspace_id="w9" tab_id="w9:t1"
2026-07-30T02:48:54.629508Z  INFO herdr::logging: session saved event="persist.save" subsystem="persist" outcome="ok" path=/Users/oliver/.config/herdr/session.json workspaces=3
2026-07-30T03:29:57.070316Z  INFO herdr::server::headless: client resize client_id=20 cols=211 rows=59 cell_width_px=0 cell_height_px=0
2026-07-30T03:38:00.872217Z  INFO herdr::pane: agent changed pane=26 previous_agent=None agent=Some(OpenCode) process=opencode pgid=Some(15893)
2026-07-30T03:45:15.734716Z  INFO herdr::pane: agent changed pane=26 previous_agent=Some(OpenCode) agent=None pgid=Some(40953)
2026-07-30T03:45:56.183436Z  INFO herdr::pane: agent changed pane=26 previous_agent=None agent=Some(OpenCode) process=opencode pgid=Some(15893)
2026-07-30T03:45:58.617421Z  INFO herdr::pane: agent changed pane=26 previous_agent=Some(OpenCode) agent=None pgid=Some(40953)
2026-07-30T03:52:13.610021Z  INFO herdr::logging: workspace focused event="workspace.focus" subsystem="workspace" outcome="ok" workspace_id="w7"
2026-07-30T03:52:13.611600Z  INFO herdr::logging: tab focused event="tab.focus" subsystem="tab" outcome="ok" workspace_id="w7" tab_id="w7:t1"
2026-07-30T03:52:18.621936Z  INFO herdr::logging: session saved event="persist.save" subsystem="persist" outcome="ok" path=/Users/oliver/.config/herdr/session.json workspaces=3
2026-07-30T03:53:15.227205Z  INFO herdr::logging: workspace focused event="workspace.focus" subsystem="workspace" outcome="ok" workspace_id="w9"
2026-07-30T03:53:15.228661Z  INFO herdr::logging: tab focused event="tab.focus" subsystem="tab" outcome="ok" workspace_id="w9" tab_id="w9:t1"
2026-07-30T03:53:20.235562Z  INFO herdr::logging: session saved event="persist.save" subsystem="persist" outcome="ok" path=/Users/oliver/.config/herdr/session.json workspaces=3
2026-07-30T03:53:29.235838Z  INFO herdr::logging: workspace focused event="workspace.focus" subsystem="workspace" outcome="ok" workspace_id="w7"
2026-07-30T03:53:29.235904Z  INFO herdr::logging: tab focused event="tab.focus" subsystem="tab" outcome="ok" workspace_id="w7" tab_id="w7:t1"
2026-07-30T03:53:34.243500Z  INFO herdr::logging: session saved event="persist.save" subsystem="persist" outcome="ok" path=/Users/oliver/.config/herdr/session.json workspaces=3
2026-07-30T04:01:17.642334Z  INFO herdr::logging: workspace focused event="workspace.focus" subsystem="workspace" outcome="ok" workspace_id="w7"
2026-07-30T04:01:17.643500Z  INFO herdr::logging: tab focused event="tab.focus" subsystem="tab" outcome="ok" workspace_id="w7" tab_id="w7:t1"
2026-07-30T04:01:18.430029Z  INFO herdr::logging: workspace focused event="workspace.focus" subsystem="workspace" outcome="ok" workspace_id="w9"
2026-07-30T04:01:18.430146Z  INFO herdr::logging: tab focused event="tab.focus" subsystem="tab" outcome="ok" workspace_id="w9" tab_id="w9:t1"
2026-07-30T04:01:23.434826Z  INFO herdr::logging: session saved event="persist.save" subsystem="persist" outcome="ok" path=/Users/oliver/.config/herdr/session.json workspaces=3
2026-07-30T04:04:25.336983Z  INFO herdr::app::actions: copied selection to clipboard
2026-07-30T05:33:17.307310Z  INFO herdr::app::actions: copied double-clicked token to clipboard
2026-07-30T05:34:46.391180Z  WARN herdr::detect::manifest_update: agent detection manifest update failed: failed to fetch https://herdr.dev/agent-detection/index.toml
2026-07-30T05:54:11.532698Z  INFO herdr::logging: workspace focused event="workspace.focus" subsystem="workspace" outcome="ok" workspace_id="w7"
2026-07-30T05:54:11.534529Z  INFO herdr::logging: tab focused event="tab.focus" subsystem="tab" outcome="ok" workspace_id="w7" tab_id="w7:t1"
2026-07-30T05:54:16.541672Z  INFO herdr::logging: session saved event="persist.save" subsystem="persist" outcome="ok" path=/Users/oliver/.config/herdr/session.json workspaces=3
2026-07-30T05:54:24.272049Z  INFO herdr::logging: workspace focused event="workspace.focus" subsystem="workspace" outcome="ok" workspace_id="w7"
2026-07-30T05:54:24.272214Z  INFO herdr::logging: tab focused event="tab.focus" subsystem="tab" outcome="ok" workspace_id="w7" tab_id="w7:t1"
2026-07-30T05:54:25.183898Z  INFO herdr::logging: workspace focused event="workspace.focus" subsystem="workspace" outcome="ok" workspace_id="w9"
2026-07-30T05:54:25.184034Z  INFO herdr::logging: tab focused event="tab.focus" subsystem="tab" outcome="ok" workspace_id="w9" tab_id="w9:t1"
2026-07-30T05:54:30.191893Z  INFO herdr::logging: session saved event="persist.save" subsystem="persist" outcome="ok" path=/Users/oliver/.config/herdr/session.json workspaces=3
2026-07-30T06:04:46.401406Z  WARN herdr::detect::manifest_update: agent detection manifest update failed: failed to fetch https://herdr.dev/agent-detection/index.toml
2026-07-30T10:43:52.855087Z  INFO herdr::server::headless: client resize client_id=20 cols=207 rows=59 cell_width_px=0 cell_height_px=0
2026-07-30T10:53:00.752017Z  INFO herdr::server::headless: client resize client_id=20 cols=211 rows=59 cell_width_px=0 cell_height_px=0
2026-07-30T10:54:07.275935Z  INFO herdr::logging: tab focused event="tab.focus" subsystem="tab" outcome="ok" workspace_id="w9" tab_id="w9:t1"
2026-07-30T10:54:12.291527Z  INFO herdr::logging: session saved event="persist.save" subsystem="persist" outcome="ok" path=/Users/oliver/.config/herdr/session.json workspaces=3
2026-07-30T10:54:17.746116Z  INFO herdr::logging: tab focused event="tab.focus" subsystem="tab" outcome="ok" workspace_id="w9" tab_id="w9:t1"
2026-07-30T10:54:22.761069Z  INFO herdr::logging: session saved event="persist.save" subsystem="persist" outcome="ok" path=/Users/oliver/.config/herdr/session.json workspaces=3
2026-07-30T10:54:47.882152Z  INFO herdr::logging: tab focused event="tab.focus" subsystem="tab" outcome="ok" workspace_id="w9" tab_id="w9:t1"
2026-07-30T10:54:52.784336Z  INFO herdr::logging: tab focused event="tab.focus" subsystem="tab" outcome="ok" workspace_id="w9" tab_id="w9:t1"
2026-07-30T10:54:57.791190Z  INFO herdr::logging: session saved event="persist.save" subsystem="persist" outcome="ok" path=/Users/oliver/.config/herdr/session.json workspaces=3
2026-07-30T11:02:43.711704Z  INFO herdr::logging: tab focused event="tab.focus" subsystem="tab" outcome="ok" workspace_id="w9" tab_id="w9:t1"
2026-07-30T11:02:48.728891Z  INFO herdr::logging: session saved event="persist.save" subsystem="persist" outcome="ok" path=/Users/oliver/.config/herdr/session.json workspaces=3
2026-07-30T11:02:53.178606Z  INFO herdr::logging: tab focused event="tab.focus" subsystem="tab" outcome="ok" workspace_id="w9" tab_id="w9:t1"
2026-07-30T11:02:58.192530Z  INFO herdr::logging: session saved event="persist.save" subsystem="persist" outcome="ok" path=/Users/oliver/.config/herdr/session.json workspaces=3
2026-07-30T11:05:17.586951Z  INFO herdr::logging: tab focused event="tab.focus" subsystem="tab" outcome="ok" workspace_id="w9" tab_id="w9:t1"
2026-07-30T11:05:22.466903Z  INFO herdr::logging: tab focused event="tab.focus" subsystem="tab" outcome="ok" workspace_id="w9" tab_id="w9:t1"
2026-07-30T11:05:27.474462Z  INFO herdr::logging: session saved event="persist.save" subsystem="persist" outcome="ok" path=/Users/oliver/.config/herdr/session.json workspaces=3
2026-07-30T11:17:10.784227Z  INFO herdr::logging: tab focused event="tab.focus" subsystem="tab" outcome="ok" workspace_id="w9" tab_id="w9:t1"
2026-07-30T11:17:12.761691Z  INFO herdr::logging: tab focused event="tab.focus" subsystem="tab" outcome="ok" workspace_id="w9" tab_id="w9:t1"
2026-07-30T11:17:17.771204Z  INFO herdr::logging: session saved event="persist.save" subsystem="persist" outcome="ok" path=/Users/oliver/.config/herdr/session.json workspaces=3
2026-07-30T11:17:21.154473Z  INFO herdr::logging: tab focused event="tab.focus" subsystem="tab" outcome="ok" workspace_id="w9" tab_id="w9:t1"
2026-07-30T11:17:21.976927Z  INFO herdr::logging: tab focused event="tab.focus" subsystem="tab" outcome="ok" workspace_id="w9" tab_id="w9:t1"
2026-07-30T11:17:26.999846Z  INFO herdr::logging: session saved event="persist.save" subsystem="persist" outcome="ok" path=/Users/oliver/.config/herdr/session.json workspaces=3
2026-07-30T11:55:12.948190Z  INFO herdr::logging: tab focused event="tab.focus" subsystem="tab" outcome="ok" workspace_id="w9" tab_id="w9:t1"
2026-07-30T11:55:15.349156Z  INFO herdr::logging: tab focused event="tab.focus" subsystem="tab" outcome="ok" workspace_id="w9" tab_id="w9:t1"
2026-07-30T11:55:20.361319Z  INFO herdr::logging: session saved event="persist.save" subsystem="persist" outcome="ok" path=/Users/oliver/.config/herdr/session.json workspaces=3
2026-07-30T11:57:26.970558Z  INFO herdr::logging: tab focused event="tab.focus" subsystem="tab" outcome="ok" workspace_id="w9" tab_id="w9:t1"
2026-07-30T11:57:31.982336Z  INFO herdr::logging: session saved event="persist.save" subsystem="persist" outcome="ok" path=/Users/oliver/.config/herdr/session.json workspaces=3
2026-07-30T11:57:32.977029Z  INFO herdr::logging: tab focused event="tab.focus" subsystem="tab" outcome="ok" workspace_id="w9" tab_id="w9:t1"
2026-07-30T11:57:37.983868Z  INFO herdr::logging: session saved event="persist.save" subsystem="persist" outcome="ok" path=/Users/oliver/.config/herdr/session.json workspaces=3
2026-07-30T11:59:39.966030Z  INFO herdr::logging: tab focused event="tab.focus" subsystem="tab" outcome="ok" workspace_id="w9" tab_id="w9:t1"
2026-07-30T11:59:44.990558Z  INFO herdr::logging: session saved event="persist.save" subsystem="persist" outcome="ok" path=/Users/oliver/.config/herdr/session.json workspaces=3
2026-07-30T11:59:56.330784Z  INFO herdr::logging: tab focused event="tab.focus" subsystem="tab" outcome="ok" workspace_id="w9" tab_id="w9:t1"
2026-07-30T12:00:01.339829Z  INFO herdr::logging: session saved event="persist.save" subsystem="persist" outcome="ok" path=/Users/oliver/.config/herdr/session.json workspaces=3
2026-07-30T12:01:32.922029Z  INFO herdr::logging: tab focused event="tab.focus" subsystem="tab" outcome="ok" workspace_id="w9" tab_id="w9:t1"
2026-07-30T12:01:37.932981Z  INFO herdr::logging: session saved event="persist.save" subsystem="persist" outcome="ok" path=/Users/oliver/.config/herdr/session.json workspaces=3
2026-07-30T12:01:43.172090Z  INFO herdr::logging: tab focused event="tab.focus" subsystem="tab" outcome="ok" workspace_id="w9" tab_id="w9:t1"
2026-07-30T12:01:48.182064Z  INFO herdr::logging: session saved event="persist.save" subsystem="persist" outcome="ok" path=/Users/oliver/.config/herdr/session.json workspaces=3
2026-07-30T12:02:06.661882Z  INFO herdr::logging: tab focused event="tab.focus" subsystem="tab" outcome="ok" workspace_id="w9" tab_id="w9:t1"
2026-07-30T12:02:11.678301Z  INFO herdr::logging: session saved event="persist.save" subsystem="persist" outcome="ok" path=/Users/oliver/.config/herdr/session.json workspaces=3
2026-07-30T12:02:12.180370Z  INFO herdr::logging: tab focused event="tab.focus" subsystem="tab" outcome="ok" workspace_id="w9" tab_id="w9:t1"
2026-07-30T12:02:17.189644Z  INFO herdr::logging: session saved event="persist.save" subsystem="persist" outcome="ok" path=/Users/oliver/.config/herdr/session.json workspaces=3
2026-07-30T12:07:57.642122Z  INFO herdr::logging: tab focused event="tab.focus" subsystem="tab" outcome="ok" workspace_id="w9" tab_id="w9:t1"
2026-07-30T12:08:02.654866Z  INFO herdr::logging: session saved event="persist.save" subsystem="persist" outcome="ok" path=/Users/oliver/.config/herdr/session.json workspaces=3
2026-07-30T12:08:54.745602Z  INFO herdr::logging: tab focused event="tab.focus" subsystem="tab" outcome="ok" workspace_id="w9" tab_id="w9:t1"
2026-07-30T12:08:59.760734Z  INFO herdr::logging: session saved event="persist.save" subsystem="persist" outcome="ok" path=/Users/oliver/.config/herdr/session.json workspaces=3
2026-07-30T12:10:47.525739Z  INFO herdr::logging: tab focused event="tab.focus" subsystem="tab" outcome="ok" workspace_id="w9" tab_id="w9:t1"
2026-07-30T12:10:52.533720Z  INFO herdr::logging: session saved event="persist.save" subsystem="persist" outcome="ok" path=/Users/oliver/.config/herdr/session.json workspaces=3
2026-07-30T12:10:57.974809Z  INFO herdr::logging: tab focused event="tab.focus" subsystem="tab" outcome="ok" workspace_id="w9" tab_id="w9:t1"
2026-07-30T12:11:02.984474Z  INFO herdr::logging: session saved event="persist.save" subsystem="persist" outcome="ok" path=/Users/oliver/.config/herdr/session.json workspaces=3
2026-07-30T12:22:44.196525Z  INFO herdr::logging: tab focused event="tab.focus" subsystem="tab" outcome="ok" workspace_id="w9" tab_id="w9:t1"
2026-07-30T12:22:49.211204Z  INFO herdr::logging: session saved event="persist.save" subsystem="persist" outcome="ok" path=/Users/oliver/.config/herdr/session.json workspaces=3
2026-07-30T12:22:58.206083Z  INFO herdr::logging: tab focused event="tab.focus" subsystem="tab" outcome="ok" workspace_id="w9" tab_id="w9:t1"
2026-07-30T12:23:03.223379Z  INFO herdr::logging: session saved event="persist.save" subsystem="persist" outcome="ok" path=/Users/oliver/.config/herdr/session.json workspaces=3
2026-07-30T12:41:40.603366Z  INFO herdr::logging: tab focused event="tab.focus" subsystem="tab" outcome="ok" workspace_id="w9" tab_id="w9:t1"
2026-07-30T12:41:45.629240Z  INFO herdr::logging: session saved event="persist.save" subsystem="persist" outcome="ok" path=/Users/oliver/.config/herdr/session.json workspaces=3
2026-07-30T12:41:52.053153Z  INFO herdr::logging: tab focused event="tab.focus" subsystem="tab" outcome="ok" workspace_id="w9" tab_id="w9:t1"
2026-07-30T12:41:57.012001Z  INFO herdr::logging: tab focused event="tab.focus" subsystem="tab" outcome="ok" workspace_id="w9" tab_id="w9:t1"
2026-07-30T12:42:00.969637Z  INFO herdr::logging: tab focused event="tab.focus" subsystem="tab" outcome="ok" workspace_id="w9" tab_id="w9:t1"
2026-07-30T12:42:05.977696Z  INFO herdr::logging: session saved event="persist.save" subsystem="persist" outcome="ok" path=/Users/oliver/.config/herdr/session.json workspaces=3
2026-07-30T12:42:21.035150Z  INFO herdr::logging: tab focused event="tab.focus" subsystem="tab" outcome="ok" workspace_id="w9" tab_id="w9:t1"
2026-07-30T12:42:26.041710Z  INFO herdr::logging: session saved event="persist.save" subsystem="persist" outcome="ok" path=/Users/oliver/.config/herdr/session.json workspaces=3
2026-07-30T12:42:39.650280Z  INFO herdr::logging: tab focused event="tab.focus" subsystem="tab" outcome="ok" workspace_id="w9" tab_id="w9:t1"
2026-07-30T12:42:44.658392Z  INFO herdr::logging: session saved event="persist.save" subsystem="persist" outcome="ok" path=/Users/oliver/.config/herdr/session.json workspaces=3
2026-07-30T12:42:50.149366Z  INFO herdr::logging: tab focused event="tab.focus" subsystem="tab" outcome="ok" workspace_id="w9" tab_id="w9:t1"
2026-07-30T12:42:55.156497Z  INFO herdr::logging: session saved event="persist.save" subsystem="persist" outcome="ok" path=/Users/oliver/.config/herdr/session.json workspaces=3
2026-07-30T12:43:27.910873Z  INFO herdr::logging: tab focused event="tab.focus" subsystem="tab" outcome="ok" workspace_id="w9" tab_id="w9:t1"
2026-07-30T12:43:32.919165Z  INFO herdr::logging: session saved event="persist.save" subsystem="persist" outcome="ok" path=/Users/oliver/.config/herdr/session.json workspaces=3
2026-07-30T12:43:45.205986Z  INFO herdr::logging: tab focused event="tab.focus" subsystem="tab" outcome="ok" workspace_id="w9" tab_id="w9:t1"
2026-07-30T12:43:50.214390Z  INFO herdr::logging: session saved event="persist.save" subsystem="persist" outcome="ok" path=/Users/oliver/.config/herdr/session.json workspaces=3
2026-07-30T12:44:05.060589Z  INFO herdr::logging: tab focused event="tab.focus" subsystem="tab" outcome="ok" workspace_id="w9" tab_id="w9:t1"
2026-07-30T12:44:09.418455Z  INFO herdr::logging: tab focused event="tab.focus" subsystem="tab" outcome="ok" workspace_id="w9" tab_id="w9:t1"
2026-07-30T12:44:14.433266Z  INFO herdr::logging: session saved event="persist.save" subsystem="persist" outcome="ok" path=/Users/oliver/.config/herdr/session.json workspaces=3
2026-07-30T12:44:19.618264Z  INFO herdr::logging: tab focused event="tab.focus" subsystem="tab" outcome="ok" workspace_id="w9" tab_id="w9:t1"
2026-07-30T12:44:20.859934Z  INFO herdr::logging: tab focused event="tab.focus" subsystem="tab" outcome="ok" workspace_id="w9" tab_id="w9:t1"
2026-07-30T12:44:25.875390Z  INFO herdr::logging: session saved event="persist.save" subsystem="persist" outcome="ok" path=/Users/oliver/.config/herdr/session.json workspaces=3
2026-07-30T12:44:31.643812Z  INFO herdr::logging: tab focused event="tab.focus" subsystem="tab" outcome="ok" workspace_id="w9" tab_id="w9:t1"
2026-07-30T12:44:36.657452Z  INFO herdr::logging: session saved event="persist.save" subsystem="persist" outcome="ok" path=/Users/oliver/.config/herdr/session.json workspaces=3
2026-07-31T07:07:05.867938Z  WARN herdr::detect::manifest_update: agent detection manifest update failed: failed to fetch https://herdr.dev/agent-detection/index.toml
2026-07-31T07:37:08.606674Z  INFO herdr::logging: tab focused event="tab.focus" subsystem="tab" outcome="ok" workspace_id="w9" tab_id="w9:t2"
2026-07-31T07:37:10.609676Z  INFO herdr::logging: workspace focused event="workspace.focus" subsystem="workspace" outcome="ok" workspace_id="w7"
2026-07-31T07:37:10.609726Z  INFO herdr::logging: tab focused event="tab.focus" subsystem="tab" outcome="ok" workspace_id="w7" tab_id="w7:t1"
2026-07-31T07:37:15.618602Z  INFO herdr::logging: session saved event="persist.save" subsystem="persist" outcome="ok" path=/Users/oliver/.config/herdr/session.json workspaces=3
2026-07-31T07:37:27.583788Z  INFO herdr::app::actions: copied selection to clipboard
2026-07-31T07:40:52.838680Z  INFO herdr::logging: workspace focused event="workspace.focus" subsystem="workspace" outcome="ok" workspace_id="w9"
2026-07-31T07:40:52.839846Z  INFO herdr::logging: tab focused event="tab.focus" subsystem="tab" outcome="ok" workspace_id="w9" tab_id="w9:t2"
2026-07-31T07:40:57.844875Z  INFO herdr::logging: session saved event="persist.save" subsystem="persist" outcome="ok" path=/Users/oliver/.config/herdr/session.json workspaces=3
2026-07-31T07:41:01.164212Z  INFO herdr::logging: tab focused event="tab.focus" subsystem="tab" outcome="ok" workspace_id="w9" tab_id="w9:t1"
2026-07-31T07:41:06.172952Z  INFO herdr::logging: session saved event="persist.save" subsystem="persist" outcome="ok" path=/Users/oliver/.config/herdr/session.json workspaces=3
2026-07-31T07:59:08.791371Z  INFO herdr::logging: tab focused event="tab.focus" subsystem="tab" outcome="ok" workspace_id="w9" tab_id="w9:t1"
2026-07-31T07:59:13.805449Z  INFO herdr::logging: session saved event="persist.save" subsystem="persist" outcome="ok" path=/Users/oliver/.config/herdr/session.json workspaces=3
2026-07-31T07:59:14.519431Z  INFO herdr::logging: tab focused event="tab.focus" subsystem="tab" outcome="ok" workspace_id="w9" tab_id="w9:t1"
2026-07-31T07:59:19.525497Z  INFO herdr::logging: session saved event="persist.save" subsystem="persist" outcome="ok" path=/Users/oliver/.config/herdr/session.json workspaces=3
2026-07-31T07:59:46.624145Z  INFO herdr::logging: tab focused event="tab.focus" subsystem="tab" outcome="ok" workspace_id="w9" tab_id="w9:t1"
2026-07-31T07:59:48.437589Z  INFO herdr::logging: tab focused event="tab.focus" subsystem="tab" outcome="ok" workspace_id="w9" tab_id="w9:t1"
2026-07-31T07:59:53.450317Z  INFO herdr::logging: session saved event="persist.save" subsystem="persist" outcome="ok" path=/Users/oliver/.config/herdr/session.json workspaces=3
2026-07-31T08:00:12.297664Z  INFO herdr::logging: tab focused event="tab.focus" subsystem="tab" outcome="ok" workspace_id="w9" tab_id="w9:t1"
2026-07-31T08:00:14.378855Z  INFO herdr::logging: tab focused event="tab.focus" subsystem="tab" outcome="ok" workspace_id="w9" tab_id="w9:t1"
2026-07-31T08:00:19.386083Z  INFO herdr::logging: session saved event="persist.save" subsystem="persist" outcome="ok" path=/Users/oliver/.config/herdr/session.json workspaces=3
2026-07-31T08:15:38.912804Z  INFO herdr::logging: session saved event="persist.save" subsystem="persist" outcome="ok" path=/Users/oliver/.config/herdr/session.json workspaces=3
2026-07-31T08:20:01.499760Z  INFO herdr::logging: tab focused event="tab.focus" subsystem="tab" outcome="ok" workspace_id="w9" tab_id="w9:t2"
2026-07-31T08:20:03.529265Z  INFO herdr::logging: workspace focused event="workspace.focus" subsystem="workspace" outcome="ok" workspace_id="w7"
2026-07-31T08:20:03.529350Z  INFO herdr::logging: tab focused event="tab.focus" subsystem="tab" outcome="ok" workspace_id="w7" tab_id="w7:t1"
2026-07-31T08:20:06.706544Z  INFO herdr::logging: spawning pane terminal event="pane.spawn.start" subsystem="pane" outcome="started" pane_id=29 rows=58 cols=207 scrollback_limit_bytes=10000000
2026-07-31T08:20:06.712855Z  INFO herdr::logging: pane child spawned event="pane.spawned" subsystem="pane" outcome="ok" pane_id=29 pid=57291
2026-07-31T08:20:06.713082Z  INFO herdr::logging: tab renamed event="tab.rename" subsystem="tab" outcome="ok" workspace_id="w7" tab_id="w7:t3"
2026-07-31T08:20:06.713099Z  INFO herdr::logging: tab focused event="tab.focus" subsystem="tab" outcome="ok" workspace_id="w7" tab_id="w7:t3"
2026-07-31T08:20:11.724542Z  INFO herdr::logging: session saved event="persist.save" subsystem="persist" outcome="ok" path=/Users/oliver/.config/herdr/session.json workspaces=3
2026-07-31T08:21:44.957569Z  INFO herdr::logging: workspace focused event="workspace.focus" subsystem="workspace" outcome="ok" workspace_id="w9"
2026-07-31T08:21:44.959718Z  INFO herdr::logging: tab focused event="tab.focus" subsystem="tab" outcome="ok" workspace_id="w9" tab_id="w9:t2"
2026-07-31T08:21:47.128827Z  INFO herdr::logging: tab focused event="tab.focus" subsystem="tab" outcome="ok" workspace_id="w9" tab_id="w9:t1"
2026-07-31T08:21:52.131300Z  INFO herdr::logging: session saved event="persist.save" subsystem="persist" outcome="ok" path=/Users/oliver/.config/herdr/session.json workspaces=3
2026-07-31T08:22:02.162136Z  INFO herdr::logging: workspace focused event="workspace.focus" subsystem="workspace" outcome="ok" workspace_id="w7"
2026-07-31T08:22:02.163166Z  INFO herdr::logging: tab focused event="tab.focus" subsystem="tab" outcome="ok" workspace_id="w7" tab_id="w7:t3"
2026-07-31T08:22:07.172489Z  INFO herdr::logging: session saved event="persist.save" subsystem="persist" outcome="ok" path=/Users/oliver/.config/herdr/session.json workspaces=3
2026-07-31T08:22:10.590139Z  INFO herdr::logging: workspace focused event="workspace.focus" subsystem="workspace" outcome="ok" workspace_id="w9"
2026-07-31T08:22:10.590223Z  INFO herdr::logging: tab focused event="tab.focus" subsystem="tab" outcome="ok" workspace_id="w9" tab_id="w9:t1"
2026-07-31T08:22:15.597832Z  INFO herdr::logging: session saved event="persist.save" subsystem="persist" outcome="ok" path=/Users/oliver/.config/herdr/session.json workspaces=3
2026-07-31T09:14:05.001739Z  INFO herdr::server::headless: client resize client_id=20 cols=105 rows=59 cell_width_px=0 cell_height_px=0
2026-07-31T09:14:18.400033Z  INFO herdr::server::headless: client resize client_id=20 cols=211 rows=59 cell_width_px=0 cell_height_px=0
2026-07-31T09:20:40.271751Z  INFO herdr::logging: tab focused event="tab.focus" subsystem="tab" outcome="ok" workspace_id="w9" tab_id="w9:t2"
2026-07-31T09:20:45.275393Z  INFO herdr::logging: session saved event="persist.save" subsystem="persist" outcome="ok" path=/Users/oliver/.config/herdr/session.json workspaces=3
2026-07-31T09:20:45.880688Z  INFO herdr::logging: tab focused event="tab.focus" subsystem="tab" outcome="ok" workspace_id="w9" tab_id="w9:t1"
2026-07-31T09:20:50.883801Z  INFO herdr::logging: session saved event="persist.save" subsystem="persist" outcome="ok" path=/Users/oliver/.config/herdr/session.json workspaces=3
2026-07-31T10:00:56.963015Z  INFO herdr::logging: tab focused event="tab.focus" subsystem="tab" outcome="ok" workspace_id="w9" tab_id="w9:t1"
2026-07-31T10:00:59.981486Z  INFO herdr::logging: tab focused event="tab.focus" subsystem="tab" outcome="ok" workspace_id="w9" tab_id="w9:t1"
2026-07-31T10:01:04.990084Z  INFO herdr::logging: session saved event="persist.save" subsystem="persist" outcome="ok" path=/Users/oliver/.config/herdr/session.json workspaces=3
2026-07-31T10:01:36.428891Z  INFO herdr::logging: tab focused event="tab.focus" subsystem="tab" outcome="ok" workspace_id="w9" tab_id="w9:t1"
2026-07-31T10:01:37.245400Z  INFO herdr::logging: tab focused event="tab.focus" subsystem="tab" outcome="ok" workspace_id="w9" tab_id="w9:t1"
2026-07-31T10:01:42.260717Z  INFO herdr::logging: session saved event="persist.save" subsystem="persist" outcome="ok" path=/Users/oliver/.config/herdr/session.json workspaces=3
2026-07-31T10:02:22.552424Z  INFO herdr::logging: tab focused event="tab.focus" subsystem="tab" outcome="ok" workspace_id="w9" tab_id="w9:t1"
2026-07-31T10:02:24.628807Z  INFO herdr::logging: tab focused event="tab.focus" subsystem="tab" outcome="ok" workspace_id="w9" tab_id="w9:t1"
2026-07-31T10:02:29.639114Z  INFO herdr::logging: session saved event="persist.save" subsystem="persist" outcome="ok" path=/Users/oliver/.config/herdr/session.json workspaces=3
2026-07-31T10:20:35.525289Z  INFO herdr::logging: tab focused event="tab.focus" subsystem="tab" outcome="ok" workspace_id="w9" tab_id="w9:t1"
2026-07-31T10:20:40.538711Z  INFO herdr::logging: session saved event="persist.save" subsystem="persist" outcome="ok" path=/Users/oliver/.config/herdr/session.json workspaces=3
2026-07-31T10:20:42.353755Z  INFO herdr::logging: tab focused event="tab.focus" subsystem="tab" outcome="ok" workspace_id="w9" tab_id="w9:t1"
2026-07-31T10:20:47.367598Z  INFO herdr::logging: session saved event="persist.save" subsystem="persist" outcome="ok" path=/Users/oliver/.config/herdr/session.json workspaces=3
2026-07-31T10:31:40.105499Z  INFO herdr::logging: tab focused event="tab.focus" subsystem="tab" outcome="ok" workspace_id="w9" tab_id="w9:t1"
2026-07-31T10:31:43.395556Z  INFO herdr::logging: tab focused event="tab.focus" subsystem="tab" outcome="ok" workspace_id="w9" tab_id="w9:t1"
2026-07-31T10:31:48.403841Z  INFO herdr::logging: session saved event="persist.save" subsystem="persist" outcome="ok" path=/Users/oliver/.config/herdr/session.json workspaces=3
2026-07-31T10:32:17.636739Z  INFO herdr::logging: tab focused event="tab.focus" subsystem="tab" outcome="ok" workspace_id="w9" tab_id="w9:t1"
2026-07-31T10:32:22.655891Z  INFO herdr::logging: session saved event="persist.save" subsystem="persist" outcome="ok" path=/Users/oliver/.config/herdr/session.json workspaces=3
2026-07-31T10:32:39.661478Z  INFO herdr::logging: tab focused event="tab.focus" subsystem="tab" outcome="ok" workspace_id="w9" tab_id="w9:t1"
2026-07-31T10:32:44.670352Z  INFO herdr::logging: session saved event="persist.save" subsystem="persist" outcome="ok" path=/Users/oliver/.config/herdr/session.json workspaces=3
2026-07-31T10:32:46.903139Z  INFO herdr::logging: tab focused event="tab.focus" subsystem="tab" outcome="ok" workspace_id="w9" tab_id="w9:t1"
2026-07-31T10:32:51.919157Z  INFO herdr::logging: session saved event="persist.save" subsystem="persist" outcome="ok" path=/Users/oliver/.config/herdr/session.json workspaces=3
2026-07-31T10:34:20.439709Z  INFO herdr::logging: tab focused event="tab.focus" subsystem="tab" outcome="ok" workspace_id="w9" tab_id="w9:t1"
2026-07-31T10:34:25.453566Z  INFO herdr::logging: session saved event="persist.save" subsystem="persist" outcome="ok" path=/Users/oliver/.config/herdr/session.json workspaces=3
2026-07-31T13:45:50.275383Z  INFO herdr::logging: tab focused event="tab.focus" subsystem="tab" outcome="ok" workspace_id="w9" tab_id="w9:t1"
2026-07-31T13:45:50.783229Z  INFO herdr::logging: tab focused event="tab.focus" subsystem="tab" outcome="ok" workspace_id="w9" tab_id="w9:t1"
2026-07-31T13:45:55.793732Z  INFO herdr::logging: session saved event="persist.save" subsystem="persist" outcome="ok" path=/Users/oliver/.config/herdr/session.json workspaces=3
2026-07-31T13:48:07.445253Z  INFO herdr::logging: tab focused event="tab.focus" subsystem="tab" outcome="ok" workspace_id="w9" tab_id="w9:t1"
2026-07-31T13:48:12.458888Z  INFO herdr::logging: session saved event="persist.save" subsystem="persist" outcome="ok" path=/Users/oliver/.config/herdr/session.json workspaces=3
2026-07-31T13:48:17.195045Z  INFO herdr::logging: tab focused event="tab.focus" subsystem="tab" outcome="ok" workspace_id="w9" tab_id="w9:t1"
2026-07-31T13:48:22.205540Z  INFO herdr::logging: session saved event="persist.save" subsystem="persist" outcome="ok" path=/Users/oliver/.config/herdr/session.json workspaces=3
2026-07-31T13:50:17.679851Z  INFO herdr::logging: tab focused event="tab.focus" subsystem="tab" outcome="ok" workspace_id="w9" tab_id="w9:t1"
2026-07-31T13:50:20.973648Z  INFO herdr::logging: tab focused event="tab.focus" subsystem="tab" outcome="ok" workspace_id="w9" tab_id="w9:t1"
2026-07-31T13:50:22.139926Z  INFO herdr::logging: tab focused event="tab.focus" subsystem="tab" outcome="ok" workspace_id="w9" tab_id="w9:t1"
2026-07-31T13:50:27.154021Z  INFO herdr::logging: session saved event="persist.save" subsystem="persist" outcome="ok" path=/Users/oliver/.config/herdr/session.json workspaces=3
2026-07-31T13:51:23.170712Z  INFO herdr::logging: tab focused event="tab.focus" subsystem="tab" outcome="ok" workspace_id="w9" tab_id="w9:t1"
2026-07-31T13:51:28.182897Z  INFO herdr::logging: session saved event="persist.save" subsystem="persist" outcome="ok" path=/Users/oliver/.config/herdr/session.json workspaces=3
2026-07-31T13:54:30.259563Z  INFO herdr::logging: tab focused event="tab.focus" subsystem="tab" outcome="ok" workspace_id="w9" tab_id="w9:t1"
2026-07-31T13:54:35.272369Z  INFO herdr::logging: session saved event="persist.save" subsystem="persist" outcome="ok" path=/Users/oliver/.config/herdr/session.json workspaces=3
2026-07-31T13:54:43.056837Z  INFO herdr::logging: tab focused event="tab.focus" subsystem="tab" outcome="ok" workspace_id="w9" tab_id="w9:t1"
2026-07-31T13:54:48.068022Z  INFO herdr::logging: session saved event="persist.save" subsystem="persist" outcome="ok" path=/Users/oliver/.config/herdr/session.json workspaces=3
2026-07-31T13:57:20.170176Z  INFO herdr::logging: tab focused event="tab.focus" subsystem="tab" outcome="ok" workspace_id="w9" tab_id="w9:t1"
2026-07-31T13:57:25.182234Z  INFO herdr::logging: session saved event="persist.save" subsystem="persist" outcome="ok" path=/Users/oliver/.config/herdr/session.json workspaces=3
2026-07-31T13:57:33.558894Z  INFO herdr::logging: tab focused event="tab.focus" subsystem="tab" outcome="ok" workspace_id="w9" tab_id="w9:t1"
2026-07-31T13:57:38.572937Z  INFO herdr::logging: session saved event="persist.save" subsystem="persist" outcome="ok" path=/Users/oliver/.config/herdr/session.json workspaces=3
2026-07-31T13:59:48.009709Z  INFO herdr::logging: tab focused event="tab.focus" subsystem="tab" outcome="ok" workspace_id="w9" tab_id="w9:t1"
2026-07-31T13:59:53.026389Z  INFO herdr::logging: session saved event="persist.save" subsystem="persist" outcome="ok" path=/Users/oliver/.config/herdr/session.json workspaces=3
2026-07-31T14:00:19.275335Z  INFO herdr::logging: tab focused event="tab.focus" subsystem="tab" outcome="ok" workspace_id="w9" tab_id="w9:t1"
2026-07-31T14:00:24.287347Z  INFO herdr::logging: session saved event="persist.save" subsystem="persist" outcome="ok" path=/Users/oliver/.config/herdr/session.json workspaces=3
2026-07-31T14:02:13.233722Z  INFO herdr::logging: tab focused event="tab.focus" subsystem="tab" outcome="ok" workspace_id="w9" tab_id="w9:t1"
2026-07-31T14:02:18.243671Z  INFO herdr::logging: session saved event="persist.save" subsystem="persist" outcome="ok" path=/Users/oliver/.config/herdr/session.json workspaces=3
2026-07-31T14:02:19.790403Z  INFO herdr::logging: tab focused event="tab.focus" subsystem="tab" outcome="ok" workspace_id="w9" tab_id="w9:t1"
2026-07-31T14:02:24.805901Z  INFO herdr::logging: session saved event="persist.save" subsystem="persist" outcome="ok" path=/Users/oliver/.config/herdr/session.json workspaces=3
2026-07-31T14:11:00.109222Z  INFO herdr::logging: tab focused event="tab.focus" subsystem="tab" outcome="ok" workspace_id="w9" tab_id="w9:t1"
2026-07-31T14:11:05.125373Z  INFO herdr::logging: session saved event="persist.save" subsystem="persist" outcome="ok" path=/Users/oliver/.config/herdr/session.json workspaces=3
2026-07-31T14:11:13.606536Z  INFO herdr::logging: tab focused event="tab.focus" subsystem="tab" outcome="ok" workspace_id="w9" tab_id="w9:t1"
2026-07-31T14:11:18.618458Z  INFO herdr::logging: session saved event="persist.save" subsystem="persist" outcome="ok" path=/Users/oliver/.config/herdr/session.json workspaces=3
2026-07-31T14:20:16.194422Z  INFO herdr::logging: tab focused event="tab.focus" subsystem="tab" outcome="ok" workspace_id="w9" tab_id="w9:t1"
2026-07-31T14:20:21.206193Z  INFO herdr::logging: session saved event="persist.save" subsystem="persist" outcome="ok" path=/Users/oliver/.config/herdr/session.json workspaces=3
2026-07-31T14:20:44.684464Z  INFO herdr::logging: tab focused event="tab.focus" subsystem="tab" outcome="ok" workspace_id="w9" tab_id="w9:t1"
2026-07-31T14:20:49.693308Z  INFO herdr::logging: session saved event="persist.save" subsystem="persist" outcome="ok" path=/Users/oliver/.config/herdr/session.json workspaces=3
2026-07-31T14:21:15.050970Z  INFO herdr::logging: tab focused event="tab.focus" subsystem="tab" outcome="ok" workspace_id="w9" tab_id="w9:t1"
2026-07-31T14:21:20.081320Z  INFO herdr::logging: session saved event="persist.save" subsystem="persist" outcome="ok" path=/Users/oliver/.config/herdr/session.json workspaces=3
2026-07-31T14:21:22.317443Z  INFO herdr::logging: tab focused event="tab.focus" subsystem="tab" outcome="ok" workspace_id="w9" tab_id="w9:t1"
2026-07-31T14:21:27.338083Z  INFO herdr::logging: session saved event="persist.save" subsystem="persist" outcome="ok" path=/Users/oliver/.config/herdr/session.json workspaces=3
2026-07-31T14:23:15.909793Z  INFO herdr::logging: tab focused event="tab.focus" subsystem="tab" outcome="ok" workspace_id="w9" tab_id="w9:t1"
2026-07-31T14:23:20.925758Z  INFO herdr::logging: session saved event="persist.save" subsystem="persist" outcome="ok" path=/Users/oliver/.config/herdr/session.json workspaces=3
2026-07-31T14:23:50.784522Z  INFO herdr::logging: tab focused event="tab.focus" subsystem="tab" outcome="ok" workspace_id="w9" tab_id="w9:t1"
2026-07-31T14:23:55.792804Z  INFO herdr::logging: session saved event="persist.save" subsystem="persist" outcome="ok" path=/Users/oliver/.config/herdr/session.json workspaces=3
2026-07-31T14:24:52.070695Z  INFO herdr::logging: tab focused event="tab.focus" subsystem="tab" outcome="ok" workspace_id="w9" tab_id="w9:t1"
2026-07-31T14:24:53.174259Z  INFO herdr::logging: tab focused event="tab.focus" subsystem="tab" outcome="ok" workspace_id="w9" tab_id="w9:t1"
2026-07-31T14:24:58.184360Z  INFO herdr::logging: session saved event="persist.save" subsystem="persist" outcome="ok" path=/Users/oliver/.config/herdr/session.json workspaces=3
2026-07-31T14:25:43.620815Z  INFO herdr::logging: tab focused event="tab.focus" subsystem="tab" outcome="ok" workspace_id="w9" tab_id="w9:t1"
2026-07-31T14:25:48.630019Z  INFO herdr::logging: session saved event="persist.save" subsystem="persist" outcome="ok" path=/Users/oliver/.config/herdr/session.json workspaces=3
2026-07-31T14:26:42.429696Z  INFO herdr::logging: tab focused event="tab.focus" subsystem="tab" outcome="ok" workspace_id="w9" tab_id="w9:t1"
2026-07-31T14:26:47.440520Z  INFO herdr::logging: session saved event="persist.save" subsystem="persist" outcome="ok" path=/Users/oliver/.config/herdr/session.json workspaces=3
2026-07-31T14:27:06.159680Z  INFO herdr::logging: tab focused event="tab.focus" subsystem="tab" outcome="ok" workspace_id="w9" tab_id="w9:t1"
2026-07-31T14:27:11.172329Z  INFO herdr::logging: session saved event="persist.save" subsystem="persist" outcome="ok" path=/Users/oliver/.config/herdr/session.json workspaces=3
2026-07-31T14:28:02.950167Z  INFO herdr::logging: tab focused event="tab.focus" subsystem="tab" outcome="ok" workspace_id="w9" tab_id="w9:t1"
2026-07-31T14:28:07.966423Z  INFO herdr::logging: session saved event="persist.save" subsystem="persist" outcome="ok" path=/Users/oliver/.config/herdr/session.json workspaces=3
2026-07-31T14:28:44.466291Z  INFO herdr::logging: tab focused event="tab.focus" subsystem="tab" outcome="ok" workspace_id="w9" tab_id="w9:t1"
2026-07-31T14:28:49.483962Z  INFO herdr::logging: session saved event="persist.save" subsystem="persist" outcome="ok" path=/Users/oliver/.config/herdr/session.json workspaces=3
2026-07-31T14:29:05.782619Z  INFO herdr::logging: tab focused event="tab.focus" subsystem="tab" outcome="ok" workspace_id="w9" tab_id="w9:t1"
2026-07-31T14:29:10.792444Z  INFO herdr::logging: session saved event="persist.save" subsystem="persist" outcome="ok" path=/Users/oliver/.config/herdr/session.json workspaces=3
2026-07-31T14:37:03.520079Z  INFO herdr::logging: tab focused event="tab.focus" subsystem="tab" outcome="ok" workspace_id="w9" tab_id="w9:t1"
2026-07-31T14:37:08.539624Z  INFO herdr::logging: session saved event="persist.save" subsystem="persist" outcome="ok" path=/Users/oliver/.config/herdr/session.json workspaces=3
2026-07-31T14:37:24.641355Z  INFO herdr::logging: tab focused event="tab.focus" subsystem="tab" outcome="ok" workspace_id="w9" tab_id="w9:t1"
2026-07-31T14:37:29.656847Z  INFO herdr::logging: session saved event="persist.save" subsystem="persist" outcome="ok" path=/Users/oliver/.config/herdr/session.json workspaces=3
2026-07-31T14:50:33.312179Z  INFO herdr::app::actions: copied selection to clipboard
2026-07-31T15:01:45.403862Z  INFO herdr::logging: tab focused event="tab.focus" subsystem="tab" outcome="ok" workspace_id="w9" tab_id="w9:t1"
2026-07-31T15:01:50.421634Z  INFO herdr::logging: session saved event="persist.save" subsystem="persist" outcome="ok" path=/Users/oliver/.config/herdr/session.json workspaces=3
2026-07-31T15:01:59.363396Z  INFO herdr::logging: tab focused event="tab.focus" subsystem="tab" outcome="ok" workspace_id="w9" tab_id="w9:t1"
2026-07-31T15:02:04.380297Z  INFO herdr::logging: session saved event="persist.save" subsystem="persist" outcome="ok" path=/Users/oliver/.config/herdr/session.json workspaces=3
2026-08-01T06:25:34.294137Z  INFO herdr::logging: tab focused event="tab.focus" subsystem="tab" outcome="ok" workspace_id="w9" tab_id="w9:t2"
2026-08-01T06:25:39.303316Z  INFO herdr::logging: session saved event="persist.save" subsystem="persist" outcome="ok" path=/Users/oliver/.config/herdr/session.json workspaces=3
2026-08-01T06:27:03.544609Z  INFO herdr::logging: spawning pane terminal event="pane.spawn.start" subsystem="pane" outcome="started" pane_id=30 rows=58 cols=207 scrollback_limit_bytes=10000000
2026-08-01T06:27:03.551771Z  INFO herdr::logging: pane child spawned event="pane.spawned" subsystem="pane" outcome="ok" pane_id=30 pid=85002
2026-08-01T06:27:03.552755Z  INFO herdr::logging: tab focused event="tab.focus" subsystem="tab" outcome="ok" workspace_id="w9" tab_id="w9:t2"
2026-08-01T06:27:08.557764Z  INFO herdr::logging: session saved event="persist.save" subsystem="persist" outcome="ok" path=/Users/oliver/.config/herdr/session.json workspaces=3
2026-08-02T09:24:02.729456Z  INFO herdr::logging: tab focused event="tab.focus" subsystem="tab" outcome="ok" workspace_id="w9" tab_id="w9:t1"
2026-08-02T09:24:07.742309Z  INFO herdr::logging: session saved event="persist.save" subsystem="persist" outcome="ok" path=/Users/oliver/.config/herdr/session.json workspaces=3
2026-08-02T09:52:59.205164Z  INFO herdr::pane: agent changed pane=26 previous_agent=None agent=Some(OpenCode) process=opencode pgid=Some(15893)
2026-08-02T09:53:02.548661Z  INFO herdr::pane: agent changed pane=26 previous_agent=Some(OpenCode) agent=None pgid=Some(40953)
2026-08-02T10:17:33.684291Z  INFO herdr::logging: session saved event="persist.save" subsystem="persist" outcome="ok" path=/Users/oliver/.config/herdr/session.json workspaces=3
2026-08-02T10:24:37.553285Z  INFO herdr::logging: spawning pane terminal event="pane.spawn.start" subsystem="pane" outcome="started" pane_id=31 rows=58 cols=207 scrollback_limit_bytes=10000000
2026-08-02T10:24:37.560050Z  INFO herdr::logging: pane child spawned event="pane.spawned" subsystem="pane" outcome="ok" pane_id=31 pid=21697
2026-08-02T10:24:37.560666Z  INFO herdr::logging: tab focused event="tab.focus" subsystem="tab" outcome="ok" workspace_id="w9" tab_id="w9:t3"
2026-08-02T10:24:42.571216Z  INFO herdr::logging: session saved event="persist.save" subsystem="persist" outcome="ok" path=/Users/oliver/.config/herdr/session.json workspaces=3
2026-08-02T10:30:35.703301Z  INFO herdr::logging: pane child exited event="pane.exit" subsystem="pane" outcome="completed" pane_id=31 status="ExitStatus { code: 0, signal: None }"
2026-08-02T10:30:35.703865Z  INFO herdr::pane: pane session terminated pane=31 pid=21697 signal=Hangup
2026-08-02T10:30:36.630425Z  INFO herdr::logging: tab focused event="tab.focus" subsystem="tab" outcome="ok" workspace_id="w9" tab_id="w9:t1"
2026-08-02T10:30:41.650918Z  INFO herdr::logging: session saved event="persist.save" subsystem="persist" outcome="ok" path=/Users/oliver/.config/herdr/session.json workspaces=3
2026-08-02T12:51:48.647703Z  INFO herdr::server::headless: client resize client_id=20 cols=207 rows=59 cell_width_px=0 cell_height_px=0
2026-08-02T12:51:49.683072Z  INFO herdr::server::headless: client resize client_id=20 cols=105 rows=59 cell_width_px=0 cell_height_px=0
2026-08-02T13:15:48.956554Z  INFO herdr::server::headless: client resize client_id=20 cols=207 rows=59 cell_width_px=0 cell_height_px=0
2026-08-03T05:12:08.794597Z  INFO herdr::logging: tab focused event="tab.focus" subsystem="tab" outcome="ok" workspace_id="w9" tab_id="w9:t1"
2026-08-03T05:12:13.817252Z  INFO herdr::logging: session saved event="persist.save" subsystem="persist" outcome="ok" path=/Users/oliver/.config/herdr/session.json workspaces=3
2026-08-03T05:12:29.159829Z  INFO herdr::logging: tab focused event="tab.focus" subsystem="tab" outcome="ok" workspace_id="w9" tab_id="w9:t1"
2026-08-03T05:12:34.181350Z  INFO herdr::logging: session saved event="persist.save" subsystem="persist" outcome="ok" path=/Users/oliver/.config/herdr/session.json workspaces=3
2026-08-03T05:12:35.810520Z  INFO herdr::logging: tab focused event="tab.focus" subsystem="tab" outcome="ok" workspace_id="w9" tab_id="w9:t1"
2026-08-03T05:12:40.831438Z  INFO herdr::logging: session saved event="persist.save" subsystem="persist" outcome="ok" path=/Users/oliver/.config/herdr/session.json workspaces=3
2026-08-03T05:12:54.767647Z  INFO herdr::logging: tab focused event="tab.focus" subsystem="tab" outcome="ok" workspace_id="w9" tab_id="w9:t1"
2026-08-03T05:12:59.791813Z  INFO herdr::logging: session saved event="persist.save" subsystem="persist" outcome="ok" path=/Users/oliver/.config/herdr/session.json workspaces=3
2026-08-03T05:13:29.412478Z  INFO herdr::logging: tab focused event="tab.focus" subsystem="tab" outcome="ok" workspace_id="w9" tab_id="w9:t1"
2026-08-03T05:13:30.362302Z  INFO herdr::logging: tab focused event="tab.focus" subsystem="tab" outcome="ok" workspace_id="w9" tab_id="w9:t1"
2026-08-03T05:13:35.374283Z  INFO herdr::logging: session saved event="persist.save" subsystem="persist" outcome="ok" path=/Users/oliver/.config/herdr/session.json workspaces=3
2026-08-03T05:15:37.427276Z  INFO herdr::logging: session saved event="persist.save" subsystem="persist" outcome="ok" path=/Users/oliver/.config/herdr/session.json workspaces=3
2026-08-03T05:41:19.080815Z  INFO herdr::server::headless: client resize client_id=20 cols=211 rows=59 cell_width_px=0 cell_height_px=0
2026-08-03T06:17:46.934310Z  INFO herdr::server::headless: client resize client_id=20 cols=207 rows=59 cell_width_px=0 cell_height_px=0
2026-08-03T06:17:47.246914Z  INFO herdr::server::headless: client resize client_id=20 cols=105 rows=59 cell_width_px=0 cell_height_px=0
2026-08-03T06:39:45.022446Z  INFO herdr::server::headless: client resize client_id=20 cols=207 rows=59 cell_width_px=0 cell_height_px=0
2026-08-03T06:48:56.015162Z  INFO herdr::logging: tab focused event="tab.focus" subsystem="tab" outcome="ok" workspace_id="w9" tab_id="w9:t1"
2026-08-03T06:49:01.040135Z  INFO herdr::logging: session saved event="persist.save" subsystem="persist" outcome="ok" path=/Users/oliver/.config/herdr/session.json workspaces=3
2026-08-03T06:49:13.607180Z  INFO herdr::logging: tab focused event="tab.focus" subsystem="tab" outcome="ok" workspace_id="w9" tab_id="w9:t1"
2026-08-03T06:49:18.624185Z  INFO herdr::logging: session saved event="persist.save" subsystem="persist" outcome="ok" path=/Users/oliver/.config/herdr/session.json workspaces=3
2026-08-03T06:49:35.036125Z  INFO herdr::logging: tab focused event="tab.focus" subsystem="tab" outcome="ok" workspace_id="w9" tab_id="w9:t1"
2026-08-03T06:49:36.635720Z  INFO herdr::logging: tab focused event="tab.focus" subsystem="tab" outcome="ok" workspace_id="w9" tab_id="w9:t1"
2026-08-03T06:49:41.651163Z  INFO herdr::logging: session saved event="persist.save" subsystem="persist" outcome="ok" path=/Users/oliver/.config/herdr/session.json workspaces=3
2026-08-03T06:49:50.415248Z  INFO herdr::logging: tab focused event="tab.focus" subsystem="tab" outcome="ok" workspace_id="w9" tab_id="w9:t1"
2026-08-03T06:49:52.198706Z  INFO herdr::logging: tab focused event="tab.focus" subsystem="tab" outcome="ok" workspace_id="w9" tab_id="w9:t1"
2026-08-03T06:49:58.363503Z  INFO herdr::logging: session saved event="persist.save" subsystem="persist" outcome="ok" path=/Users/oliver/.config/herdr/session.json workspaces=3
2026-08-03T06:55:58.441507Z  INFO herdr::logging: tab focused event="tab.focus" subsystem="tab" outcome="ok" workspace_id="w9" tab_id="w9:t1"
2026-08-03T06:56:03.451233Z  INFO herdr::logging: session saved event="persist.save" subsystem="persist" outcome="ok" path=/Users/oliver/.config/herdr/session.json workspaces=3
2026-08-03T06:56:29.660550Z  INFO herdr::logging: tab focused event="tab.focus" subsystem="tab" outcome="ok" workspace_id="w9" tab_id="w9:t1"
2026-08-03T06:56:34.678992Z  INFO herdr::logging: session saved event="persist.save" subsystem="persist" outcome="ok" path=/Users/oliver/.config/herdr/session.json workspaces=3
2026-08-03T06:56:39.777122Z  INFO herdr::logging: tab focused event="tab.focus" subsystem="tab" outcome="ok" workspace_id="w9" tab_id="w9:t1"
2026-08-03T06:56:44.788712Z  INFO herdr::logging: session saved event="persist.save" subsystem="persist" outcome="ok" path=/Users/oliver/.config/herdr/session.json workspaces=3
2026-08-03T06:57:28.793880Z  INFO herdr::logging: tab focused event="tab.focus" subsystem="tab" outcome="ok" workspace_id="w9" tab_id="w9:t1"
2026-08-03T06:57:33.810369Z  INFO herdr::logging: session saved event="persist.save" subsystem="persist" outcome="ok" path=/Users/oliver/.config/herdr/session.json workspaces=3
2026-08-03T06:58:50.219513Z  INFO herdr::logging: tab focused event="tab.focus" subsystem="tab" outcome="ok" workspace_id="w9" tab_id="w9:t1"
2026-08-03T06:58:55.238960Z  INFO herdr::logging: session saved event="persist.save" subsystem="persist" outcome="ok" path=/Users/oliver/.config/herdr/session.json workspaces=3
2026-08-03T06:59:15.689594Z  INFO herdr::logging: tab focused event="tab.focus" subsystem="tab" outcome="ok" workspace_id="w9" tab_id="w9:t1"
2026-08-03T06:59:20.698076Z  INFO herdr::logging: session saved event="persist.save" subsystem="persist" outcome="ok" path=/Users/oliver/.config/herdr/session.json workspaces=3
2026-08-03T06:59:36.146619Z  INFO herdr::logging: tab focused event="tab.focus" subsystem="tab" outcome="ok" workspace_id="w9" tab_id="w9:t1"
2026-08-03T06:59:41.643606Z  INFO herdr::logging: tab focused event="tab.focus" subsystem="tab" outcome="ok" workspace_id="w9" tab_id="w9:t1"
2026-08-03T06:59:45.323793Z  INFO herdr::logging: tab focused event="tab.focus" subsystem="tab" outcome="ok" workspace_id="w9" tab_id="w9:t1"
2026-08-03T06:59:50.339521Z  INFO herdr::logging: session saved event="persist.save" subsystem="persist" outcome="ok" path=/Users/oliver/.config/herdr/session.json workspaces=3
2026-08-03T06:59:50.773834Z  INFO herdr::logging: tab focused event="tab.focus" subsystem="tab" outcome="ok" workspace_id="w9" tab_id="w9:t1"
2026-08-03T06:59:55.787487Z  INFO herdr::logging: session saved event="persist.save" subsystem="persist" outcome="ok" path=/Users/oliver/.config/herdr/session.json workspaces=3
2026-08-03T07:04:05.019380Z  INFO herdr::logging: tab focused event="tab.focus" subsystem="tab" outcome="ok" workspace_id="w9" tab_id="w9:t1"
2026-08-03T07:04:10.038388Z  INFO herdr::logging: session saved event="persist.save" subsystem="persist" outcome="ok" path=/Users/oliver/.config/herdr/session.json workspaces=3
2026-08-03T07:04:12.111413Z  INFO herdr::logging: tab focused event="tab.focus" subsystem="tab" outcome="ok" workspace_id="w9" tab_id="w9:t1"
2026-08-03T07:04:17.117421Z  INFO herdr::logging: session saved event="persist.save" subsystem="persist" outcome="ok" path=/Users/oliver/.config/herdr/session.json workspaces=3
2026-08-03T07:04:27.720013Z  INFO herdr::logging: tab focused event="tab.focus" subsystem="tab" outcome="ok" workspace_id="w9" tab_id="w9:t1"
2026-08-03T07:04:32.744886Z  INFO herdr::logging: session saved event="persist.save" subsystem="persist" outcome="ok" path=/Users/oliver/.config/herdr/session.json workspaces=3
2026-08-03T07:04:32.978437Z  INFO herdr::logging: tab focused event="tab.focus" subsystem="tab" outcome="ok" workspace_id="w9" tab_id="w9:t1"
2026-08-03T07:04:37.990164Z  INFO herdr::logging: session saved event="persist.save" subsystem="persist" outcome="ok" path=/Users/oliver/.config/herdr/session.json workspaces=3
2026-08-03T07:05:22.478660Z  INFO herdr::logging: tab focused event="tab.focus" subsystem="tab" outcome="ok" workspace_id="w9" tab_id="w9:t1"
2026-08-03T07:05:27.498159Z  INFO herdr::logging: session saved event="persist.save" subsystem="persist" outcome="ok" path=/Users/oliver/.config/herdr/session.json workspaces=3
2026-08-03T07:05:28.866016Z  INFO herdr::logging: tab focused event="tab.focus" subsystem="tab" outcome="ok" workspace_id="w9" tab_id="w9:t1"
2026-08-03T07:05:33.875373Z  INFO herdr::logging: session saved event="persist.save" subsystem="persist" outcome="ok" path=/Users/oliver/.config/herdr/session.json workspaces=3
2026-08-03T07:09:41.260743Z  INFO herdr::logging: tab focused event="tab.focus" subsystem="tab" outcome="ok" workspace_id="w9" tab_id="w9:t1"
2026-08-03T07:09:46.275649Z  INFO herdr::logging: session saved event="persist.save" subsystem="persist" outcome="ok" path=/Users/oliver/.config/herdr/session.json workspaces=3
2026-08-03T07:09:50.158699Z  INFO herdr::logging: tab focused event="tab.focus" subsystem="tab" outcome="ok" workspace_id="w9" tab_id="w9:t1"
2026-08-03T07:09:55.171575Z  INFO herdr::logging: session saved event="persist.save" subsystem="persist" outcome="ok" path=/Users/oliver/.config/herdr/session.json workspaces=3
2026-08-03T07:09:56.430773Z  INFO herdr::logging: tab focused event="tab.focus" subsystem="tab" outcome="ok" workspace_id="w9" tab_id="w9:t1"
2026-08-03T07:10:01.448392Z  INFO herdr::logging: session saved event="persist.save" subsystem="persist" outcome="ok" path=/Users/oliver/.config/herdr/session.json workspaces=3
2026-08-03T07:10:02.795943Z  INFO herdr::logging: tab focused event="tab.focus" subsystem="tab" outcome="ok" workspace_id="w9" tab_id="w9:t1"
2026-08-03T07:10:07.814981Z  INFO herdr::logging: session saved event="persist.save" subsystem="persist" outcome="ok" path=/Users/oliver/.config/herdr/session.json workspaces=3
2026-08-03T07:10:12.447556Z  INFO herdr::logging: tab focused event="tab.focus" subsystem="tab" outcome="ok" workspace_id="w9" tab_id="w9:t1"
2026-08-03T07:10:17.468066Z  INFO herdr::logging: session saved event="persist.save" subsystem="persist" outcome="ok" path=/Users/oliver/.config/herdr/session.json workspaces=3
2026-08-03T07:10:36.716915Z  INFO herdr::logging: tab focused event="tab.focus" subsystem="tab" outcome="ok" workspace_id="w9" tab_id="w9:t1"
2026-08-03T07:10:41.733702Z  INFO herdr::logging: session saved event="persist.save" subsystem="persist" outcome="ok" path=/Users/oliver/.config/herdr/session.json workspaces=3
2026-08-03T07:11:01.543417Z  INFO herdr::logging: session saved event="persist.save" subsystem="persist" outcome="ok" path=/Users/oliver/.config/herdr/session.json workspaces=3
2026-08-03T07:17:23.500988Z  INFO herdr::logging: tab focused event="tab.focus" subsystem="tab" outcome="ok" workspace_id="w9" tab_id="w9:t1"
2026-08-03T07:17:31.785447Z  INFO herdr::logging: session saved event="persist.save" subsystem="persist" outcome="ok" path=/Users/oliver/.config/herdr/session.json workspaces=3
2026-08-03T07:17:33.385254Z  INFO herdr::logging: tab focused event="tab.focus" subsystem="tab" outcome="ok" workspace_id="w9" tab_id="w9:t1"
2026-08-03T07:17:38.401548Z  INFO herdr::logging: session saved event="persist.save" subsystem="persist" outcome="ok" path=/Users/oliver/.config/herdr/session.json workspaces=3
2026-08-03T07:17:45.177001Z  INFO herdr::logging: tab focused event="tab.focus" subsystem="tab" outcome="ok" workspace_id="w9" tab_id="w9:t1"
2026-08-03T07:17:50.196602Z  INFO herdr::logging: session saved event="persist.save" subsystem="persist" outcome="ok" path=/Users/oliver/.config/herdr/session.json workspaces=3
2026-08-03T07:19:21.272366Z  INFO herdr::logging: tab focused event="tab.focus" subsystem="tab" outcome="ok" workspace_id="w9" tab_id="w9:t1"
2026-08-03T07:19:26.286914Z  INFO herdr::logging: session saved event="persist.save" subsystem="persist" outcome="ok" path=/Users/oliver/.config/herdr/session.json workspaces=3
2026-08-03T07:20:09.594625Z  INFO herdr::logging: tab focused event="tab.focus" subsystem="tab" outcome="ok" workspace_id="w9" tab_id="w9:t1"
2026-08-03T07:20:14.619528Z  INFO herdr::logging: session saved event="persist.save" subsystem="persist" outcome="ok" path=/Users/oliver/.config/herdr/session.json workspaces=3
2026-08-03T07:20:55.293433Z  INFO herdr::logging: tab focused event="tab.focus" subsystem="tab" outcome="ok" workspace_id="w9" tab_id="w9:t1"
2026-08-03T07:21:00.304093Z  INFO herdr::logging: session saved event="persist.save" subsystem="persist" outcome="ok" path=/Users/oliver/.config/herdr/session.json workspaces=3
2026-08-03T07:21:39.760791Z  INFO herdr::logging: tab focused event="tab.focus" subsystem="tab" outcome="ok" workspace_id="w9" tab_id="w9:t1"
2026-08-03T07:21:44.775139Z  INFO herdr::logging: session saved event="persist.save" subsystem="persist" outcome="ok" path=/Users/oliver/.config/herdr/session.json workspaces=3
2026-08-03T07:21:58.073435Z  INFO herdr::logging: tab focused event="tab.focus" subsystem="tab" outcome="ok" workspace_id="w9" tab_id="w9:t1"
2026-08-03T07:22:03.085963Z  INFO herdr::logging: session saved event="persist.save" subsystem="persist" outcome="ok" path=/Users/oliver/.config/herdr/session.json workspaces=3
2026-08-03T07:22:58.798429Z  INFO herdr::logging: tab focused event="tab.focus" subsystem="tab" outcome="ok" workspace_id="w9" tab_id="w9:t1"
2026-08-03T07:23:03.818489Z  INFO herdr::logging: session saved event="persist.save" subsystem="persist" outcome="ok" path=/Users/oliver/.config/herdr/session.json workspaces=3
2026-08-03T07:23:36.701623Z  INFO herdr::logging: tab focused event="tab.focus" subsystem="tab" outcome="ok" workspace_id="w9" tab_id="w9:t1"
2026-08-03T07:23:41.712561Z  INFO herdr::logging: session saved event="persist.save" subsystem="persist" outcome="ok" path=/Users/oliver/.config/herdr/session.json workspaces=3
2026-08-03T07:26:03.818261Z  INFO herdr::logging: tab focused event="tab.focus" subsystem="tab" outcome="ok" workspace_id="w9" tab_id="w9:t1"
2026-08-03T07:26:08.843133Z  INFO herdr::logging: session saved event="persist.save" subsystem="persist" outcome="ok" path=/Users/oliver/.config/herdr/session.json workspaces=3
2026-08-03T07:26:09.190336Z  INFO herdr::logging: tab focused event="tab.focus" subsystem="tab" outcome="ok" workspace_id="w9" tab_id="w9:t1"
2026-08-03T07:26:14.200188Z  INFO herdr::logging: session saved event="persist.save" subsystem="persist" outcome="ok" path=/Users/oliver/.config/herdr/session.json workspaces=3
2026-08-03T07:26:16.002910Z  INFO herdr::logging: tab focused event="tab.focus" subsystem="tab" outcome="ok" workspace_id="w9" tab_id="w9:t1"
2026-08-03T07:26:19.629250Z  INFO herdr::logging: tab focused event="tab.focus" subsystem="tab" outcome="ok" workspace_id="w9" tab_id="w9:t1"
2026-08-03T07:26:23.276836Z  INFO herdr::logging: tab focused event="tab.focus" subsystem="tab" outcome="ok" workspace_id="w9" tab_id="w9:t1"
2026-08-03T07:26:25.135066Z  INFO herdr::logging: tab focused event="tab.focus" subsystem="tab" outcome="ok" workspace_id="w9" tab_id="w9:t1"
2026-08-03T07:26:27.754309Z  INFO herdr::logging: tab focused event="tab.focus" subsystem="tab" outcome="ok" workspace_id="w9" tab_id="w9:t1"
2026-08-03T07:26:28.750804Z  INFO herdr::logging: tab focused event="tab.focus" subsystem="tab" outcome="ok" workspace_id="w9" tab_id="w9:t1"
2026-08-03T07:26:33.760215Z  INFO herdr::logging: session saved event="persist.save" subsystem="persist" outcome="ok" path=/Users/oliver/.config/herdr/session.json workspaces=3
2026-08-03T07:27:31.519621Z  INFO herdr::server::headless: client resize client_id=20 cols=211 rows=59 cell_width_px=0 cell_height_px=0
2026-08-03T07:28:38.607370Z  INFO herdr::logging: tab focused event="tab.focus" subsystem="tab" outcome="ok" workspace_id="w9" tab_id="w9:t1"
2026-08-03T07:28:41.265720Z  INFO herdr::logging: tab focused event="tab.focus" subsystem="tab" outcome="ok" workspace_id="w9" tab_id="w9:t1"
2026-08-03T07:28:43.587218Z  INFO herdr::logging: tab focused event="tab.focus" subsystem="tab" outcome="ok" workspace_id="w9" tab_id="w9:t1"
2026-08-03T07:28:44.553047Z  INFO herdr::logging: tab focused event="tab.focus" subsystem="tab" outcome="ok" workspace_id="w9" tab_id="w9:t1"
2026-08-03T07:28:49.568259Z  INFO herdr::logging: session saved event="persist.save" subsystem="persist" outcome="ok" path=/Users/oliver/.config/herdr/session.json workspaces=3
2026-08-03T07:38:48.815309Z  INFO herdr::logging: session saved event="persist.save" subsystem="persist" outcome="ok" path=/Users/oliver/.config/herdr/session.json workspaces=3
2026-08-03T09:56:49.477630Z  INFO herdr::server::headless: client resize client_id=20 cols=297 rows=74 cell_width_px=0 cell_height_px=0
2026-08-03T10:05:26.967397Z  INFO herdr::server::headless: client resize client_id=20 cols=300 rows=74 cell_width_px=0 cell_height_px=0
2026-08-03T10:42:51.066356Z  INFO herdr::logging: tab focused event="tab.focus" subsystem="tab" outcome="ok" workspace_id="w9" tab_id="w9:t1"
2026-08-03T10:42:56.077973Z  INFO herdr::logging: session saved event="persist.save" subsystem="persist" outcome="ok" path=/Users/oliver/.config/herdr/session.json workspaces=3
2026-08-03T10:43:13.225309Z  INFO herdr::logging: tab focused event="tab.focus" subsystem="tab" outcome="ok" workspace_id="w9" tab_id="w9:t1"
2026-08-03T10:43:18.235693Z  INFO herdr::logging: session saved event="persist.save" subsystem="persist" outcome="ok" path=/Users/oliver/.config/herdr/session.json workspaces=3
2026-08-03T10:43:37.136119Z  INFO herdr::logging: tab focused event="tab.focus" subsystem="tab" outcome="ok" workspace_id="w9" tab_id="w9:t1"
2026-08-03T10:43:42.148811Z  INFO herdr::logging: session saved event="persist.save" subsystem="persist" outcome="ok" path=/Users/oliver/.config/herdr/session.json workspaces=3
2026-08-03T10:43:45.924990Z  INFO herdr::logging: tab focused event="tab.focus" subsystem="tab" outcome="ok" workspace_id="w9" tab_id="w9:t1"
2026-08-03T10:43:50.933292Z  INFO herdr::logging: session saved event="persist.save" subsystem="persist" outcome="ok" path=/Users/oliver/.config/herdr/session.json workspaces=3
2026-08-03T10:44:47.066003Z  INFO herdr::logging: tab focused event="tab.focus" subsystem="tab" outcome="ok" workspace_id="w9" tab_id="w9:t1"
2026-08-03T10:44:52.077682Z  INFO herdr::logging: session saved event="persist.save" subsystem="persist" outcome="ok" path=/Users/oliver/.config/herdr/session.json workspaces=3
2026-08-03T10:46:27.853103Z  INFO herdr::logging: tab focused event="tab.focus" subsystem="tab" outcome="ok" workspace_id="w9" tab_id="w9:t1"
2026-08-03T10:46:32.861345Z  INFO herdr::logging: session saved event="persist.save" subsystem="persist" outcome="ok" path=/Users/oliver/.config/herdr/session.json workspaces=3
2026-08-03T10:46:34.390151Z  INFO herdr::logging: tab focused event="tab.focus" subsystem="tab" outcome="ok" workspace_id="w9" tab_id="w9:t1"
2026-08-03T10:46:38.814494Z  INFO herdr::logging: tab focused event="tab.focus" subsystem="tab" outcome="ok" workspace_id="w9" tab_id="w9:t1"
2026-08-03T10:46:43.824886Z  INFO herdr::logging: session saved event="persist.save" subsystem="persist" outcome="ok" path=/Users/oliver/.config/herdr/session.json workspaces=3
2026-08-03T10:47:51.880729Z  INFO herdr::logging: tab focused event="tab.focus" subsystem="tab" outcome="ok" workspace_id="w9" tab_id="w9:t1"
2026-08-03T10:47:55.870174Z  INFO herdr::logging: tab focused event="tab.focus" subsystem="tab" outcome="ok" workspace_id="w9" tab_id="w9:t1"
2026-08-03T10:48:00.892749Z  INFO herdr::logging: session saved event="persist.save" subsystem="persist" outcome="ok" path=/Users/oliver/.config/herdr/session.json workspaces=3
2026-08-03T10:49:46.080930Z  INFO herdr::logging: tab focused event="tab.focus" subsystem="tab" outcome="ok" workspace_id="w9" tab_id="w9:t1"
2026-08-03T10:49:51.099346Z  INFO herdr::logging: session saved event="persist.save" subsystem="persist" outcome="ok" path=/Users/oliver/.config/herdr/session.json workspaces=3
2026-08-03T10:49:56.601356Z  INFO herdr::logging: tab focused event="tab.focus" subsystem="tab" outcome="ok" workspace_id="w9" tab_id="w9:t1"
2026-08-03T10:50:01.616568Z  INFO herdr::logging: session saved event="persist.save" subsystem="persist" outcome="ok" path=/Users/oliver/.config/herdr/session.json workspaces=3
2026-08-03T10:50:44.604496Z  INFO herdr::logging: tab focused event="tab.focus" subsystem="tab" outcome="ok" workspace_id="w9" tab_id="w9:t1"
2026-08-03T10:50:49.618330Z  INFO herdr::logging: session saved event="persist.save" subsystem="persist" outcome="ok" path=/Users/oliver/.config/herdr/session.json workspaces=3
2026-08-03T10:50:51.751756Z  INFO herdr::logging: tab focused event="tab.focus" subsystem="tab" outcome="ok" workspace_id="w9" tab_id="w9:t1"
2026-08-03T10:50:53.550816Z  INFO herdr::logging: tab focused event="tab.focus" subsystem="tab" outcome="ok" workspace_id="w9" tab_id="w9:t1"
2026-08-03T10:50:58.572346Z  INFO herdr::logging: session saved event="persist.save" subsystem="persist" outcome="ok" path=/Users/oliver/.config/herdr/session.json workspaces=3
2026-08-03T10:51:40.000074Z  INFO herdr::logging: tab focused event="tab.focus" subsystem="tab" outcome="ok" workspace_id="w9" tab_id="w9:t1"
2026-08-03T10:51:45.023760Z  INFO herdr::logging: session saved event="persist.save" subsystem="persist" outcome="ok" path=/Users/oliver/.config/herdr/session.json workspaces=3
2026-08-03T10:53:22.866214Z  INFO herdr::logging: tab focused event="tab.focus" subsystem="tab" outcome="ok" workspace_id="w9" tab_id="w9:t1"
2026-08-03T10:53:27.892548Z  INFO herdr::logging: session saved event="persist.save" subsystem="persist" outcome="ok" path=/Users/oliver/.config/herdr/session.json workspaces=3
2026-08-03T10:59:28.347474Z  INFO herdr::logging: tab focused event="tab.focus" subsystem="tab" outcome="ok" workspace_id="w9" tab_id="w9:t1"
2026-08-03T10:59:33.371269Z  INFO herdr::logging: session saved event="persist.save" subsystem="persist" outcome="ok" path=/Users/oliver/.config/herdr/session.json workspaces=3
2026-08-03T11:02:22.050105Z  INFO herdr::logging: tab focused event="tab.focus" subsystem="tab" outcome="ok" workspace_id="w9" tab_id="w9:t1"
2026-08-03T11:02:27.062158Z  INFO herdr::logging: session saved event="persist.save" subsystem="persist" outcome="ok" path=/Users/oliver/.config/herdr/session.json workspaces=3
2026-08-03T11:03:05.936247Z  INFO herdr::logging: tab focused event="tab.focus" subsystem="tab" outcome="ok" workspace_id="w9" tab_id="w9:t1"
2026-08-03T11:03:10.952835Z  INFO herdr::logging: session saved event="persist.save" subsystem="persist" outcome="ok" path=/Users/oliver/.config/herdr/session.json workspaces=3
2026-08-03T11:03:12.282480Z  INFO herdr::logging: tab focused event="tab.focus" subsystem="tab" outcome="ok" workspace_id="w9" tab_id="w9:t1"
2026-08-03T11:03:13.432323Z  INFO herdr::logging: tab focused event="tab.focus" subsystem="tab" outcome="ok" workspace_id="w9" tab_id="w9:t1"
2026-08-03T11:03:18.441278Z  INFO herdr::logging: session saved event="persist.save" subsystem="persist" outcome="ok" path=/Users/oliver/.config/herdr/session.json workspaces=3
2026-08-03T11:03:29.283837Z  INFO herdr::logging: tab focused event="tab.focus" subsystem="tab" outcome="ok" workspace_id="w9" tab_id="w9:t1"
2026-08-03T11:03:34.297089Z  INFO herdr::logging: session saved event="persist.save" subsystem="persist" outcome="ok" path=/Users/oliver/.config/herdr/session.json workspaces=3
2026-08-03T11:03:45.048832Z  INFO herdr::logging: tab focused event="tab.focus" subsystem="tab" outcome="ok" workspace_id="w9" tab_id="w9:t1"
2026-08-03T11:03:50.064171Z  INFO herdr::logging: session saved event="persist.save" subsystem="persist" outcome="ok" path=/Users/oliver/.config/herdr/session.json workspaces=3
2026-08-03T11:04:08.218283Z  INFO herdr::logging: tab focused event="tab.focus" subsystem="tab" outcome="ok" workspace_id="w9" tab_id="w9:t1"
2026-08-03T11:04:13.237889Z  INFO herdr::logging: session saved event="persist.save" subsystem="persist" outcome="ok" path=/Users/oliver/.config/herdr/session.json workspaces=3
2026-08-03T11:04:55.048434Z  INFO herdr::logging: tab focused event="tab.focus" subsystem="tab" outcome="ok" workspace_id="w9" tab_id="w9:t1"
2026-08-03T11:05:00.067645Z  INFO herdr::logging: session saved event="persist.save" subsystem="persist" outcome="ok" path=/Users/oliver/.config/herdr/session.json workspaces=3
2026-08-03T11:49:04.296144Z  INFO herdr::server::headless: client resize client_id=20 cols=211 rows=59 cell_width_px=0 cell_height_px=0
2026-08-03T11:49:07.190912Z  INFO herdr::server::headless: client resize client_id=20 cols=300 rows=74 cell_width_px=0 cell_height_px=0
2026-08-03T11:49:24.999430Z  INFO herdr::logging: workspace focused event="workspace.focus" subsystem="workspace" outcome="ok" workspace_id="w7"
2026-08-03T11:49:25.000084Z  INFO herdr::logging: tab focused event="tab.focus" subsystem="tab" outcome="ok" workspace_id="w7" tab_id="w7:t3"
2026-08-03T11:49:30.025528Z  INFO herdr::logging: session saved event="persist.save" subsystem="persist" outcome="ok" path=/Users/oliver/.config/herdr/session.json workspaces=3
2026-08-03T11:49:32.599709Z  INFO herdr::pane: agent changed pane=29 previous_agent=None agent=Some(Claude) process=claude pgid=Some(74299)
2026-08-03T11:49:33.511522Z  INFO herdr::pane: agent changed pane=29 previous_agent=Some(Claude) agent=None pgid=Some(57291)
2026-08-03T11:49:41.588529Z  INFO herdr::pane: agent changed pane=29 previous_agent=None agent=Some(Claude) process=claude pgid=Some(74359)
2026-08-03T11:50:27.519911Z  INFO herdr::pane: agent changed pane=29 previous_agent=Some(Claude) agent=None pgid=Some(57291)
2026-08-03T11:50:35.003421Z  INFO herdr::logging: workspace focused event="workspace.focus" subsystem="workspace" outcome="ok" workspace_id="w9"
2026-08-03T11:50:35.003475Z  INFO herdr::logging: tab focused event="tab.focus" subsystem="tab" outcome="ok" workspace_id="w9" tab_id="w9:t1"
2026-08-03T11:50:40.016053Z  INFO herdr::logging: session saved event="persist.save" subsystem="persist" outcome="ok" path=/Users/oliver/.config/herdr/session.json workspaces=3
2026-08-03T11:51:30.230346Z  INFO herdr::logging: tab focused event="tab.focus" subsystem="tab" outcome="ok" workspace_id="w9" tab_id="w9:t1"
2026-08-03T11:51:35.241578Z  INFO herdr::logging: session saved event="persist.save" subsystem="persist" outcome="ok" path=/Users/oliver/.config/herdr/session.json workspaces=3
2026-08-03T11:51:54.158193Z  INFO herdr::logging: spawning pane terminal event="pane.spawn.start" subsystem="pane" outcome="started" pane_id=32 rows=18 cols=296 scrollback_limit_bytes=10000000
2026-08-03T11:51:54.167306Z  INFO herdr::logging: pane child spawned event="pane.spawned" subsystem="pane" outcome="ok" pane_id=32 pid=75590
2026-08-03T11:51:54.167933Z  INFO herdr::logging: tab focused event="tab.focus" subsystem="tab" outcome="ok" workspace_id="w9" tab_id="w9:t1"
2026-08-03T11:51:59.178310Z  INFO herdr::logging: session saved event="persist.save" subsystem="persist" outcome="ok" path=/Users/oliver/.config/herdr/session.json workspaces=3
2026-08-03T11:52:40.813184Z  INFO herdr::logging: tab focused event="tab.focus" subsystem="tab" outcome="ok" workspace_id="w9" tab_id="w9:t1"
2026-08-03T11:52:45.827660Z  INFO herdr::logging: session saved event="persist.save" subsystem="persist" outcome="ok" path=/Users/oliver/.config/herdr/session.json workspaces=3
2026-08-03T11:52:54.112775Z  INFO herdr::logging: tab focused event="tab.focus" subsystem="tab" outcome="ok" workspace_id="w9" tab_id="w9:t1"
2026-08-03T11:52:59.123617Z  INFO herdr::logging: session saved event="persist.save" subsystem="persist" outcome="ok" path=/Users/oliver/.config/herdr/session.json workspaces=3
2026-08-03T12:07:02.429210Z  INFO herdr::logging: tab focused event="tab.focus" subsystem="tab" outcome="ok" workspace_id="w9" tab_id="w9:t1"
2026-08-03T12:07:03.091158Z  INFO herdr::app::actions: copied selection to clipboard
2026-08-03T12:07:07.448371Z  INFO herdr::logging: session saved event="persist.save" subsystem="persist" outcome="ok" path=/Users/oliver/.config/herdr/session.json workspaces=3
2026-08-03T12:08:24.491842Z  INFO herdr::logging: tab focused event="tab.focus" subsystem="tab" outcome="ok" workspace_id="w9" tab_id="w9:t1"
2026-08-03T12:08:29.506691Z  INFO herdr::logging: session saved event="persist.save" subsystem="persist" outcome="ok" path=/Users/oliver/.config/herdr/session.json workspaces=3
2026-08-03T12:15:51.862487Z  INFO herdr::logging: tab focused event="tab.focus" subsystem="tab" outcome="ok" workspace_id="w9" tab_id="w9:t1"
2026-08-03T12:15:56.873336Z  INFO herdr::logging: session saved event="persist.save" subsystem="persist" outcome="ok" path=/Users/oliver/.config/herdr/session.json workspaces=3
2026-08-03T12:16:13.890505Z  INFO herdr::logging: tab focused event="tab.focus" subsystem="tab" outcome="ok" workspace_id="w9" tab_id="w9:t1"
2026-08-03T12:16:18.899747Z  INFO herdr::logging: session saved event="persist.save" subsystem="persist" outcome="ok" path=/Users/oliver/.config/herdr/session.json workspaces=3
2026-08-03T12:18:45.497815Z  INFO herdr::logging: tab focused event="tab.focus" subsystem="tab" outcome="ok" workspace_id="w9" tab_id="w9:t1"
2026-08-03T12:18:47.041959Z  INFO herdr::logging: tab focused event="tab.focus" subsystem="tab" outcome="ok" workspace_id="w9" tab_id="w9:t1"
2026-08-03T12:18:52.052489Z  INFO herdr::logging: session saved event="persist.save" subsystem="persist" outcome="ok" path=/Users/oliver/.config/herdr/session.json workspaces=3
2026-08-03T12:19:09.399390Z  INFO herdr::logging: tab focused event="tab.focus" subsystem="tab" outcome="ok" workspace_id="w9" tab_id="w9:t1"
2026-08-03T12:19:14.410783Z  INFO herdr::logging: session saved event="persist.save" subsystem="persist" outcome="ok" path=/Users/oliver/.config/herdr/session.json workspaces=3
2026-08-03T12:19:16.837651Z  INFO herdr::logging: tab focused event="tab.focus" subsystem="tab" outcome="ok" workspace_id="w9" tab_id="w9:t1"
2026-08-03T12:19:18.583090Z  INFO herdr::logging: tab focused event="tab.focus" subsystem="tab" outcome="ok" workspace_id="w9" tab_id="w9:t1"
2026-08-03T12:19:23.593445Z  INFO herdr::logging: session saved event="persist.save" subsystem="persist" outcome="ok" path=/Users/oliver/.config/herdr/session.json workspaces=3
2026-08-03T12:19:26.320926Z  INFO herdr::logging: tab focused event="tab.focus" subsystem="tab" outcome="ok" workspace_id="w9" tab_id="w9:t1"
2026-08-03T12:19:29.688641Z  INFO herdr::logging: tab focused event="tab.focus" subsystem="tab" outcome="ok" workspace_id="w9" tab_id="w9:t1"
2026-08-03T12:19:34.697760Z  INFO herdr::logging: session saved event="persist.save" subsystem="persist" outcome="ok" path=/Users/oliver/.config/herdr/session.json workspaces=3
2026-08-03T12:19:35.570838Z  INFO herdr::logging: tab focused event="tab.focus" subsystem="tab" outcome="ok" workspace_id="w9" tab_id="w9:t1"
2026-08-03T12:19:40.584022Z  INFO herdr::logging: session saved event="persist.save" subsystem="persist" outcome="ok" path=/Users/oliver/.config/herdr/session.json workspaces=3
2026-08-03T12:19:45.704207Z  INFO herdr::logging: tab focused event="tab.focus" subsystem="tab" outcome="ok" workspace_id="w9" tab_id="w9:t1"
2026-08-03T12:19:50.719147Z  INFO herdr::logging: session saved event="persist.save" subsystem="persist" outcome="ok" path=/Users/oliver/.config/herdr/session.json workspaces=3
2026-08-03T12:19:55.370872Z  INFO herdr::logging: tab focused event="tab.focus" subsystem="tab" outcome="ok" workspace_id="w9" tab_id="w9:t1"
2026-08-03T12:20:00.375572Z  INFO herdr::logging: session saved event="persist.save" subsystem="persist" outcome="ok" path=/Users/oliver/.config/herdr/session.json workspaces=3
2026-08-03T12:20:04.104116Z  INFO herdr::logging: tab focused event="tab.focus" subsystem="tab" outcome="ok" workspace_id="w9" tab_id="w9:t1"
2026-08-03T12:20:09.121274Z  INFO herdr::logging: session saved event="persist.save" subsystem="persist" outcome="ok" path=/Users/oliver/.config/herdr/session.json workspaces=3
2026-08-03T12:20:15.754132Z  INFO herdr::logging: tab focused event="tab.focus" subsystem="tab" outcome="ok" workspace_id="w9" tab_id="w9:t1"
2026-08-03T12:20:20.769519Z  INFO herdr::logging: session saved event="persist.save" subsystem="persist" outcome="ok" path=/Users/oliver/.config/herdr/session.json workspaces=3
2026-08-03T12:20:51.017662Z  INFO herdr::logging: tab focused event="tab.focus" subsystem="tab" outcome="ok" workspace_id="w9" tab_id="w9:t1"
2026-08-03T12:20:54.238398Z  INFO herdr::logging: tab focused event="tab.focus" subsystem="tab" outcome="ok" workspace_id="w9" tab_id="w9:t1"
2026-08-03T12:20:59.248253Z  INFO herdr::logging: session saved event="persist.save" subsystem="persist" outcome="ok" path=/Users/oliver/.config/herdr/session.json workspaces=3
2026-08-03T12:21:00.993677Z  INFO herdr::logging: tab focused event="tab.focus" subsystem="tab" outcome="ok" workspace_id="w9" tab_id="w9:t1"
2026-08-03T12:21:06.002602Z  INFO herdr::logging: session saved event="persist.save" subsystem="persist" outcome="ok" path=/Users/oliver/.config/herdr/session.json workspaces=3
2026-08-03T12:21:21.054185Z  INFO herdr::logging: tab focused event="tab.focus" subsystem="tab" outcome="ok" workspace_id="w9" tab_id="w9:t1"
2026-08-03T12:21:26.063763Z  INFO herdr::logging: session saved event="persist.save" subsystem="persist" outcome="ok" path=/Users/oliver/.config/herdr/session.json workspaces=3
2026-08-03T12:21:42.640476Z  INFO herdr::logging: tab focused event="tab.focus" subsystem="tab" outcome="ok" workspace_id="w9" tab_id="w9:t1"
2026-08-03T12:21:44.785890Z  INFO herdr::logging: tab focused event="tab.focus" subsystem="tab" outcome="ok" workspace_id="w9" tab_id="w9:t1"
2026-08-03T12:21:49.796926Z  INFO herdr::logging: session saved event="persist.save" subsystem="persist" outcome="ok" path=/Users/oliver/.config/herdr/session.json workspaces=3
2026-08-03T12:21:50.587503Z  INFO herdr::logging: tab focused event="tab.focus" subsystem="tab" outcome="ok" workspace_id="w9" tab_id="w9:t1"
2026-08-03T12:21:55.610043Z  INFO herdr::logging: session saved event="persist.save" subsystem="persist" outcome="ok" path=/Users/oliver/.config/herdr/session.json workspaces=3
2026-08-03T12:22:10.787134Z  INFO herdr::logging: tab focused event="tab.focus" subsystem="tab" outcome="ok" workspace_id="w9" tab_id="w9:t1"
2026-08-03T12:22:15.796341Z  INFO herdr::logging: session saved event="persist.save" subsystem="persist" outcome="ok" path=/Users/oliver/.config/herdr/session.json workspaces=3
2026-08-03T12:22:26.683270Z  INFO herdr::logging: tab focused event="tab.focus" subsystem="tab" outcome="ok" workspace_id="w9" tab_id="w9:t1"
2026-08-03T12:22:28.133724Z  INFO herdr::logging: tab focused event="tab.focus" subsystem="tab" outcome="ok" workspace_id="w9" tab_id="w9:t1"
2026-08-03T12:22:33.141101Z  INFO herdr::logging: session saved event="persist.save" subsystem="persist" outcome="ok" path=/Users/oliver/.config/herdr/session.json workspaces=3
2026-08-03T12:22:33.595436Z  INFO herdr::logging: tab focused event="tab.focus" subsystem="tab" outcome="ok" workspace_id="w9" tab_id="w9:t1"
2026-08-03T12:22:36.199426Z  INFO herdr::logging: tab focused event="tab.focus" subsystem="tab" outcome="ok" workspace_id="w9" tab_id="w9:t1"
2026-08-03T12:22:41.208800Z  INFO herdr::logging: session saved event="persist.save" subsystem="persist" outcome="ok" path=/Users/oliver/.config/herdr/session.json workspaces=3
2026-08-03T12:23:02.748346Z  INFO herdr::logging: tab focused event="tab.focus" subsystem="tab" outcome="ok" workspace_id="w9" tab_id="w9:t1"
2026-08-03T12:23:07.755106Z  INFO herdr::logging: session saved event="persist.save" subsystem="persist" outcome="ok" path=/Users/oliver/.config/herdr/session.json workspaces=3
2026-08-03T12:23:19.644940Z  INFO herdr::logging: tab focused event="tab.focus" subsystem="tab" outcome="ok" workspace_id="w9" tab_id="w9:t1"
2026-08-03T12:23:22.028684Z  INFO herdr::logging: tab focused event="tab.focus" subsystem="tab" outcome="ok" workspace_id="w9" tab_id="w9:t1"
2026-08-03T12:23:27.043382Z  INFO herdr::logging: session saved event="persist.save" subsystem="persist" outcome="ok" path=/Users/oliver/.config/herdr/session.json workspaces=3
2026-08-03T12:24:50.280437Z  INFO herdr::logging: tab focused event="tab.focus" subsystem="tab" outcome="ok" workspace_id="w9" tab_id="w9:t1"
2026-08-03T12:24:51.668004Z  INFO herdr::logging: tab focused event="tab.focus" subsystem="tab" outcome="ok" workspace_id="w9" tab_id="w9:t1"
2026-08-03T12:24:56.504704Z  INFO herdr::logging: tab focused event="tab.focus" subsystem="tab" outcome="ok" workspace_id="w9" tab_id="w9:t1"
2026-08-03T12:25:01.527086Z  INFO herdr::logging: session saved event="persist.save" subsystem="persist" outcome="ok" path=/Users/oliver/.config/herdr/session.json workspaces=3
2026-08-03T12:25:08.446092Z  INFO herdr::logging: tab focused event="tab.focus" subsystem="tab" outcome="ok" workspace_id="w9" tab_id="w9:t1"
2026-08-03T12:25:13.455205Z  INFO herdr::logging: session saved event="persist.save" subsystem="persist" outcome="ok" path=/Users/oliver/.config/herdr/session.json workspaces=3
2026-08-03T12:25:31.346443Z  INFO herdr::logging: tab focused event="tab.focus" subsystem="tab" outcome="ok" workspace_id="w9" tab_id="w9:t1"
2026-08-03T12:25:32.453074Z  INFO herdr::logging: tab focused event="tab.focus" subsystem="tab" outcome="ok" workspace_id="w9" tab_id="w9:t1"
2026-08-03T12:25:37.463342Z  INFO herdr::logging: session saved event="persist.save" subsystem="persist" outcome="ok" path=/Users/oliver/.config/herdr/session.json workspaces=3
2026-08-03T12:26:28.996134Z  INFO herdr::logging: tab focused event="tab.focus" subsystem="tab" outcome="ok" workspace_id="w9" tab_id="w9:t1"
2026-08-03T12:26:34.002289Z  INFO herdr::logging: session saved event="persist.save" subsystem="persist" outcome="ok" path=/Users/oliver/.config/herdr/session.json workspaces=3
2026-08-03T12:35:02.912738Z  INFO herdr::logging: tab focused event="tab.focus" subsystem="tab" outcome="ok" workspace_id="w9" tab_id="w9:t1"
2026-08-03T12:35:05.133614Z  INFO herdr::logging: tab focused event="tab.focus" subsystem="tab" outcome="ok" workspace_id="w9" tab_id="w9:t1"
2026-08-03T12:35:10.142713Z  INFO herdr::logging: session saved event="persist.save" subsystem="persist" outcome="ok" path=/Users/oliver/.config/herdr/session.json workspaces=3
2026-08-03T12:35:34.429268Z  INFO herdr::logging: tab focused event="tab.focus" subsystem="tab" outcome="ok" workspace_id="w9" tab_id="w9:t1"
2026-08-03T12:35:39.436539Z  INFO herdr::logging: session saved event="persist.save" subsystem="persist" outcome="ok" path=/Users/oliver/.config/herdr/session.json workspaces=3
2026-08-03T12:36:06.720475Z  INFO herdr::app::actions: copied selection to clipboard
2026-08-03T12:36:29.245822Z  INFO herdr::app::actions: copied selection to clipboard
2026-08-03T12:38:32.147145Z  INFO herdr::logging: tab focused event="tab.focus" subsystem="tab" outcome="ok" workspace_id="w9" tab_id="w9:t1"
2026-08-03T12:38:33.547182Z  INFO herdr::logging: tab focused event="tab.focus" subsystem="tab" outcome="ok" workspace_id="w9" tab_id="w9:t1"
2026-08-03T12:38:38.557407Z  INFO herdr::logging: session saved event="persist.save" subsystem="persist" outcome="ok" path=/Users/oliver/.config/herdr/session.json workspaces=3
2026-08-03T12:40:17.962696Z  INFO herdr::logging: tab focused event="tab.focus" subsystem="tab" outcome="ok" workspace_id="w9" tab_id="w9:t1"
2026-08-03T12:40:22.976430Z  INFO herdr::logging: session saved event="persist.save" subsystem="persist" outcome="ok" path=/Users/oliver/.config/herdr/session.json workspaces=3
2026-08-03T12:40:23.872779Z  INFO herdr::logging: tab focused event="tab.focus" subsystem="tab" outcome="ok" workspace_id="w9" tab_id="w9:t1"
2026-08-03T12:40:28.890347Z  INFO herdr::logging: session saved event="persist.save" subsystem="persist" outcome="ok" path=/Users/oliver/.config/herdr/session.json workspaces=3
2026-08-03T12:41:28.129106Z  INFO herdr::logging: tab focused event="tab.focus" subsystem="tab" outcome="ok" workspace_id="w9" tab_id="w9:t1"
2026-08-03T12:41:33.146402Z  INFO herdr::logging: session saved event="persist.save" subsystem="persist" outcome="ok" path=/Users/oliver/.config/herdr/session.json workspaces=3
2026-08-03T12:41:42.356628Z  INFO herdr::logging: tab focused event="tab.focus" subsystem="tab" outcome="ok" workspace_id="w9" tab_id="w9:t1"
2026-08-03T12:41:45.290456Z  INFO herdr::logging: tab focused event="tab.focus" subsystem="tab" outcome="ok" workspace_id="w9" tab_id="w9:t1"
2026-08-03T12:41:50.309281Z  INFO herdr::logging: session saved event="persist.save" subsystem="persist" outcome="ok" path=/Users/oliver/.config/herdr/session.json workspaces=3
2026-08-03T12:42:02.480470Z  INFO herdr::logging: tab focused event="tab.focus" subsystem="tab" outcome="ok" workspace_id="w9" tab_id="w9:t1"
2026-08-03T12:42:06.830878Z  INFO herdr::logging: tab focused event="tab.focus" subsystem="tab" outcome="ok" workspace_id="w9" tab_id="w9:t1"
2026-08-03T12:42:11.843110Z  INFO herdr::logging: session saved event="persist.save" subsystem="persist" outcome="ok" path=/Users/oliver/.config/herdr/session.json workspaces=3
2026-08-03T12:42:37.313548Z  INFO herdr::logging: tab focused event="tab.focus" subsystem="tab" outcome="ok" workspace_id="w9" tab_id="w9:t1"
2026-08-03T12:42:42.324892Z  INFO herdr::logging: session saved event="persist.save" subsystem="persist" outcome="ok" path=/Users/oliver/.config/herdr/session.json workspaces=3
2026-08-03T12:42:52.611356Z  INFO herdr::logging: tab focused event="tab.focus" subsystem="tab" outcome="ok" workspace_id="w9" tab_id="w9:t1"
2026-08-03T12:42:54.395960Z  INFO herdr::logging: tab focused event="tab.focus" subsystem="tab" outcome="ok" workspace_id="w9" tab_id="w9:t1"
2026-08-03T12:42:59.402996Z  INFO herdr::logging: session saved event="persist.save" subsystem="persist" outcome="ok" path=/Users/oliver/.config/herdr/session.json workspaces=3
2026-08-03T12:45:26.443103Z  INFO herdr::logging: tab focused event="tab.focus" subsystem="tab" outcome="ok" workspace_id="w9" tab_id="w9:t1"
2026-08-03T12:45:28.797212Z  INFO herdr::logging: tab focused event="tab.focus" subsystem="tab" outcome="ok" workspace_id="w9" tab_id="w9:t1"
2026-08-03T12:45:33.805380Z  INFO herdr::logging: session saved event="persist.save" subsystem="persist" outcome="ok" path=/Users/oliver/.config/herdr/session.json workspaces=3
2026-08-03T12:45:47.429266Z  INFO herdr::logging: tab focused event="tab.focus" subsystem="tab" outcome="ok" workspace_id="w9" tab_id="w9:t1"
2026-08-03T12:45:52.151545Z  INFO herdr::logging: tab focused event="tab.focus" subsystem="tab" outcome="ok" workspace_id="w9" tab_id="w9:t1"
2026-08-03T12:45:57.164272Z  INFO herdr::logging: session saved event="persist.save" subsystem="persist" outcome="ok" path=/Users/oliver/.config/herdr/session.json workspaces=3
2026-08-03T12:46:04.529176Z  INFO herdr::logging: tab focused event="tab.focus" subsystem="tab" outcome="ok" workspace_id="w9" tab_id="w9:t1"
2026-08-03T12:46:08.995815Z  INFO herdr::logging: tab focused event="tab.focus" subsystem="tab" outcome="ok" workspace_id="w9" tab_id="w9:t1"
2026-08-03T12:46:14.007333Z  INFO herdr::logging: session saved event="persist.save" subsystem="persist" outcome="ok" path=/Users/oliver/.config/herdr/session.json workspaces=3
2026-08-03T13:22:57.749423Z  INFO herdr::server::headless: client resize client_id=20 cols=211 rows=59 cell_width_px=0 cell_height_px=0
2026-08-03T13:23:00.698298Z  INFO herdr::server::headless: client resize client_id=20 cols=300 rows=74 cell_width_px=0 cell_height_px=0
2026-08-03T13:23:08.497870Z  INFO herdr::logging: tab focused event="tab.focus" subsystem="tab" outcome="ok" workspace_id="w9" tab_id="w9:t1"
2026-08-03T13:23:13.517384Z  INFO herdr::logging: session saved event="persist.save" subsystem="persist" outcome="ok" path=/Users/oliver/.config/herdr/session.json workspaces=3
2026-08-03T13:23:30.447654Z  INFO herdr::logging: tab focused event="tab.focus" subsystem="tab" outcome="ok" workspace_id="w9" tab_id="w9:t1"
2026-08-03T13:23:32.547492Z  INFO herdr::logging: tab focused event="tab.focus" subsystem="tab" outcome="ok" workspace_id="w9" tab_id="w9:t1"
2026-08-03T13:23:37.565909Z  INFO herdr::logging: session saved event="persist.save" subsystem="persist" outcome="ok" path=/Users/oliver/.config/herdr/session.json workspaces=3
2026-08-03T13:23:40.614113Z  INFO herdr::logging: tab focused event="tab.focus" subsystem="tab" outcome="ok" workspace_id="w9" tab_id="w9:t1"
2026-08-03T13:23:45.624591Z  INFO herdr::logging: session saved event="persist.save" subsystem="persist" outcome="ok" path=/Users/oliver/.config/herdr/session.json workspaces=3
2026-08-03T13:25:36.523162Z  INFO herdr::logging: tab focused event="tab.focus" subsystem="tab" outcome="ok" workspace_id="w9" tab_id="w9:t1"
2026-08-03T13:25:38.477551Z  INFO herdr::logging: tab focused event="tab.focus" subsystem="tab" outcome="ok" workspace_id="w9" tab_id="w9:t1"
2026-08-03T13:25:43.487036Z  INFO herdr::logging: session saved event="persist.save" subsystem="persist" outcome="ok" path=/Users/oliver/.config/herdr/session.json workspaces=3
2026-08-03T13:25:58.681567Z  INFO herdr::logging: tab focused event="tab.focus" subsystem="tab" outcome="ok" workspace_id="w9" tab_id="w9:t1"
2026-08-03T13:26:03.695427Z  INFO herdr::logging: session saved event="persist.save" subsystem="persist" outcome="ok" path=/Users/oliver/.config/herdr/session.json workspaces=3
2026-08-03T13:26:08.365423Z  INFO herdr::logging: tab focused event="tab.focus" subsystem="tab" outcome="ok" workspace_id="w9" tab_id="w9:t1"
2026-08-03T13:26:13.376067Z  INFO herdr::logging: session saved event="persist.save" subsystem="persist" outcome="ok" path=/Users/oliver/.config/herdr/session.json workspaces=3
2026-08-03T13:26:16.515164Z  INFO herdr::logging: tab focused event="tab.focus" subsystem="tab" outcome="ok" workspace_id="w9" tab_id="w9:t1"
2026-08-03T13:26:18.844993Z  INFO herdr::logging: tab focused event="tab.focus" subsystem="tab" outcome="ok" workspace_id="w9" tab_id="w9:t1"
2026-08-03T13:26:23.856376Z  INFO herdr::logging: session saved event="persist.save" subsystem="persist" outcome="ok" path=/Users/oliver/.config/herdr/session.json workspaces=3
2026-08-03T13:26:48.048759Z  INFO herdr::logging: tab focused event="tab.focus" subsystem="tab" outcome="ok" workspace_id="w9" tab_id="w9:t1"
2026-08-03T13:26:53.063509Z  INFO herdr::logging: session saved event="persist.save" subsystem="persist" outcome="ok" path=/Users/oliver/.config/herdr/session.json workspaces=3
2026-08-03T13:26:53.987774Z  INFO herdr::logging: tab focused event="tab.focus" subsystem="tab" outcome="ok" workspace_id="w9" tab_id="w9:t1"
2026-08-03T13:26:58.999967Z  INFO herdr::logging: session saved event="persist.save" subsystem="persist" outcome="ok" path=/Users/oliver/.config/herdr/session.json workspaces=3
2026-08-03T13:27:00.202139Z  INFO herdr::logging: tab focused event="tab.focus" subsystem="tab" outcome="ok" workspace_id="w9" tab_id="w9:t1"
2026-08-03T13:27:05.206524Z  INFO herdr::logging: session saved event="persist.save" subsystem="persist" outcome="ok" path=/Users/oliver/.config/herdr/session.json workspaces=3
2026-08-03T13:27:06.802447Z  INFO herdr::logging: tab focused event="tab.focus" subsystem="tab" outcome="ok" workspace_id="w9" tab_id="w9:t2"
2026-08-03T13:27:09.726656Z  INFO herdr::logging: tab focused event="tab.focus" subsystem="tab" outcome="ok" workspace_id="w9" tab_id="w9:t2"
2026-08-03T13:27:10.473834Z  INFO herdr::logging: tab focused event="tab.focus" subsystem="tab" outcome="ok" workspace_id="w9" tab_id="w9:t1"
2026-08-03T13:27:11.405934Z  INFO herdr::logging: tab focused event="tab.focus" subsystem="tab" outcome="ok" workspace_id="w9" tab_id="w9:t1"
2026-08-03T13:27:12.703646Z  INFO herdr::logging: tab focused event="tab.focus" subsystem="tab" outcome="ok" workspace_id="w9" tab_id="w9:t1"
2026-08-03T13:27:16.838995Z  INFO herdr::logging: tab focused event="tab.focus" subsystem="tab" outcome="ok" workspace_id="w9" tab_id="w9:t1"
2026-08-03T13:27:21.850768Z  INFO herdr::logging: session saved event="persist.save" subsystem="persist" outcome="ok" path=/Users/oliver/.config/herdr/session.json workspaces=3
2026-08-03T13:28:00.549381Z  INFO herdr::logging: tab focused event="tab.focus" subsystem="tab" outcome="ok" workspace_id="w9" tab_id="w9:t1"
2026-08-03T13:28:05.564139Z  INFO herdr::logging: session saved event="persist.save" subsystem="persist" outcome="ok" path=/Users/oliver/.config/herdr/session.json workspaces=3
2026-08-03T13:28:50.921548Z  INFO herdr::logging: tab focused event="tab.focus" subsystem="tab" outcome="ok" workspace_id="w9" tab_id="w9:t1"
2026-08-03T13:28:54.153931Z  INFO herdr::logging: tab focused event="tab.focus" subsystem="tab" outcome="ok" workspace_id="w9" tab_id="w9:t1"
2026-08-03T13:28:59.166746Z  INFO herdr::logging: session saved event="persist.save" subsystem="persist" outcome="ok" path=/Users/oliver/.config/herdr/session.json workspaces=3
2026-08-03T13:29:09.682921Z  INFO herdr::logging: tab focused event="tab.focus" subsystem="tab" outcome="ok" workspace_id="w9" tab_id="w9:t1"
2026-08-03T13:29:14.692556Z  INFO herdr::logging: session saved event="persist.save" subsystem="persist" outcome="ok" path=/Users/oliver/.config/herdr/session.json workspaces=3
2026-08-03T13:29:58.134214Z  INFO herdr::logging: tab focused event="tab.focus" subsystem="tab" outcome="ok" workspace_id="w9" tab_id="w9:t1"
2026-08-03T13:29:59.593932Z  INFO herdr::logging: tab focused event="tab.focus" subsystem="tab" outcome="ok" workspace_id="w9" tab_id="w9:t1"
2026-08-03T13:30:04.602111Z  INFO herdr::logging: session saved event="persist.save" subsystem="persist" outcome="ok" path=/Users/oliver/.config/herdr/session.json workspaces=3
2026-08-03T13:30:50.316980Z  INFO herdr::logging: tab focused event="tab.focus" subsystem="tab" outcome="ok" workspace_id="w9" tab_id="w9:t1"
2026-08-03T13:30:55.332358Z  INFO herdr::logging: session saved event="persist.save" subsystem="persist" outcome="ok" path=/Users/oliver/.config/herdr/session.json workspaces=3
2026-08-03T13:30:55.734704Z  INFO herdr::logging: tab focused event="tab.focus" subsystem="tab" outcome="ok" workspace_id="w9" tab_id="w9:t1"
2026-08-03T13:31:00.743160Z  INFO herdr::logging: session saved event="persist.save" subsystem="persist" outcome="ok" path=/Users/oliver/.config/herdr/session.json workspaces=3
2026-08-03T13:32:32.982130Z  INFO herdr::logging: tab focused event="tab.focus" subsystem="tab" outcome="ok" workspace_id="w9" tab_id="w9:t1"
2026-08-03T13:32:37.988848Z  INFO herdr::logging: session saved event="persist.save" subsystem="persist" outcome="ok" path=/Users/oliver/.config/herdr/session.json workspaces=3
2026-08-03T13:41:41.985100Z  INFO herdr::logging: tab focused event="tab.focus" subsystem="tab" outcome="ok" workspace_id="w9" tab_id="w9:t1"
2026-08-03T13:41:46.997997Z  INFO herdr::logging: session saved event="persist.save" subsystem="persist" outcome="ok" path=/Users/oliver/.config/herdr/session.json workspaces=3
2026-08-03T13:42:08.104384Z  INFO herdr::logging: tab focused event="tab.focus" subsystem="tab" outcome="ok" workspace_id="w9" tab_id="w9:t1"
2026-08-03T13:42:13.118751Z  INFO herdr::logging: session saved event="persist.save" subsystem="persist" outcome="ok" path=/Users/oliver/.config/herdr/session.json workspaces=3
2026-08-03T13:42:21.672761Z  INFO herdr::logging: tab focused event="tab.focus" subsystem="tab" outcome="ok" workspace_id="w9" tab_id="w9:t1"
2026-08-03T13:42:23.102265Z  INFO herdr::logging: tab focused event="tab.focus" subsystem="tab" outcome="ok" workspace_id="w9" tab_id="w9:t1"
2026-08-03T13:42:23.901966Z  INFO herdr::logging: tab focused event="tab.focus" subsystem="tab" outcome="ok" workspace_id="w9" tab_id="w9:t1"
2026-08-03T13:42:28.915932Z  INFO herdr::logging: session saved event="persist.save" subsystem="persist" outcome="ok" path=/Users/oliver/.config/herdr/session.json workspaces=3
2026-08-03T13:42:44.106264Z  INFO herdr::logging: tab focused event="tab.focus" subsystem="tab" outcome="ok" workspace_id="w9" tab_id="w9:t1"
2026-08-03T13:42:49.116723Z  INFO herdr::logging: session saved event="persist.save" subsystem="persist" outcome="ok" path=/Users/oliver/.config/herdr/session.json workspaces=3
2026-08-03T13:43:04.285605Z  INFO herdr::logging: tab focused event="tab.focus" subsystem="tab" outcome="ok" workspace_id="w9" tab_id="w9:t1"
2026-08-03T13:43:09.185649Z  INFO herdr::logging: tab focused event="tab.focus" subsystem="tab" outcome="ok" workspace_id="w9" tab_id="w9:t1"
2026-08-03T13:43:09.952210Z  INFO herdr::logging: tab focused event="tab.focus" subsystem="tab" outcome="ok" workspace_id="w9" tab_id="w9:t1"
2026-08-03T13:43:14.964213Z  INFO herdr::logging: session saved event="persist.save" subsystem="persist" outcome="ok" path=/Users/oliver/.config/herdr/session.json workspaces=3
2026-08-03T13:43:15.338179Z  INFO herdr::logging: tab focused event="tab.focus" subsystem="tab" outcome="ok" workspace_id="w9" tab_id="w9:t1"
2026-08-03T13:43:16.435692Z  INFO herdr::logging: tab focused event="tab.focus" subsystem="tab" outcome="ok" workspace_id="w9" tab_id="w9:t1"
2026-08-03T13:43:21.444909Z  INFO herdr::logging: session saved event="persist.save" subsystem="persist" outcome="ok" path=/Users/oliver/.config/herdr/session.json workspaces=3
2026-08-03T13:43:45.165354Z  INFO herdr::logging: tab focused event="tab.focus" subsystem="tab" outcome="ok" workspace_id="w9" tab_id="w9:t1"
2026-08-03T13:43:50.175539Z  INFO herdr::logging: session saved event="persist.save" subsystem="persist" outcome="ok" path=/Users/oliver/.config/herdr/session.json workspaces=3
2026-08-03T13:43:51.668985Z  INFO herdr::logging: tab focused event="tab.focus" subsystem="tab" outcome="ok" workspace_id="w9" tab_id="w9:t1"
2026-08-03T13:43:56.676473Z  INFO herdr::logging: session saved event="persist.save" subsystem="persist" outcome="ok" path=/Users/oliver/.config/herdr/session.json workspaces=3
2026-08-03T13:44:14.969400Z  INFO herdr::logging: tab focused event="tab.focus" subsystem="tab" outcome="ok" workspace_id="w9" tab_id="w9:t1"
2026-08-03T13:44:19.979702Z  INFO herdr::logging: session saved event="persist.save" subsystem="persist" outcome="ok" path=/Users/oliver/.config/herdr/session.json workspaces=3
2026-08-03T13:44:23.269246Z  INFO herdr::logging: tab focused event="tab.focus" subsystem="tab" outcome="ok" workspace_id="w9" tab_id="w9:t1"
2026-08-03T13:44:26.207169Z  INFO herdr::logging: tab focused event="tab.focus" subsystem="tab" outcome="ok" workspace_id="w9" tab_id="w9:t1"
2026-08-03T13:44:27.086132Z  INFO herdr::logging: tab focused event="tab.focus" subsystem="tab" outcome="ok" workspace_id="w9" tab_id="w9:t1"
2026-08-03T13:44:27.536070Z  INFO herdr::logging: tab focused event="tab.focus" subsystem="tab" outcome="ok" workspace_id="w9" tab_id="w9:t1"
2026-08-03T13:44:32.547799Z  INFO herdr::logging: session saved event="persist.save" subsystem="persist" outcome="ok" path=/Users/oliver/.config/herdr/session.json workspaces=3
2026-08-03T13:44:36.069382Z  INFO herdr::logging: tab focused event="tab.focus" subsystem="tab" outcome="ok" workspace_id="w9" tab_id="w9:t1"
2026-08-03T13:44:41.083336Z  INFO herdr::logging: session saved event="persist.save" subsystem="persist" outcome="ok" path=/Users/oliver/.config/herdr/session.json workspaces=3
2026-08-03T13:51:19.539173Z  INFO herdr::logging: tab focused event="tab.focus" subsystem="tab" outcome="ok" workspace_id="w9" tab_id="w9:t1"
2026-08-03T13:51:24.551749Z  INFO herdr::logging: session saved event="persist.save" subsystem="persist" outcome="ok" path=/Users/oliver/.config/herdr/session.json workspaces=3
2026-08-03T13:51:38.725092Z  INFO herdr::logging: tab focused event="tab.focus" subsystem="tab" outcome="ok" workspace_id="w9" tab_id="w9:t1"
2026-08-03T13:51:43.737062Z  INFO herdr::logging: session saved event="persist.save" subsystem="persist" outcome="ok" path=/Users/oliver/.config/herdr/session.json workspaces=3
2026-08-03T13:59:05.611377Z  INFO herdr::logging: tab focused event="tab.focus" subsystem="tab" outcome="ok" workspace_id="w9" tab_id="w9:t1"
2026-08-03T13:59:10.630277Z  INFO herdr::logging: session saved event="persist.save" subsystem="persist" outcome="ok" path=/Users/oliver/.config/herdr/session.json workspaces=3
2026-08-03T13:59:58.345781Z  INFO herdr::logging: tab focused event="tab.focus" subsystem="tab" outcome="ok" workspace_id="w9" tab_id="w9:t1"
2026-08-03T14:00:01.478064Z  INFO herdr::logging: tab focused event="tab.focus" subsystem="tab" outcome="ok" workspace_id="w9" tab_id="w9:t1"
2026-08-03T14:00:06.490464Z  INFO herdr::logging: session saved event="persist.save" subsystem="persist" outcome="ok" path=/Users/oliver/.config/herdr/session.json workspaces=3
2026-08-03T14:00:18.278189Z  INFO herdr::logging: tab focused event="tab.focus" subsystem="tab" outcome="ok" workspace_id="w9" tab_id="w9:t1"
2026-08-03T14:00:23.288525Z  INFO herdr::logging: session saved event="persist.save" subsystem="persist" outcome="ok" path=/Users/oliver/.config/herdr/session.json workspaces=3
2026-08-03T14:01:39.412217Z  INFO herdr::logging: tab focused event="tab.focus" subsystem="tab" outcome="ok" workspace_id="w9" tab_id="w9:t1"
2026-08-03T14:01:44.425289Z  INFO herdr::logging: session saved event="persist.save" subsystem="persist" outcome="ok" path=/Users/oliver/.config/herdr/session.json workspaces=3
2026-08-03T14:02:29.728903Z  INFO herdr::logging: tab focused event="tab.focus" subsystem="tab" outcome="ok" workspace_id="w9" tab_id="w9:t1"
2026-08-03T14:02:34.741532Z  INFO herdr::logging: session saved event="persist.save" subsystem="persist" outcome="ok" path=/Users/oliver/.config/herdr/session.json workspaces=3
2026-08-03T14:04:34.559272Z  INFO herdr::logging: tab focused event="tab.focus" subsystem="tab" outcome="ok" workspace_id="w9" tab_id="w9:t1"
2026-08-03T14:04:36.061356Z  INFO herdr::logging: tab focused event="tab.focus" subsystem="tab" outcome="ok" workspace_id="w9" tab_id="w9:t1"
2026-08-03T14:04:39.438183Z  INFO herdr::logging: pane child exited event="pane.exit" subsystem="pane" outcome="completed" pane_id=32 status="ExitStatus { code: 0, signal: None }"
2026-08-03T14:04:39.438284Z  INFO herdr::pane: pane session terminated pane=32 pid=75590 signal=Hangup
2026-08-03T14:04:44.445436Z  INFO herdr::logging: session saved event="persist.save" subsystem="persist" outcome="ok" path=/Users/oliver/.config/herdr/session.json workspaces=3
2026-08-03T14:10:00.431534Z  INFO herdr::logging: tab focused event="tab.focus" subsystem="tab" outcome="ok" workspace_id="w9" tab_id="w9:t1"
2026-08-03T14:10:01.342237Z  INFO herdr::logging: workspace focused event="workspace.focus" subsystem="workspace" outcome="ok" workspace_id="w6"
2026-08-03T14:10:01.342296Z  INFO herdr::logging: tab focused event="tab.focus" subsystem="tab" outcome="ok" workspace_id="w6" tab_id="w6:t1"
2026-08-03T14:10:03.656558Z  INFO herdr::logging: workspace focused event="workspace.focus" subsystem="workspace" outcome="ok" workspace_id="w9"
2026-08-03T14:10:03.656613Z  INFO herdr::logging: tab focused event="tab.focus" subsystem="tab" outcome="ok" workspace_id="w9" tab_id="w9:t1"
2026-08-03T14:10:06.858609Z  INFO herdr::logging: spawning pane terminal event="pane.spawn.start" subsystem="pane" outcome="started" pane_id=33 rows=18 cols=296 scrollback_limit_bytes=10000000
2026-08-03T14:10:06.865261Z  INFO herdr::logging: pane child spawned event="pane.spawned" subsystem="pane" outcome="ok" pane_id=33 pid=61400
2026-08-03T14:10:06.865436Z  INFO herdr::logging: tab renamed event="tab.rename" subsystem="tab" outcome="ok" workspace_id="w9" tab_id="w9:t4"
2026-08-03T14:10:06.865451Z  INFO herdr::logging: tab focused event="tab.focus" subsystem="tab" outcome="ok" workspace_id="w9" tab_id="w9:t4"
2026-08-03T14:10:11.874593Z  INFO herdr::logging: session saved event="persist.save" subsystem="persist" outcome="ok" path=/Users/oliver/.config/herdr/session.json workspaces=3
2026-08-03T14:14:41.992727Z  INFO herdr::server::headless: client resize client_id=20 cols=297 rows=74 cell_width_px=0 cell_height_px=0
2026-08-03T14:19:39.480275Z  INFO herdr::server::headless: client resize client_id=20 cols=315 rows=56 cell_width_px=0 cell_height_px=0
2026-08-03T14:19:39.981198Z  INFO herdr::server::headless: client resize client_id=20 cols=235 rows=56 cell_width_px=0 cell_height_px=0
2026-08-04T00:55:29.938731Z  INFO herdr::server::headless: client resize client_id=20 cols=211 rows=59 cell_width_px=0 cell_height_px=0
2026-08-04T02:33:29.304274Z  INFO herdr::server::headless: client resize client_id=20 cols=207 rows=59 cell_width_px=0 cell_height_px=0
2026-08-04T02:33:48.270208Z  INFO herdr::logging: tab focused event="tab.focus" subsystem="tab" outcome="ok" workspace_id="w9" tab_id="w9:t2"
2026-08-04T02:33:48.766830Z  INFO herdr::logging: tab focused event="tab.focus" subsystem="tab" outcome="ok" workspace_id="w9" tab_id="w9:t2"
2026-08-04T02:33:52.221524Z  INFO herdr::logging: tab focused event="tab.focus" subsystem="tab" outcome="ok" workspace_id="w9" tab_id="w9:t4"
2026-08-04T02:33:57.228093Z  INFO herdr::logging: session saved event="persist.save" subsystem="persist" outcome="ok" path=/Users/oliver/.config/herdr/session.json workspaces=3
2026-08-04T04:24:04.505556Z  INFO herdr::server::headless: client resize client_id=20 cols=211 rows=59 cell_width_px=0 cell_height_px=0
2026-08-04T04:42:00.901526Z  INFO herdr::logging: spawning pane terminal event="pane.spawn.start" subsystem="pane" outcome="started" pane_id=34 rows=58 cols=207 scrollback_limit_bytes=10000000
2026-08-04T04:42:00.910230Z  INFO herdr::logging: pane child spawned event="pane.spawned" subsystem="pane" outcome="ok" pane_id=34 pid=97406
2026-08-04T04:42:00.910883Z  INFO herdr::logging: tab renamed event="tab.rename" subsystem="tab" outcome="ok" workspace_id="w9" tab_id="w9:t5"
2026-08-04T04:42:00.910906Z  INFO herdr::logging: tab focused event="tab.focus" subsystem="tab" outcome="ok" workspace_id="w9" tab_id="w9:t5"
2026-08-04T04:42:05.919121Z  INFO herdr::logging: session saved event="persist.save" subsystem="persist" outcome="ok" path=/Users/oliver/.config/herdr/session.json workspaces=3
2026-08-04T04:52:28.759466Z  INFO herdr::logging: spawning pane terminal event="pane.spawn.start" subsystem="pane" outcome="started" pane_id=35 rows=58 cols=207 scrollback_limit_bytes=10000000
2026-08-04T04:52:28.769988Z  INFO herdr::logging: pane child spawned event="pane.spawned" subsystem="pane" outcome="ok" pane_id=35 pid=2474
2026-08-04T04:52:28.770343Z  INFO herdr::logging: tab focused event="tab.focus" subsystem="tab" outcome="ok" workspace_id="w9" tab_id="w9:t5"
2026-08-04T04:52:33.778271Z  INFO herdr::logging: session saved event="persist.save" subsystem="persist" outcome="ok" path=/Users/oliver/.config/herdr/session.json workspaces=3
2026-08-04T04:53:36.564854Z  INFO herdr::logging: tab focused event="tab.focus" subsystem="tab" outcome="ok" workspace_id="w9" tab_id="w9:t5"
2026-08-04T04:53:41.567783Z  INFO herdr::logging: session saved event="persist.save" subsystem="persist" outcome="ok" path=/Users/oliver/.config/herdr/session.json workspaces=3
2026-08-04T04:54:52.335119Z  INFO herdr::logging: tab focused event="tab.focus" subsystem="tab" outcome="ok" workspace_id="w9" tab_id="w9:t5"
2026-08-04T04:54:57.345514Z  INFO herdr::logging: session saved event="persist.save" subsystem="persist" outcome="ok" path=/Users/oliver/.config/herdr/session.json workspaces=3
2026-08-04T04:56:33.234685Z  INFO herdr::logging: tab focused event="tab.focus" subsystem="tab" outcome="ok" workspace_id="w9" tab_id="w9:t5"
2026-08-04T04:56:38.245313Z  INFO herdr::logging: session saved event="persist.save" subsystem="persist" outcome="ok" path=/Users/oliver/.config/herdr/session.json workspaces=3
2026-08-04T04:57:00.542809Z  INFO herdr::logging: tab focused event="tab.focus" subsystem="tab" outcome="ok" workspace_id="w9" tab_id="w9:t5"
2026-08-04T04:57:05.546219Z  INFO herdr::logging: session saved event="persist.save" subsystem="persist" outcome="ok" path=/Users/oliver/.config/herdr/session.json workspaces=3
2026-08-04T04:57:25.339081Z  INFO herdr::logging: tab focused event="tab.focus" subsystem="tab" outcome="ok" workspace_id="w9" tab_id="w9:t5"
2026-08-04T04:57:30.345891Z  INFO herdr::logging: session saved event="persist.save" subsystem="persist" outcome="ok" path=/Users/oliver/.config/herdr/session.json workspaces=3
2026-08-04T04:58:24.691081Z  INFO herdr::logging: tab focused event="tab.focus" subsystem="tab" outcome="ok" workspace_id="w9" tab_id="w9:t5"
2026-08-04T04:58:29.699226Z  INFO herdr::logging: session saved event="persist.save" subsystem="persist" outcome="ok" path=/Users/oliver/.config/herdr/session.json workspaces=3
2026-08-04T04:58:57.076738Z  INFO herdr::logging: tab focused event="tab.focus" subsystem="tab" outcome="ok" workspace_id="w9" tab_id="w9:t5"
2026-08-04T04:59:02.079828Z  INFO herdr::logging: session saved event="persist.save" subsystem="persist" outcome="ok" path=/Users/oliver/.config/herdr/session.json workspaces=3
2026-08-04T04:59:48.842959Z  INFO herdr::logging: tab focused event="tab.focus" subsystem="tab" outcome="ok" workspace_id="w9" tab_id="w9:t5"
2026-08-04T04:59:53.848587Z  INFO herdr::logging: session saved event="persist.save" subsystem="persist" outcome="ok" path=/Users/oliver/.config/herdr/session.json workspaces=3
2026-08-04T04:59:59.216631Z  INFO herdr::logging: tab focused event="tab.focus" subsystem="tab" outcome="ok" workspace_id="w9" tab_id="w9:t5"
2026-08-04T05:00:04.221432Z  INFO herdr::logging: session saved event="persist.save" subsystem="persist" outcome="ok" path=/Users/oliver/.config/herdr/session.json workspaces=3
2026-08-04T05:00:05.397408Z  INFO herdr::logging: tab focused event="tab.focus" subsystem="tab" outcome="ok" workspace_id="w9" tab_id="w9:t5"
2026-08-04T05:00:10.403876Z  INFO herdr::logging: session saved event="persist.save" subsystem="persist" outcome="ok" path=/Users/oliver/.config/herdr/session.json workspaces=3
2026-08-04T05:00:19.684481Z  INFO herdr::logging: tab focused event="tab.focus" subsystem="tab" outcome="ok" workspace_id="w9" tab_id="w9:t5"
2026-08-04T05:00:24.691569Z  INFO herdr::logging: session saved event="persist.save" subsystem="persist" outcome="ok" path=/Users/oliver/.config/herdr/session.json workspaces=3
2026-08-04T05:00:38.318466Z  INFO herdr::logging: tab focused event="tab.focus" subsystem="tab" outcome="ok" workspace_id="w9" tab_id="w9:t5"
2026-08-04T05:00:43.331402Z  INFO herdr::logging: session saved event="persist.save" subsystem="persist" outcome="ok" path=/Users/oliver/.config/herdr/session.json workspaces=3
2026-08-04T05:01:27.809339Z  INFO herdr::logging: tab focused event="tab.focus" subsystem="tab" outcome="ok" workspace_id="w9" tab_id="w9:t5"
2026-08-04T05:01:32.819170Z  INFO herdr::logging: session saved event="persist.save" subsystem="persist" outcome="ok" path=/Users/oliver/.config/herdr/session.json workspaces=3
2026-08-04T05:01:36.771259Z  INFO herdr::logging: tab focused event="tab.focus" subsystem="tab" outcome="ok" workspace_id="w9" tab_id="w9:t5"
2026-08-04T05:01:41.776241Z  INFO herdr::logging: session saved event="persist.save" subsystem="persist" outcome="ok" path=/Users/oliver/.config/herdr/session.json workspaces=3
2026-08-04T05:01:47.605114Z  INFO herdr::logging: tab focused event="tab.focus" subsystem="tab" outcome="ok" workspace_id="w9" tab_id="w9:t5"
2026-08-04T05:01:52.617867Z  INFO herdr::logging: session saved event="persist.save" subsystem="persist" outcome="ok" path=/Users/oliver/.config/herdr/session.json workspaces=3
2026-08-04T05:02:01.583662Z  INFO herdr::logging: tab focused event="tab.focus" subsystem="tab" outcome="ok" workspace_id="w9" tab_id="w9:t5"
2026-08-04T05:02:06.589360Z  INFO herdr::logging: session saved event="persist.save" subsystem="persist" outcome="ok" path=/Users/oliver/.config/herdr/session.json workspaces=3
2026-08-04T05:02:20.962785Z  INFO herdr::logging: tab focused event="tab.focus" subsystem="tab" outcome="ok" workspace_id="w9" tab_id="w9:t5"
2026-08-04T05:02:28.578015Z  INFO herdr::logging: session saved event="persist.save" subsystem="persist" outcome="ok" path=/Users/oliver/.config/herdr/session.json workspaces=3
2026-08-04T05:04:25.105306Z  INFO herdr::logging: tab focused event="tab.focus" subsystem="tab" outcome="ok" workspace_id="w9" tab_id="w9:t5"
2026-08-04T05:04:30.109464Z  INFO herdr::logging: session saved event="persist.save" subsystem="persist" outcome="ok" path=/Users/oliver/.config/herdr/session.json workspaces=3
2026-08-04T05:04:44.682157Z  INFO herdr::logging: tab focused event="tab.focus" subsystem="tab" outcome="ok" workspace_id="w9" tab_id="w9:t5"
2026-08-04T05:04:49.683993Z  INFO herdr::logging: session saved event="persist.save" subsystem="persist" outcome="ok" path=/Users/oliver/.config/herdr/session.json workspaces=3
2026-08-04T05:06:49.049000Z  INFO herdr::logging: tab focused event="tab.focus" subsystem="tab" outcome="ok" workspace_id="w9" tab_id="w9:t5"
2026-08-04T05:06:54.057516Z  INFO herdr::logging: session saved event="persist.save" subsystem="persist" outcome="ok" path=/Users/oliver/.config/herdr/session.json workspaces=3
2026-08-04T05:07:10.327980Z  INFO herdr::logging: tab focused event="tab.focus" subsystem="tab" outcome="ok" workspace_id="w9" tab_id="w9:t5"
2026-08-04T05:07:13.211392Z  INFO herdr::logging: tab focused event="tab.focus" subsystem="tab" outcome="ok" workspace_id="w9" tab_id="w9:t5"
2026-08-04T05:07:18.216192Z  INFO herdr::logging: session saved event="persist.save" subsystem="persist" outcome="ok" path=/Users/oliver/.config/herdr/session.json workspaces=3
2026-08-04T05:07:20.828428Z  INFO herdr::logging: tab focused event="tab.focus" subsystem="tab" outcome="ok" workspace_id="w9" tab_id="w9:t5"
2026-08-04T05:07:25.831608Z  INFO herdr::logging: session saved event="persist.save" subsystem="persist" outcome="ok" path=/Users/oliver/.config/herdr/session.json workspaces=3
2026-08-04T05:08:05.961546Z  INFO herdr::logging: tab focused event="tab.focus" subsystem="tab" outcome="ok" workspace_id="w9" tab_id="w9:t5"
2026-08-04T05:08:10.969579Z  INFO herdr::logging: session saved event="persist.save" subsystem="persist" outcome="ok" path=/Users/oliver/.config/herdr/session.json workspaces=3
2026-08-04T05:08:26.377320Z  INFO herdr::logging: tab focused event="tab.focus" subsystem="tab" outcome="ok" workspace_id="w9" tab_id="w9:t5"
2026-08-04T05:08:31.384300Z  INFO herdr::logging: session saved event="persist.save" subsystem="persist" outcome="ok" path=/Users/oliver/.config/herdr/session.json workspaces=3
2026-08-04T05:08:46.977630Z  INFO herdr::logging: tab focused event="tab.focus" subsystem="tab" outcome="ok" workspace_id="w9" tab_id="w9:t5"
2026-08-04T05:08:51.987884Z  INFO herdr::logging: session saved event="persist.save" subsystem="persist" outcome="ok" path=/Users/oliver/.config/herdr/session.json workspaces=3
2026-08-04T05:10:34.693589Z  INFO herdr::logging: tab focused event="tab.focus" subsystem="tab" outcome="ok" workspace_id="w9" tab_id="w9:t5"
2026-08-04T05:10:39.701334Z  INFO herdr::logging: session saved event="persist.save" subsystem="persist" outcome="ok" path=/Users/oliver/.config/herdr/session.json workspaces=3
2026-08-04T05:11:24.641924Z  INFO herdr::logging: session saved event="persist.save" subsystem="persist" outcome="ok" path=/Users/oliver/.config/herdr/session.json workspaces=3
2026-08-04T07:09:54.003496Z  INFO herdr::logging: workspace focused event="workspace.focus" subsystem="workspace" outcome="ok" workspace_id="w6"
2026-08-04T07:09:54.004703Z  INFO herdr::logging: tab focused event="tab.focus" subsystem="tab" outcome="ok" workspace_id="w6" tab_id="w6:t1"
2026-08-04T07:09:59.008484Z  INFO herdr::logging: session saved event="persist.save" subsystem="persist" outcome="ok" path=/Users/oliver/.config/herdr/session.json workspaces=3
2026-08-04T07:11:36.383371Z  INFO herdr::logging: tab focused event="tab.focus" subsystem="tab" outcome="ok" workspace_id="w6" tab_id="w6:t2"
2026-08-04T07:11:38.725208Z  INFO herdr::logging: tab focused event="tab.focus" subsystem="tab" outcome="ok" workspace_id="w6" tab_id="w6:t2"
2026-08-04T07:11:43.737745Z  INFO herdr::logging: session saved event="persist.save" subsystem="persist" outcome="ok" path=/Users/oliver/.config/herdr/session.json workspaces=3
2026-08-04T07:11:45.383953Z  INFO herdr::logging: tab focused event="tab.focus" subsystem="tab" outcome="ok" workspace_id="w6" tab_id="w6:t2"
2026-08-04T07:11:50.388512Z  INFO herdr::logging: session saved event="persist.save" subsystem="persist" outcome="ok" path=/Users/oliver/.config/herdr/session.json workspaces=3
2026-08-04T07:12:08.036798Z  INFO herdr::logging: tab focused event="tab.focus" subsystem="tab" outcome="ok" workspace_id="w6" tab_id="w6:t2"
2026-08-04T07:12:09.869031Z  INFO herdr::logging: pane child exited event="pane.exit" subsystem="pane" outcome="completed" pane_id=21 status="ExitStatus { code: 0, signal: None }"
2026-08-04T07:12:09.869141Z  INFO herdr::pane: pane session terminated pane=21 pid=20103 signal=Hangup
2026-08-04T07:12:14.877872Z  INFO herdr::logging: session saved event="persist.save" subsystem="persist" outcome="ok" path=/Users/oliver/.config/herdr/session.json workspaces=3
2026-08-04T07:13:18.099439Z  INFO herdr::pane: agent changed pane=9 previous_agent=None agent=Some(OpenCode) process=opencode pgid=Some(11798)
2026-08-04T07:33:59.352123Z  INFO herdr::pane: agent changed pane=9 previous_agent=Some(OpenCode) agent=None pgid=Some(77672)
2026-08-04T07:35:25.866688Z  INFO herdr::pane: agent changed pane=9 previous_agent=None agent=Some(OpenCode) process=opencode pgid=Some(11798)
2026-08-04T07:55:45.847452Z  INFO herdr::logging: tab focused event="tab.focus" subsystem="tab" outcome="ok" workspace_id="w6" tab_id="w6:t4"
2026-08-04T07:55:50.853760Z  INFO herdr::logging: session saved event="persist.save" subsystem="persist" outcome="ok" path=/Users/oliver/.config/herdr/session.json workspaces=3
2026-08-04T07:55:55.956195Z  INFO herdr::logging: spawning pane terminal event="pane.spawn.start" subsystem="pane" outcome="started" pane_id=36 rows=58 cols=185 scrollback_limit_bytes=10000000
2026-08-04T07:55:55.968355Z  INFO herdr::logging: pane child spawned event="pane.spawned" subsystem="pane" outcome="ok" pane_id=36 pid=15946
2026-08-04T07:55:55.968883Z  INFO herdr::logging: tab renamed event="tab.rename" subsystem="tab" outcome="ok" workspace_id="w6" tab_id="w6:t7"
2026-08-04T07:55:55.969088Z  INFO herdr::logging: tab focused event="tab.focus" subsystem="tab" outcome="ok" workspace_id="w6" tab_id="w6:t7"
2026-08-04T07:55:58.021313Z  INFO herdr::logging: pane child exited event="pane.exit" subsystem="pane" outcome="completed" pane_id=36 status="ExitStatus { code: 0, signal: None }"
2026-08-04T07:55:58.021406Z  INFO herdr::pane: pane session terminated pane=36 pid=15946 signal=Hangup
2026-08-04T07:55:59.393233Z  INFO herdr::logging: tab focused event="tab.focus" subsystem="tab" outcome="ok" workspace_id="w6" tab_id="w6:t1"
2026-08-04T07:56:04.405945Z  INFO herdr::logging: session saved event="persist.save" subsystem="persist" outcome="ok" path=/Users/oliver/.config/herdr/session.json workspaces=3
2026-08-04T07:56:14.750522Z  INFO herdr::logging: spawning pane terminal event="pane.spawn.start" subsystem="pane" outcome="started" pane_id=37 rows=58 cols=185 scrollback_limit_bytes=10000000
2026-08-04T07:56:14.757977Z  INFO herdr::logging: pane child spawned event="pane.spawned" subsystem="pane" outcome="ok" pane_id=37 pid=16038
2026-08-04T07:56:14.758498Z  INFO herdr::logging: workspace created event="workspace.create" subsystem="workspace" outcome="ok" workspace_id="wA" pane_id=37
2026-08-04T07:56:14.758516Z  INFO herdr::logging: workspace focused event="workspace.focus" subsystem="workspace" outcome="ok" workspace_id="wA"
2026-08-04T07:56:14.758670Z  INFO herdr::logging: tab focused event="tab.focus" subsystem="tab" outcome="ok" workspace_id="wA" tab_id="wA:t1"
2026-08-04T07:56:19.774944Z  INFO herdr::logging: session saved event="persist.save" subsystem="persist" outcome="ok" path=/Users/oliver/.config/herdr/session.json workspaces=4
2026-08-04T08:41:59.903619Z  INFO herdr::logging: workspace focused event="workspace.focus" subsystem="workspace" outcome="ok" workspace_id="w6"
2026-08-04T08:41:59.904220Z  INFO herdr::logging: tab focused event="tab.focus" subsystem="tab" outcome="ok" workspace_id="w6" tab_id="w6:t1"
2026-08-04T08:42:04.913424Z  INFO herdr::logging: session saved event="persist.save" subsystem="persist" outcome="ok" path=/Users/oliver/.config/herdr/session.json workspaces=4
2026-08-04T08:42:05.165798Z  INFO herdr::logging: workspace focused event="workspace.focus" subsystem="workspace" outcome="ok" workspace_id="wA"
2026-08-04T08:42:05.168669Z  INFO herdr::logging: tab focused event="tab.focus" subsystem="tab" outcome="ok" workspace_id="wA" tab_id="wA:t1"
2026-08-04T08:42:07.777712Z  INFO herdr::logging: workspace focused event="workspace.focus" subsystem="workspace" outcome="ok" workspace_id="w6"
2026-08-04T08:42:07.777877Z  INFO herdr::logging: tab focused event="tab.focus" subsystem="tab" outcome="ok" workspace_id="w6" tab_id="w6:t2"
2026-08-04T08:42:12.783090Z  INFO herdr::logging: session saved event="persist.save" subsystem="persist" outcome="ok" path=/Users/oliver/.config/herdr/session.json workspaces=4
2026-08-04T08:42:13.745192Z  INFO herdr::pane: agent changed pane=9 previous_agent=Some(OpenCode) agent=None pgid=Some(77672)
2026-08-04T08:57:35.342607Z  INFO herdr::logging: tab focused event="tab.focus" subsystem="tab" outcome="ok" workspace_id="w6" tab_id="w6:t4"
2026-08-04T08:57:40.354678Z  INFO herdr::logging: session saved event="persist.save" subsystem="persist" outcome="ok" path=/Users/oliver/.config/herdr/session.json workspaces=4
2026-08-04T08:58:05.634289Z  INFO herdr::logging: tab focused event="tab.focus" subsystem="tab" outcome="ok" workspace_id="w6" tab_id="w6:t2"
2026-08-04T08:58:10.639529Z  INFO herdr::logging: session saved event="persist.save" subsystem="persist" outcome="ok" path=/Users/oliver/.config/herdr/session.json workspaces=4
2026-08-04T08:58:11.652570Z  INFO herdr::logging: tab focused event="tab.focus" subsystem="tab" outcome="ok" workspace_id="w6" tab_id="w6:t4"
2026-08-04T08:58:16.659917Z  INFO herdr::logging: session saved event="persist.save" subsystem="persist" outcome="ok" path=/Users/oliver/.config/herdr/session.json workspaces=4
2026-08-04T09:00:04.186195Z  INFO herdr::logging: spawning pane terminal event="pane.spawn.start" subsystem="pane" outcome="started" pane_id=38 rows=58 cols=185 scrollback_limit_bytes=10000000
2026-08-04T09:00:04.193353Z  INFO herdr::logging: pane child spawned event="pane.spawned" subsystem="pane" outcome="ok" pane_id=38 pid=25634
2026-08-04T09:00:04.193813Z  INFO herdr::logging: tab focused event="tab.focus" subsystem="tab" outcome="ok" workspace_id="w6" tab_id="w6:t4"
2026-08-04T09:00:07.181756Z  INFO herdr::logging: tab focused event="tab.focus" subsystem="tab" outcome="ok" workspace_id="w6" tab_id="w6:t4"
2026-08-04T09:00:07.823242Z  INFO herdr::logging: tab focused event="tab.focus" subsystem="tab" outcome="ok" workspace_id="w6" tab_id="w6:t4"
2026-08-04T09:00:09.035935Z  INFO herdr::logging: tab focused event="tab.focus" subsystem="tab" outcome="ok" workspace_id="w6" tab_id="w6:t4"
2026-08-04T09:00:09.831751Z  INFO herdr::logging: tab focused event="tab.focus" subsystem="tab" outcome="ok" workspace_id="w6" tab_id="w6:t4"
2026-08-04T09:00:10.734165Z  INFO herdr::logging: tab focused event="tab.focus" subsystem="tab" outcome="ok" workspace_id="w6" tab_id="w6:t4"
2026-08-04T09:00:14.456678Z  INFO herdr::logging: tab focused event="tab.focus" subsystem="tab" outcome="ok" workspace_id="w6" tab_id="w6:t4"
2026-08-04T09:00:19.464650Z  INFO herdr::logging: session saved event="persist.save" subsystem="persist" outcome="ok" path=/Users/oliver/.config/herdr/session.json workspaces=4
2026-08-04T09:01:04.373506Z  INFO herdr::logging: tab focused event="tab.focus" subsystem="tab" outcome="ok" workspace_id="w6" tab_id="w6:t4"
2026-08-04T09:01:09.380603Z  INFO herdr::logging: session saved event="persist.save" subsystem="persist" outcome="ok" path=/Users/oliver/.config/herdr/session.json workspaces=4
2026-08-04T09:09:35.427178Z  INFO herdr::logging: tab focused event="tab.focus" subsystem="tab" outcome="ok" workspace_id="w6" tab_id="w6:t4"
2026-08-04T09:09:40.433981Z  INFO herdr::logging: session saved event="persist.save" subsystem="persist" outcome="ok" path=/Users/oliver/.config/herdr/session.json workspaces=4
2026-08-04T09:10:26.776767Z  INFO herdr::logging: tab focused event="tab.focus" subsystem="tab" outcome="ok" workspace_id="w6" tab_id="w6:t4"
2026-08-04T09:10:31.784396Z  INFO herdr::logging: session saved event="persist.save" subsystem="persist" outcome="ok" path=/Users/oliver/.config/herdr/session.json workspaces=4
2026-08-04T09:10:45.162969Z  INFO herdr::logging: tab focused event="tab.focus" subsystem="tab" outcome="ok" workspace_id="w6" tab_id="w6:t4"
2026-08-04T09:10:50.174237Z  INFO herdr::logging: session saved event="persist.save" subsystem="persist" outcome="ok" path=/Users/oliver/.config/herdr/session.json workspaces=4
2026-08-04T09:11:27.609747Z  INFO herdr::logging: tab focused event="tab.focus" subsystem="tab" outcome="ok" workspace_id="w6" tab_id="w6:t4"
2026-08-04T09:11:32.618457Z  INFO herdr::logging: session saved event="persist.save" subsystem="persist" outcome="ok" path=/Users/oliver/.config/herdr/session.json workspaces=4
2026-08-04T09:11:53.993035Z  INFO herdr::logging: tab focused event="tab.focus" subsystem="tab" outcome="ok" workspace_id="w6" tab_id="w6:t4"
2026-08-04T09:11:59.001688Z  INFO herdr::logging: session saved event="persist.save" subsystem="persist" outcome="ok" path=/Users/oliver/.config/herdr/session.json workspaces=4
2026-08-04T09:12:03.759647Z  INFO herdr::logging: tab focused event="tab.focus" subsystem="tab" outcome="ok" workspace_id="w6" tab_id="w6:t4"
2026-08-04T09:12:08.769037Z  INFO herdr::logging: session saved event="persist.save" subsystem="persist" outcome="ok" path=/Users/oliver/.config/herdr/session.json workspaces=4
2026-08-04T09:12:32.403667Z  INFO herdr::logging: tab focused event="tab.focus" subsystem="tab" outcome="ok" workspace_id="w6" tab_id="w6:t4"
2026-08-04T09:12:37.412440Z  INFO herdr::logging: session saved event="persist.save" subsystem="persist" outcome="ok" path=/Users/oliver/.config/herdr/session.json workspaces=4
2026-08-04T09:12:43.187693Z  INFO herdr::logging: tab focused event="tab.focus" subsystem="tab" outcome="ok" workspace_id="w6" tab_id="w6:t4"
2026-08-04T09:12:48.207506Z  INFO herdr::logging: session saved event="persist.save" subsystem="persist" outcome="ok" path=/Users/oliver/.config/herdr/session.json workspaces=4
2026-08-04T09:12:54.756127Z  INFO herdr::logging: tab focused event="tab.focus" subsystem="tab" outcome="ok" workspace_id="w6" tab_id="w6:t4"
2026-08-04T09:12:59.768036Z  INFO herdr::logging: session saved event="persist.save" subsystem="persist" outcome="ok" path=/Users/oliver/.config/herdr/session.json workspaces=4
2026-08-04T09:13:04.829997Z  INFO herdr::logging: tab focused event="tab.focus" subsystem="tab" outcome="ok" workspace_id="w6" tab_id="w6:t4"
2026-08-04T09:13:09.836719Z  INFO herdr::logging: session saved event="persist.save" subsystem="persist" outcome="ok" path=/Users/oliver/.config/herdr/session.json workspaces=4
2026-08-04T09:13:10.421994Z  INFO herdr::logging: tab focused event="tab.focus" subsystem="tab" outcome="ok" workspace_id="w6" tab_id="w6:t4"
2026-08-04T09:13:15.426087Z  INFO herdr::logging: session saved event="persist.save" subsystem="persist" outcome="ok" path=/Users/oliver/.config/herdr/session.json workspaces=4
2026-08-04T09:13:45.705084Z  INFO herdr::logging: tab focused event="tab.focus" subsystem="tab" outcome="ok" workspace_id="w6" tab_id="w6:t4"
2026-08-04T09:13:50.710699Z  INFO herdr::logging: session saved event="persist.save" subsystem="persist" outcome="ok" path=/Users/oliver/.config/herdr/session.json workspaces=4
2026-08-04T09:13:51.421735Z  INFO herdr::logging: tab focused event="tab.focus" subsystem="tab" outcome="ok" workspace_id="w6" tab_id="w6:t4"
2026-08-04T09:13:54.805110Z  INFO herdr::logging: tab focused event="tab.focus" subsystem="tab" outcome="ok" workspace_id="w6" tab_id="w6:t4"
2026-08-04T09:13:55.441887Z  INFO herdr::logging: tab focused event="tab.focus" subsystem="tab" outcome="ok" workspace_id="w6" tab_id="w6:t4"
2026-08-04T09:13:56.016695Z  INFO herdr::logging: tab focused event="tab.focus" subsystem="tab" outcome="ok" workspace_id="w6" tab_id="w6:t4"
2026-08-04T09:13:58.590661Z  INFO herdr::logging: tab focused event="tab.focus" subsystem="tab" outcome="ok" workspace_id="w6" tab_id="w6:t4"
2026-08-04T09:14:03.599986Z  INFO herdr::logging: session saved event="persist.save" subsystem="persist" outcome="ok" path=/Users/oliver/.config/herdr/session.json workspaces=4
2026-08-04T09:14:05.569477Z  INFO herdr::logging: tab focused event="tab.focus" subsystem="tab" outcome="ok" workspace_id="w6" tab_id="w6:t4"
2026-08-04T09:14:06.566883Z  INFO herdr::logging: tab focused event="tab.focus" subsystem="tab" outcome="ok" workspace_id="w6" tab_id="w6:t4"
2026-08-04T09:14:13.027590Z  INFO herdr::logging: session saved event="persist.save" subsystem="persist" outcome="ok" path=/Users/oliver/.config/herdr/session.json workspaces=4
2026-08-04T09:14:17.788316Z  INFO herdr::logging: tab focused event="tab.focus" subsystem="tab" outcome="ok" workspace_id="w6" tab_id="w6:t4"
2026-08-04T09:14:22.795637Z  INFO herdr::logging: session saved event="persist.save" subsystem="persist" outcome="ok" path=/Users/oliver/.config/herdr/session.json workspaces=4
2026-08-04T09:14:25.944890Z  INFO herdr::logging: tab focused event="tab.focus" subsystem="tab" outcome="ok" workspace_id="w6" tab_id="w6:t4"
2026-08-04T09:14:30.951458Z  INFO herdr::logging: session saved event="persist.save" subsystem="persist" outcome="ok" path=/Users/oliver/.config/herdr/session.json workspaces=4
2026-08-04T09:14:34.456100Z  INFO herdr::logging: tab focused event="tab.focus" subsystem="tab" outcome="ok" workspace_id="w6" tab_id="w6:t4"
2026-08-04T09:14:39.460485Z  INFO herdr::logging: session saved event="persist.save" subsystem="persist" outcome="ok" path=/Users/oliver/.config/herdr/session.json workspaces=4
2026-08-04T09:15:04.905376Z  INFO herdr::logging: session saved event="persist.save" subsystem="persist" outcome="ok" path=/Users/oliver/.config/herdr/session.json workspaces=4
2026-08-04T09:27:00.559574Z  INFO herdr::logging: spawning pane terminal event="pane.spawn.start" subsystem="pane" outcome="started" pane_id=39 rows=41 cols=185 scrollback_limit_bytes=10000000
2026-08-04T09:27:00.569286Z  INFO herdr::logging: pane child spawned event="pane.spawned" subsystem="pane" outcome="ok" pane_id=39 pid=40590
2026-08-04T09:27:00.569629Z  INFO herdr::logging: tab renamed event="tab.rename" subsystem="tab" outcome="ok" workspace_id="w6" tab_id="w6:t8"
2026-08-04T09:27:00.569834Z  INFO herdr::logging: tab focused event="tab.focus" subsystem="tab" outcome="ok" workspace_id="w6" tab_id="w6:t8"
2026-08-04T09:27:05.576187Z  INFO herdr::logging: session saved event="persist.save" subsystem="persist" outcome="ok" path=/Users/oliver/.config/herdr/session.json workspaces=4
2026-08-04T09:27:42.997071Z  INFO herdr::logging: tab focused event="tab.focus" subsystem="tab" outcome="ok" workspace_id="w6" tab_id="w6:t4"
2026-08-04T09:27:48.002418Z  INFO herdr::logging: session saved event="persist.save" subsystem="persist" outcome="ok" path=/Users/oliver/.config/herdr/session.json workspaces=4
2026-08-04T09:27:53.816621Z  INFO herdr::logging: tab focused event="tab.focus" subsystem="tab" outcome="ok" workspace_id="w6" tab_id="w6:t8"
2026-08-04T09:27:58.825894Z  INFO herdr::logging: session saved event="persist.save" subsystem="persist" outcome="ok" path=/Users/oliver/.config/herdr/session.json workspaces=4
2026-08-04T09:28:02.929606Z  INFO herdr::logging: tab focused event="tab.focus" subsystem="tab" outcome="ok" workspace_id="w6" tab_id="w6:t4"
2026-08-04T09:28:07.936925Z  INFO herdr::logging: session saved event="persist.save" subsystem="persist" outcome="ok" path=/Users/oliver/.config/herdr/session.json workspaces=4
2026-08-04T09:28:09.419812Z  INFO herdr::logging: tab focused event="tab.focus" subsystem="tab" outcome="ok" workspace_id="w6" tab_id="w6:t8"
2026-08-04T09:28:11.785013Z  INFO herdr::logging: tab focused event="tab.focus" subsystem="tab" outcome="ok" workspace_id="w6" tab_id="w6:t4"
2026-08-04T09:28:16.788898Z  INFO herdr::logging: session saved event="persist.save" subsystem="persist" outcome="ok" path=/Users/oliver/.config/herdr/session.json workspaces=4
2026-08-04T09:28:50.451510Z  INFO herdr::logging: tab focused event="tab.focus" subsystem="tab" outcome="ok" workspace_id="w6" tab_id="w6:t8"
2026-08-04T09:28:53.081204Z  INFO herdr::logging: tab focused event="tab.focus" subsystem="tab" outcome="ok" workspace_id="w6" tab_id="w6:t4"
2026-08-04T09:28:55.254326Z  INFO herdr::logging: tab focused event="tab.focus" subsystem="tab" outcome="ok" workspace_id="w6" tab_id="w6:t8"
2026-08-04T09:29:00.258575Z  INFO herdr::logging: session saved event="persist.save" subsystem="persist" outcome="ok" path=/Users/oliver/.config/herdr/session.json workspaces=4
2026-08-04T09:29:10.847059Z  INFO herdr::logging: tab focused event="tab.focus" subsystem="tab" outcome="ok" workspace_id="w6" tab_id="w6:t4"
2026-08-04T09:29:15.855124Z  INFO herdr::logging: session saved event="persist.save" subsystem="persist" outcome="ok" path=/Users/oliver/.config/herdr/session.json workspaces=4
2026-08-04T09:29:43.782007Z  INFO herdr::logging: tab focused event="tab.focus" subsystem="tab" outcome="ok" workspace_id="w6" tab_id="w6:t4"
2026-08-04T09:29:44.542822Z  INFO herdr::logging: tab focused event="tab.focus" subsystem="tab" outcome="ok" workspace_id="w6" tab_id="w6:t8"
2026-08-04T09:29:49.548571Z  INFO herdr::logging: session saved event="persist.save" subsystem="persist" outcome="ok" path=/Users/oliver/.config/herdr/session.json workspaces=4
2026-08-04T09:30:52.887419Z  INFO herdr::logging: tab focused event="tab.focus" subsystem="tab" outcome="ok" workspace_id="w6" tab_id="w6:t4"
2026-08-04T09:30:57.900896Z  INFO herdr::logging: session saved event="persist.save" subsystem="persist" outcome="ok" path=/Users/oliver/.config/herdr/session.json workspaces=4
2026-08-04T09:41:16.279742Z  INFO herdr::logging: tab focused event="tab.focus" subsystem="tab" outcome="ok" workspace_id="w6" tab_id="w6:t8"
2026-08-04T09:41:18.454534Z  INFO herdr::logging: tab focused event="tab.focus" subsystem="tab" outcome="ok" workspace_id="w6" tab_id="w6:t4"
2026-08-04T09:41:22.671213Z  INFO herdr::logging: tab focused event="tab.focus" subsystem="tab" outcome="ok" workspace_id="w6" tab_id="w6:t8"
2026-08-04T09:41:27.673661Z  INFO herdr::logging: session saved event="persist.save" subsystem="persist" outcome="ok" path=/Users/oliver/.config/herdr/session.json workspaces=4
2026-08-04T09:41:49.137006Z  INFO herdr::logging: tab focused event="tab.focus" subsystem="tab" outcome="ok" workspace_id="w6" tab_id="w6:t4"
2026-08-04T09:41:54.145013Z  INFO herdr::logging: session saved event="persist.save" subsystem="persist" outcome="ok" path=/Users/oliver/.config/herdr/session.json workspaces=4
2026-08-04T09:42:03.167845Z  INFO herdr::logging: tab focused event="tab.focus" subsystem="tab" outcome="ok" workspace_id="w6" tab_id="w6:t8"
2026-08-04T09:42:04.113056Z  INFO herdr::logging: tab focused event="tab.focus" subsystem="tab" outcome="ok" workspace_id="w6" tab_id="w6:t4"
2026-08-04T09:42:09.119798Z  INFO herdr::logging: session saved event="persist.save" subsystem="persist" outcome="ok" path=/Users/oliver/.config/herdr/session.json workspaces=4
2026-08-04T09:56:45.680507Z  INFO herdr::logging: tab focused event="tab.focus" subsystem="tab" outcome="ok" workspace_id="w6" tab_id="w6:t8"
2026-08-04T09:56:50.694482Z  INFO herdr::logging: session saved event="persist.save" subsystem="persist" outcome="ok" path=/Users/oliver/.config/herdr/session.json workspaces=4
2026-08-04T09:57:09.570998Z  INFO herdr::logging: tab focused event="tab.focus" subsystem="tab" outcome="ok" workspace_id="w6" tab_id="w6:t4"
2026-08-04T09:57:14.134660Z  INFO herdr::logging: tab focused event="tab.focus" subsystem="tab" outcome="ok" workspace_id="w6" tab_id="w6:t8"
2026-08-04T09:57:19.139667Z  INFO herdr::logging: session saved event="persist.save" subsystem="persist" outcome="ok" path=/Users/oliver/.config/herdr/session.json workspaces=4
2026-08-04T09:57:20.261484Z  INFO herdr::logging: tab focused event="tab.focus" subsystem="tab" outcome="ok" workspace_id="w6" tab_id="w6:t4"
2026-08-04T09:57:25.267456Z  INFO herdr::logging: session saved event="persist.save" subsystem="persist" outcome="ok" path=/Users/oliver/.config/herdr/session.json workspaces=4
2026-08-04T09:57:35.063722Z  INFO herdr::logging: tab focused event="tab.focus" subsystem="tab" outcome="ok" workspace_id="w6" tab_id="w6:t8"
2026-08-04T09:57:37.353611Z  INFO herdr::logging: tab focused event="tab.focus" subsystem="tab" outcome="ok" workspace_id="w6" tab_id="w6:t4"
2026-08-04T09:57:42.355909Z  INFO herdr::logging: session saved event="persist.save" subsystem="persist" outcome="ok" path=/Users/oliver/.config/herdr/session.json workspaces=4
2026-08-04T10:13:18.512813Z  INFO herdr::logging: tab focused event="tab.focus" subsystem="tab" outcome="ok" workspace_id="w6" tab_id="w6:t8"
2026-08-04T10:13:21.388840Z  INFO herdr::logging: pane child exited event="pane.exit" subsystem="pane" outcome="completed" pane_id=39 status="ExitStatus { code: 0, signal: None }"
2026-08-04T10:13:21.388933Z  INFO herdr::pane: pane session terminated pane=39 pid=40590 signal=Hangup
2026-08-04T10:13:26.393700Z  INFO herdr::logging: session saved event="persist.save" subsystem="persist" outcome="ok" path=/Users/oliver/.config/herdr/session.json workspaces=4
2026-08-04T10:31:42.580492Z  INFO herdr::logging: tab focused event="tab.focus" subsystem="tab" outcome="ok" workspace_id="w6" tab_id="w6:t4"
2026-08-04T10:31:42.580884Z  INFO herdr::logging: tab focused event="tab.focus" subsystem="tab" outcome="ok" workspace_id="w6" tab_id="w6:t4"
2026-08-04T10:31:43.798246Z  INFO herdr::logging: tab focused event="tab.focus" subsystem="tab" outcome="ok" workspace_id="w6" tab_id="w6:t2"
2026-08-04T10:31:44.690560Z  INFO herdr::logging: tab focused event="tab.focus" subsystem="tab" outcome="ok" workspace_id="w6" tab_id="w6:t4"
2026-08-04T10:31:45.200188Z  INFO herdr::logging: tab focused event="tab.focus" subsystem="tab" outcome="ok" workspace_id="w6" tab_id="w6:t4"
2026-08-04T10:31:45.200321Z  INFO herdr::logging: tab focused event="tab.focus" subsystem="tab" outcome="ok" workspace_id="w6" tab_id="w6:t4"
2026-08-04T10:31:50.208380Z  INFO herdr::logging: session saved event="persist.save" subsystem="persist" outcome="ok" path=/Users/oliver/.config/herdr/session.json workspaces=4
2026-08-05T02:05:35.531444Z  INFO herdr::pane: agent changed pane=19 previous_agent=None agent=Some(Claude) process=claude pgid=Some(9641)
2026-08-05T02:09:55.789085Z  INFO herdr::server::headless: client disconnected client_id=20
2026-08-05T02:11:53.333986Z  INFO herdr::platform::macos: raised server file descriptor soft limit previous=256 target=8192
2026-08-05T02:11:53.335148Z  INFO herdr::api::server: api server listening path=/Users/oliver/.config/herdr/herdr.sock
2026-08-05T02:11:53.338897Z  INFO herdr::logging: spawning pane terminal event="pane.spawn.start" subsystem="pane" outcome="started" pane_id=1 rows=24 cols=80 scrollback_limit_bytes=10000000
2026-08-05T02:11:53.343700Z  INFO herdr::logging: pane child spawned event="pane.spawned" subsystem="pane" outcome="ok" pane_id=1 pid=1245
2026-08-05T02:11:53.344564Z  INFO herdr::logging: spawning pane terminal event="pane.spawn.start" subsystem="pane" outcome="started" pane_id=2 rows=24 cols=80 scrollback_limit_bytes=10000000
2026-08-05T02:11:53.348056Z  INFO herdr::logging: pane child spawned event="pane.spawned" subsystem="pane" outcome="ok" pane_id=2 pid=1246
2026-08-05T02:11:53.348310Z  INFO herdr::logging: spawning pane terminal event="pane.spawn.start" subsystem="pane" outcome="started" pane_id=3 rows=24 cols=80 scrollback_limit_bytes=10000000
2026-08-05T02:11:53.351561Z  INFO herdr::logging: pane child spawned event="pane.spawned" subsystem="pane" outcome="ok" pane_id=3 pid=1247
2026-08-05T02:11:53.351734Z  INFO herdr::logging: spawning pane terminal event="pane.spawn.start" subsystem="pane" outcome="started" pane_id=4 rows=24 cols=80 scrollback_limit_bytes=10000000
2026-08-05T02:11:53.355481Z  INFO herdr::logging: pane child spawned event="pane.spawned" subsystem="pane" outcome="ok" pane_id=4 pid=1249
2026-08-05T02:11:53.356402Z  INFO herdr::logging: spawning pane terminal event="pane.spawn.start" subsystem="pane" outcome="started" pane_id=5 rows=24 cols=80 scrollback_limit_bytes=10000000
2026-08-05T02:11:53.361002Z  INFO herdr::logging: pane child spawned event="pane.spawned" subsystem="pane" outcome="ok" pane_id=5 pid=1252
2026-08-05T02:11:53.361187Z  INFO herdr::logging: spawning pane terminal event="pane.spawn.start" subsystem="pane" outcome="started" pane_id=6 rows=24 cols=80 scrollback_limit_bytes=10000000
2026-08-05T02:11:53.367522Z  INFO herdr::logging: pane child spawned event="pane.spawned" subsystem="pane" outcome="ok" pane_id=6 pid=1255
2026-08-05T02:11:53.367775Z  INFO herdr::logging: spawning pane terminal event="pane.spawn.start" subsystem="pane" outcome="started" pane_id=7 rows=24 cols=80 scrollback_limit_bytes=10000000
2026-08-05T02:11:53.374715Z  INFO herdr::logging: pane child spawned event="pane.spawned" subsystem="pane" outcome="ok" pane_id=7 pid=1262
2026-08-05T02:11:53.374941Z  INFO herdr::logging: spawning pane terminal event="pane.spawn.start" subsystem="pane" outcome="started" pane_id=8 rows=24 cols=80 scrollback_limit_bytes=10000000
2026-08-05T02:11:53.380332Z  INFO herdr::logging: pane child spawned event="pane.spawned" subsystem="pane" outcome="ok" pane_id=8 pid=1274
2026-08-05T02:11:53.381196Z  INFO herdr::logging: spawning pane terminal event="pane.spawn.start" subsystem="pane" outcome="started" pane_id=9 rows=24 cols=80 scrollback_limit_bytes=10000000
2026-08-05T02:11:53.387097Z  INFO herdr::logging: pane child spawned event="pane.spawned" subsystem="pane" outcome="ok" pane_id=9 pid=1284
2026-08-05T02:11:53.387380Z  INFO herdr::logging: spawning pane terminal event="pane.spawn.start" subsystem="pane" outcome="started" pane_id=10 rows=24 cols=80 scrollback_limit_bytes=10000000
2026-08-05T02:11:53.396244Z  INFO herdr::logging: pane child spawned event="pane.spawned" subsystem="pane" outcome="ok" pane_id=10 pid=1292
2026-08-05T02:11:53.397145Z  INFO herdr::logging: spawning pane terminal event="pane.spawn.start" subsystem="pane" outcome="started" pane_id=11 rows=24 cols=80 scrollback_limit_bytes=10000000
2026-08-05T02:11:53.401455Z  INFO herdr::logging: pane child spawned event="pane.spawned" subsystem="pane" outcome="ok" pane_id=11 pid=1309
2026-08-05T02:11:53.403051Z  INFO herdr::logging: spawning pane terminal event="pane.spawn.start" subsystem="pane" outcome="started" pane_id=12 rows=24 cols=80 scrollback_limit_bytes=10000000
2026-08-05T02:11:53.408682Z  INFO herdr::logging: pane child spawned event="pane.spawned" subsystem="pane" outcome="ok" pane_id=12 pid=1319
2026-08-05T02:11:53.408834Z  WARN herdr::persist::restore: saved pane cwd does not exist, falling back to HOME cwd=/private/tmp/nvflare
2026-08-05T02:11:53.408903Z  INFO herdr::logging: spawning pane terminal event="pane.spawn.start" subsystem="pane" outcome="started" pane_id=13 rows=24 cols=80 scrollback_limit_bytes=10000000
2026-08-05T02:11:53.417349Z  INFO herdr::logging: pane child spawned event="pane.spawned" subsystem="pane" outcome="ok" pane_id=13 pid=1337
2026-08-05T02:11:53.419230Z  INFO herdr::logging: spawning pane terminal event="pane.spawn.start" subsystem="pane" outcome="started" pane_id=14 rows=24 cols=80 scrollback_limit_bytes=10000000
2026-08-05T02:11:53.427391Z  INFO herdr::logging: pane child spawned event="pane.spawned" subsystem="pane" outcome="ok" pane_id=14 pid=1348
2026-08-05T02:11:53.428283Z  INFO herdr::logging: session restore evaluated event="persist.restore" subsystem="persist" outcome="ok" workspaces=4
2026-08-05T02:11:53.428336Z  INFO herdr::app: using pane scrollback configuration pane_scrollback_limit_bytes=10000000
2026-08-05T02:11:53.480642Z  INFO herdr::logging: checking for updates event="update.check.start" subsystem="update" outcome="started"
2026-08-05T02:11:53.599288Z  INFO herdr::server::headless: restored session already has workspaces; ignoring startup cwd cwd=/Users/oliver
2026-08-05T02:11:53.599731Z  INFO herdr::server::headless: client protocol socket listening path=/Users/oliver/.config/herdr/herdr-client.sock
2026-08-05T02:11:53.599780Z  INFO herdr::server::headless: herdr server started api_socket=/Users/oliver/.config/herdr/herdr.sock client_socket=/Users/oliver/.config/herdr/herdr-client.sock
2026-08-05T02:11:53.599802Z  INFO herdr::logging: herdr starting event="app.startup" subsystem="server" outcome="started" pid=1244
2026-08-05T02:11:53.607688Z  INFO herdr::server::headless: client connected client_id=2 cols=211 rows=58 cell_width_px=0 cell_height_px=0 render_encoding=SemanticFrame
2026-08-05T02:11:53.973441Z  INFO herdr::logging: update available event="update.available" subsystem="update" outcome="ok" version="0.8.0"
2026-08-05T02:11:54.307835Z  INFO herdr::update: auto-update check: v0.8.0 available through Homebrew, waiting for explicit install
2026-08-05T02:12:09.257664Z  INFO herdr::logging: integration action finished event="integration.action" subsystem="integration" outcome="error" action="install" target="pi"
2026-08-05T02:12:09.261789Z  INFO herdr::logging: integration action finished event="integration.action" subsystem="integration" outcome="ok" action="install" target="claude"
2026-08-05T02:12:09.262261Z  INFO herdr::logging: integration action finished event="integration.action" subsystem="integration" outcome="ok" action="install" target="opencode"
2026-08-05T02:12:14.266699Z  INFO herdr::logging: session saved event="persist.save" subsystem="persist" outcome="ok" path=/Users/oliver/.config/herdr/session.json workspaces=4
2026-08-05T02:12:14.620231Z  INFO herdr::logging: integration action finished event="integration.action" subsystem="integration" outcome="error" action="install" target="pi"
2026-08-05T02:12:19.626246Z  INFO herdr::logging: session saved event="persist.save" subsystem="persist" outcome="ok" path=/Users/oliver/.config/herdr/session.json workspaces=4
2026-08-05T02:13:03.141388Z  INFO herdr::logging: tab focused event="tab.focus" subsystem="tab" outcome="ok" workspace_id="w6" tab_id="w6:t1"
2026-08-05T02:13:04.726517Z  INFO herdr::logging: tab focused event="tab.focus" subsystem="tab" outcome="ok" workspace_id="w6" tab_id="w6:t2"
2026-08-05T02:13:05.643601Z  INFO herdr::logging: workspace focused event="workspace.focus" subsystem="workspace" outcome="ok" workspace_id="w7"
2026-08-05T02:13:05.643891Z  INFO herdr::logging: tab focused event="tab.focus" subsystem="tab" outcome="ok" workspace_id="w7" tab_id="w7:t3"
2026-08-05T02:13:10.648577Z  INFO herdr::logging: session saved event="persist.save" subsystem="persist" outcome="ok" path=/Users/oliver/.config/herdr/session.json workspaces=4
2026-08-05T02:14:49.956343Z  INFO herdr::logging: tab focused event="tab.focus" subsystem="tab" outcome="ok" workspace_id="w7" tab_id="w7:t1"
2026-08-05T02:14:51.463898Z  INFO herdr::logging: workspace focused event="workspace.focus" subsystem="workspace" outcome="ok" workspace_id="w6"
2026-08-05T02:14:51.464517Z  INFO herdr::logging: tab focused event="tab.focus" subsystem="tab" outcome="ok" workspace_id="w6" tab_id="w6:t2"
2026-08-05T02:14:56.470347Z  INFO herdr::logging: session saved event="persist.save" subsystem="persist" outcome="ok" path=/Users/oliver/.config/herdr/session.json workspaces=4
2026-08-05T02:23:51.306839Z  INFO herdr::pane: agent changed pane=2 previous_agent=None agent=Some(Claude) process=claude pgid=Some(4887)
2026-08-05T02:23:57.426898Z  INFO herdr::server::headless: client resize client_id=2 cols=105 rows=58 cell_width_px=0 cell_height_px=0
2026-08-05T02:25:08.964417Z  INFO herdr::server::headless: client resize client_id=2 cols=207 rows=58 cell_width_px=0 cell_height_px=0
2026-08-05T02:25:12.866877Z  INFO herdr::server::headless: client resize client_id=2 cols=211 rows=58 cell_width_px=0 cell_height_px=0
2026-08-05T02:41:50.280212Z  INFO herdr::pane: agent changed pane=2 previous_agent=Some(Claude) agent=None pgid=Some(1246)
2026-08-05T02:41:51.586615Z  INFO herdr::logging: tab focused event="tab.focus" subsystem="tab" outcome="ok" workspace_id="w6" tab_id="w6:t1"
2026-08-05T02:41:53.169147Z  INFO herdr::pane: agent changed pane=1 previous_agent=None agent=Some(Claude) process=claude pgid=Some(5447)
2026-08-05T02:41:59.822327Z  INFO herdr::logging: session saved event="persist.save" subsystem="persist" outcome="ok" path=/Users/oliver/.config/herdr/session.json workspaces=4
2026-08-05T02:52:58.295529Z  INFO herdr::logging: spawning pane terminal event="pane.spawn.start" subsystem="pane" outcome="started" pane_id=15 rows=57 cols=185 scrollback_limit_bytes=10000000
2026-08-05T02:52:58.300148Z  INFO herdr::logging: pane child spawned event="pane.spawned" subsystem="pane" outcome="ok" pane_id=15 pid=7731
2026-08-05T02:52:58.300358Z  INFO herdr::logging: tab renamed event="tab.rename" subsystem="tab" outcome="ok" workspace_id="w6" tab_id="w6:t9"
2026-08-05T02:52:58.300459Z  INFO herdr::logging: tab focused event="tab.focus" subsystem="tab" outcome="ok" workspace_id="w6" tab_id="w6:t9"
2026-08-05T02:53:02.383144Z  INFO herdr::pane: agent changed pane=15 previous_agent=None agent=Some(Claude) process=claude pgid=Some(7833)
2026-08-05T02:53:08.180500Z  INFO herdr::logging: session saved event="persist.save" subsystem="persist" outcome="ok" path=/Users/oliver/.config/herdr/session.json workspaces=4
2026-08-05T03:02:26.137304Z  INFO herdr::logging: tab focused event="tab.focus" subsystem="tab" outcome="ok" workspace_id="w6" tab_id="w6:t1"
2026-08-05T03:02:31.146591Z  INFO herdr::logging: session saved event="persist.save" subsystem="persist" outcome="ok" path=/Users/oliver/.config/herdr/session.json workspaces=4
2026-08-05T03:02:32.881057Z  INFO herdr::pane: agent changed pane=1 previous_agent=Some(Claude) agent=None pgid=Some(1245)
2026-08-05T03:02:35.907455Z  INFO herdr::pane: agent changed pane=1 previous_agent=None agent=Some(Claude) process=claude pgid=Some(5447)
2026-08-05T03:02:37.589572Z  INFO herdr::logging: session saved event="persist.save" subsystem="persist" outcome="ok" path=/Users/oliver/.config/herdr/session.json workspaces=4
2026-08-05T03:05:06.402674Z  INFO herdr::pane: agent changed pane=1 previous_agent=Some(Claude) agent=None pgid=Some(1245)
2026-08-05T03:05:31.696957Z  INFO herdr::pane: agent changed pane=1 previous_agent=None agent=Some(Claude) process=claude pgid=Some(8236)
2026-08-05T03:05:37.487759Z  INFO herdr::logging: session saved event="persist.save" subsystem="persist" outcome="ok" path=/Users/oliver/.config/herdr/session.json workspaces=4
2026-08-05T03:10:15.432609Z  INFO herdr::logging: tab focused event="tab.focus" subsystem="tab" outcome="ok" workspace_id="w6" tab_id="w6:t2"
2026-08-05T03:10:20.438616Z  INFO herdr::logging: session saved event="persist.save" subsystem="persist" outcome="ok" path=/Users/oliver/.config/herdr/session.json workspaces=4
2026-08-05T03:10:21.177861Z  INFO herdr::pane: agent changed pane=2 previous_agent=None agent=Some(Claude) process=claude pgid=Some(8366)
2026-08-05T03:10:22.495728Z  INFO herdr::logging: tab focused event="tab.focus" subsystem="tab" outcome="ok" workspace_id="w6" tab_id="w6:t1"
2026-08-05T03:10:24.599861Z  INFO herdr::pane: agent changed pane=1 previous_agent=Some(Claude) agent=None pgid=Some(1245)
2026-08-05T03:10:24.838349Z  INFO herdr::logging: tab focused event="tab.focus" subsystem="tab" outcome="ok" workspace_id="w6" tab_id="w6:t2"
2026-08-05T03:10:29.843724Z  INFO herdr::logging: session saved event="persist.save" subsystem="persist" outcome="ok" path=/Users/oliver/.config/herdr/session.json workspaces=4
2026-08-05T03:32:49.936408Z  INFO herdr::pane: agent changed pane=2 previous_agent=Some(Claude) agent=None pgid=Some(1246)
2026-08-05T03:32:54.636609Z  INFO herdr::logging: session saved event="persist.save" subsystem="persist" outcome="ok" path=/Users/oliver/.config/herdr/session.json workspaces=4
2026-08-05T03:32:55.997838Z  INFO herdr::pane: agent changed pane=2 previous_agent=None agent=Some(Claude) process=claude pgid=Some(8366)
2026-08-05T03:40:20.574884Z  INFO herdr::pane: agent changed pane=2 previous_agent=Some(Claude) agent=None pgid=Some(1246)
2026-08-05T03:56:22.558670Z  INFO herdr::server::headless: client resize client_id=2 cols=256 rows=73 cell_width_px=0 cell_height_px=0
2026-08-05T03:56:22.663531Z  INFO herdr::server::headless: client resize client_id=2 cols=300 rows=73 cell_width_px=0 cell_height_px=0
2026-08-05T04:06:08.008342Z  INFO herdr::logging: tab focused event="tab.focus" subsystem="tab" outcome="ok" workspace_id="w6" tab_id="w6:t4"
2026-08-05T04:06:08.921321Z  INFO herdr::logging: tab focused event="tab.focus" subsystem="tab" outcome="ok" workspace_id="w6" tab_id="w6:t2"
2026-08-05T04:06:13.924586Z  INFO herdr::logging: session saved event="persist.save" subsystem="persist" outcome="ok" path=/Users/oliver/.config/herdr/session.json workspaces=4
2026-08-05T04:06:20.205098Z  INFO herdr::logging: tab focused event="tab.focus" subsystem="tab" outcome="ok" workspace_id="w6" tab_id="w6:t4"
2026-08-05T04:06:23.987750Z  INFO herdr::logging: tab focused event="tab.focus" subsystem="tab" outcome="ok" workspace_id="w6" tab_id="w6:t2"
2026-08-05T04:06:27.623850Z  INFO herdr::logging: pane child exited event="pane.exit" subsystem="pane" outcome="completed" pane_id=2 status="ExitStatus { code: 1, signal: None }"
2026-08-05T04:06:28.152205Z  INFO herdr::pane: pane session terminated pane=2 pid=1246 signal=Kill
2026-08-05T04:06:28.152471Z  WARN herdr::app::actions: PaneDied for unknown pane pane=2
2026-08-05T04:06:30.710656Z  INFO herdr::logging: spawning pane terminal event="pane.spawn.start" subsystem="pane" outcome="started" pane_id=16 rows=72 cols=274 scrollback_limit_bytes=10000000
2026-08-05T04:06:30.716083Z  INFO herdr::logging: pane child spawned event="pane.spawned" subsystem="pane" outcome="ok" pane_id=16 pid=21106
2026-08-05T04:06:30.716353Z  INFO herdr::logging: tab renamed event="tab.rename" subsystem="tab" outcome="ok" workspace_id="w6" tab_id="w6:tA"
2026-08-05T04:06:30.716463Z  INFO herdr::logging: tab focused event="tab.focus" subsystem="tab" outcome="ok" workspace_id="w6" tab_id="w6:tA"
2026-08-05T04:06:31.605568Z  INFO herdr::logging: tab focused event="tab.focus" subsystem="tab" outcome="ok" workspace_id="w6" tab_id="w6:t9"
2026-08-05T04:06:36.613574Z  INFO herdr::logging: session saved event="persist.save" subsystem="persist" outcome="ok" path=/Users/oliver/.config/herdr/session.json workspaces=4
2026-08-05T04:06:37.061413Z  INFO herdr::pane: agent changed pane=15 previous_agent=Some(Claude) agent=None pgid=Some(7731)
2026-08-05T04:06:37.213992Z  INFO herdr::logging: tab focused event="tab.focus" subsystem="tab" outcome="ok" workspace_id="w6" tab_id="w6:t9"
2026-08-05T04:06:39.562931Z  INFO herdr::logging: pane child exited event="pane.exit" subsystem="pane" outcome="completed" pane_id=15 status="ExitStatus { code: 0, signal: None }"
2026-08-05T04:06:39.563508Z  INFO herdr::pane: pane session terminated pane=15 pid=7731 signal=Hangup
2026-08-05T04:06:40.226955Z  INFO herdr::logging: tab focused event="tab.focus" subsystem="tab" outcome="ok" workspace_id="w6" tab_id="w6:tA"
2026-08-05T04:06:45.232941Z  INFO herdr::logging: session saved event="persist.save" subsystem="persist" outcome="ok" path=/Users/oliver/.config/herdr/session.json workspaces=4
2026-08-05T04:30:25.717397Z  INFO herdr::server::headless: client resize client_id=2 cols=211 rows=58 cell_width_px=0 cell_height_px=0
2026-08-05T04:30:28.741384Z  INFO herdr::server::headless: client resize client_id=2 cols=300 rows=73 cell_width_px=0 cell_height_px=0
2026-08-05T04:51:27.783006Z  INFO herdr::pane: agent changed pane=16 previous_agent=None agent=Some(Claude) process=claude pgid=Some(36331)
2026-08-05T04:51:33.833774Z  INFO herdr::logging: session saved event="persist.save" subsystem="persist" outcome="ok" path=/Users/oliver/.config/herdr/session.json workspaces=4
2026-08-05T04:52:56.817568Z  INFO herdr::pane: agent changed pane=16 previous_agent=Some(Claude) agent=None pgid=Some(21106)
2026-08-05T04:52:58.841199Z  INFO herdr::pane: agent changed pane=16 previous_agent=None agent=Some(Claude) process=claude pgid=Some(36331)
2026-08-05T04:53:01.520273Z  INFO herdr::logging: session saved event="persist.save" subsystem="persist" outcome="ok" path=/Users/oliver/.config/herdr/session.json workspaces=4
2026-08-05T05:19:08.932972Z  INFO herdr::server::headless: client resize client_id=2 cols=211 rows=58 cell_width_px=0 cell_height_px=0
2026-08-05T05:19:11.949221Z  INFO herdr::server::headless: client resize client_id=2 cols=300 rows=73 cell_width_px=0 cell_height_px=0
2026-08-05T05:19:50.659622Z  INFO herdr::logging: session saved event="persist.save" subsystem="persist" outcome="ok" path=/Users/oliver/.config/herdr/session.json workspaces=4
2026-08-05T05:23:42.271448Z  INFO herdr::logging: spawning pane terminal event="pane.spawn.start" subsystem="pane" outcome="started" pane_id=17 rows=72 cols=274 scrollback_limit_bytes=10000000
2026-08-05T05:23:42.277063Z  INFO herdr::logging: pane child spawned event="pane.spawned" subsystem="pane" outcome="ok" pane_id=17 pid=38928
2026-08-05T05:23:42.277282Z  INFO herdr::logging: tab renamed event="tab.rename" subsystem="tab" outcome="ok" workspace_id="w6" tab_id="w6:tB"
2026-08-05T05:23:42.277379Z  INFO herdr::logging: tab focused event="tab.focus" subsystem="tab" outcome="ok" workspace_id="w6" tab_id="w6:tB"
2026-08-05T05:23:47.281104Z  INFO herdr::logging: session saved event="persist.save" subsystem="persist" outcome="ok" path=/Users/oliver/.config/herdr/session.json workspaces=4
2026-08-05T05:25:11.795305Z  INFO herdr::logging: tab focused event="tab.focus" subsystem="tab" outcome="ok" workspace_id="w6" tab_id="w6:tA"
2026-08-05T05:25:16.799801Z  INFO herdr::logging: session saved event="persist.save" subsystem="persist" outcome="ok" path=/Users/oliver/.config/herdr/session.json workspaces=4
2026-08-05T05:32:20.661894Z  INFO herdr::logging: tab focused event="tab.focus" subsystem="tab" outcome="ok" workspace_id="w6" tab_id="w6:t4"
2026-08-05T05:32:21.498132Z  INFO herdr::logging: tab focused event="tab.focus" subsystem="tab" outcome="ok" workspace_id="w6" tab_id="w6:t1"
2026-08-05T05:32:26.505777Z  INFO herdr::logging: session saved event="persist.save" subsystem="persist" outcome="ok" path=/Users/oliver/.config/herdr/session.json workspaces=4
2026-08-05T05:32:43.597710Z  INFO herdr::logging: tab focused event="tab.focus" subsystem="tab" outcome="ok" workspace_id="w6" tab_id="w6:tA"
2026-08-05T05:32:48.607220Z  INFO herdr::logging: session saved event="persist.save" subsystem="persist" outcome="ok" path=/Users/oliver/.config/herdr/session.json workspaces=4
2026-08-05T05:33:59.322115Z  INFO herdr::logging: tab focused event="tab.focus" subsystem="tab" outcome="ok" workspace_id="w6" tab_id="w6:t1"
2026-08-05T05:33:59.975864Z  INFO herdr::logging: tab focused event="tab.focus" subsystem="tab" outcome="ok" workspace_id="w6" tab_id="w6:tA"
2026-08-05T05:34:02.492546Z  INFO herdr::pane: agent changed pane=16 previous_agent=Some(Claude) agent=None pgid=Some(21106)
2026-08-05T05:34:07.191124Z  INFO herdr::logging: session saved event="persist.save" subsystem="persist" outcome="ok" path=/Users/oliver/.config/herdr/session.json workspaces=4
2026-08-05T05:40:07.278917Z  INFO herdr::pane: agent changed pane=16 previous_agent=None agent=Some(Claude) process=claude pgid=Some(43091)
2026-08-05T05:40:13.286964Z  INFO herdr::logging: session saved event="persist.save" subsystem="persist" outcome="ok" path=/Users/oliver/.config/herdr/session.json workspaces=4
2026-08-05T05:51:23.223880Z  INFO herdr::logging: tab focused event="tab.focus" subsystem="tab" outcome="ok" workspace_id="w6" tab_id="w6:tA"
2026-08-05T05:51:23.932424Z  INFO herdr::logging: tab focused event="tab.focus" subsystem="tab" outcome="ok" workspace_id="w6" tab_id="w6:t1"
2026-08-05T05:51:28.720461Z  INFO herdr::logging: tab focused event="tab.focus" subsystem="tab" outcome="ok" workspace_id="w6" tab_id="w6:tA"
2026-08-05T05:51:30.282344Z  INFO herdr::logging: spawning pane terminal event="pane.spawn.start" subsystem="pane" outcome="started" pane_id=18 rows=72 cols=274 scrollback_limit_bytes=10000000
2026-08-05T05:51:30.288006Z  INFO herdr::logging: pane child spawned event="pane.spawned" subsystem="pane" outcome="ok" pane_id=18 pid=45093
2026-08-05T05:51:30.288289Z  INFO herdr::logging: tab focused event="tab.focus" subsystem="tab" outcome="ok" workspace_id="w6" tab_id="w6:tA"
2026-08-05T05:51:35.290442Z  INFO herdr::logging: session saved event="persist.save" subsystem="persist" outcome="ok" path=/Users/oliver/.config/herdr/session.json workspaces=4
2026-08-05T05:52:25.853074Z  INFO herdr::logging: session saved event="persist.save" subsystem="persist" outcome="ok" path=/Users/oliver/.config/herdr/session.json workspaces=4
2026-08-05T05:54:02.175716Z  INFO herdr::logging: tab focused event="tab.focus" subsystem="tab" outcome="ok" workspace_id="w6" tab_id="w6:tA"
2026-08-05T05:54:07.185961Z  INFO herdr::logging: session saved event="persist.save" subsystem="persist" outcome="ok" path=/Users/oliver/.config/herdr/session.json workspaces=4
2026-08-05T05:54:08.628297Z  INFO herdr::logging: tab focused event="tab.focus" subsystem="tab" outcome="ok" workspace_id="w6" tab_id="w6:tA"
2026-08-05T05:54:13.633603Z  INFO herdr::logging: session saved event="persist.save" subsystem="persist" outcome="ok" path=/Users/oliver/.config/herdr/session.json workspaces=4
2026-08-05T06:00:45.049861Z  INFO herdr::logging: tab focused event="tab.focus" subsystem="tab" outcome="ok" workspace_id="w6" tab_id="w6:tA"
2026-08-05T06:00:50.059462Z  INFO herdr::logging: session saved event="persist.save" subsystem="persist" outcome="ok" path=/Users/oliver/.config/herdr/session.json workspaces=4
2026-08-05T06:01:12.483034Z  INFO herdr::logging: tab focused event="tab.focus" subsystem="tab" outcome="ok" workspace_id="w6" tab_id="w6:tA"
2026-08-05T06:01:17.490931Z  INFO herdr::logging: session saved event="persist.save" subsystem="persist" outcome="ok" path=/Users/oliver/.config/herdr/session.json workspaces=4
2026-08-05T06:01:47.387016Z  INFO herdr::logging: tab focused event="tab.focus" subsystem="tab" outcome="ok" workspace_id="w6" tab_id="w6:tA"
2026-08-05T06:01:50.099525Z  INFO herdr::logging: tab focused event="tab.focus" subsystem="tab" outcome="ok" workspace_id="w6" tab_id="w6:tA"
2026-08-05T06:01:54.426104Z  INFO herdr::app::actions: copied selection to clipboard
2026-08-05T06:01:55.104349Z  INFO herdr::logging: session saved event="persist.save" subsystem="persist" outcome="ok" path=/Users/oliver/.config/herdr/session.json workspaces=4
2026-08-05T06:01:55.733492Z  INFO herdr::logging: tab focused event="tab.focus" subsystem="tab" outcome="ok" workspace_id="w6" tab_id="w6:tA"
2026-08-05T06:02:00.738932Z  INFO herdr::logging: session saved event="persist.save" subsystem="persist" outcome="ok" path=/Users/oliver/.config/herdr/session.json workspaces=4
2026-08-05T06:02:15.232964Z  INFO herdr::logging: tab focused event="tab.focus" subsystem="tab" outcome="ok" workspace_id="w6" tab_id="w6:tA"
2026-08-05T06:02:17.239335Z  INFO herdr::logging: tab focused event="tab.focus" subsystem="tab" outcome="ok" workspace_id="w6" tab_id="w6:tA"
2026-08-05T06:02:22.241924Z  INFO herdr::logging: session saved event="persist.save" subsystem="persist" outcome="ok" path=/Users/oliver/.config/herdr/session.json workspaces=4
2026-08-05T06:03:10.509667Z  INFO herdr::logging: session saved event="persist.save" subsystem="persist" outcome="ok" path=/Users/oliver/.config/herdr/session.json workspaces=4
2026-08-05T06:03:58.929851Z  INFO herdr::logging: tab focused event="tab.focus" subsystem="tab" outcome="ok" workspace_id="w6" tab_id="w6:t1"
2026-08-05T06:04:01.237649Z  INFO herdr::pane: agent changed pane=1 previous_agent=None agent=Some(Claude) process=claude pgid=Some(47898)
2026-08-05T06:04:07.053061Z  INFO herdr::logging: session saved event="persist.save" subsystem="persist" outcome="ok" path=/Users/oliver/.config/herdr/session.json workspaces=4
2026-08-05T06:05:05.821919Z  INFO herdr::logging: tab focused event="tab.focus" subsystem="tab" outcome="ok" workspace_id="w6" tab_id="w6:tA"
2026-08-05T06:05:10.829492Z  INFO herdr::logging: session saved event="persist.save" subsystem="persist" outcome="ok" path=/Users/oliver/.config/herdr/session.json workspaces=4
2026-08-05T06:11:33.459779Z  INFO herdr::logging: tab focused event="tab.focus" subsystem="tab" outcome="ok" workspace_id="w6" tab_id="w6:t1"
2026-08-05T06:11:38.461914Z  INFO herdr::logging: session saved event="persist.save" subsystem="persist" outcome="ok" path=/Users/oliver/.config/herdr/session.json workspaces=4
2026-08-05T06:11:53.472694Z  INFO herdr::pane: agent changed pane=1 previous_agent=Some(Claude) agent=None pgid=Some(1245)
2026-08-05T06:11:58.174092Z  INFO herdr::logging: session saved event="persist.save" subsystem="persist" outcome="ok" path=/Users/oliver/.config/herdr/session.json workspaces=4
2026-08-05T06:12:25.637693Z  INFO herdr::logging: tab focused event="tab.focus" subsystem="tab" outcome="ok" workspace_id="w6" tab_id="w6:tA"
2026-08-05T06:12:30.255189Z  INFO herdr::logging: tab focused event="tab.focus" subsystem="tab" outcome="ok" workspace_id="w6" tab_id="w6:t1"
2026-08-05T06:12:35.259939Z  INFO herdr::logging: session saved event="persist.save" subsystem="persist" outcome="ok" path=/Users/oliver/.config/herdr/session.json workspaces=4
2026-08-05T06:14:56.165754Z  INFO herdr::pane: agent changed pane=1 previous_agent=None agent=Some(OpenCode) process=opencode pgid=Some(50917)
2026-08-05T06:14:57.346098Z  INFO herdr::pane: agent changed pane=1 previous_agent=None agent=Some(OpenCode) process=opencode pgid=Some(50917)
2026-08-05T06:15:02.290066Z  INFO herdr::logging: session saved event="persist.save" subsystem="persist" outcome="ok" path=/Users/oliver/.config/herdr/session.json workspaces=4
2026-08-05T06:15:08.285760Z  INFO herdr::pane: agent changed pane=1 previous_agent=Some(OpenCode) agent=None pgid=Some(1245)
2026-08-05T06:15:12.986012Z  INFO herdr::logging: session saved event="persist.save" subsystem="persist" outcome="ok" path=/Users/oliver/.config/herdr/session.json workspaces=4
2026-08-05T06:15:37.314448Z  INFO herdr::logging: tab focused event="tab.focus" subsystem="tab" outcome="ok" workspace_id="w6" tab_id="w6:tA"
2026-08-05T06:15:39.762367Z  INFO herdr::logging: tab focused event="tab.focus" subsystem="tab" outcome="ok" workspace_id="w6" tab_id="w6:tB"
2026-08-05T06:15:44.767618Z  INFO herdr::logging: session saved event="persist.save" subsystem="persist" outcome="ok" path=/Users/oliver/.config/herdr/session.json workspaces=4
2026-08-05T06:16:55.935484Z  INFO herdr::logging: tab focused event="tab.focus" subsystem="tab" outcome="ok" workspace_id="w6" tab_id="w6:tA"
2026-08-05T06:17:00.938262Z  INFO herdr::logging: session saved event="persist.save" subsystem="persist" outcome="ok" path=/Users/oliver/.config/herdr/session.json workspaces=4
2026-08-05T06:17:45.566038Z  INFO herdr::pane: agent changed pane=16 previous_agent=Some(Claude) agent=None pgid=Some(21106)
2026-08-05T06:17:49.129382Z  INFO herdr::logging: tab focused event="tab.focus" subsystem="tab" outcome="ok" workspace_id="w6" tab_id="w6:tA"
2026-08-05T06:17:54.136745Z  INFO herdr::logging: session saved event="persist.save" subsystem="persist" outcome="ok" path=/Users/oliver/.config/herdr/session.json workspaces=4
2026-08-05T06:29:47.342515Z  INFO herdr::logging: tab focused event="tab.focus" subsystem="tab" outcome="ok" workspace_id="w6" tab_id="w6:t1"
2026-08-05T06:29:52.347725Z  INFO herdr::logging: session saved event="persist.save" subsystem="persist" outcome="ok" path=/Users/oliver/.config/herdr/session.json workspaces=4
2026-08-05T06:35:20.827073Z  INFO herdr::logging: tab focused event="tab.focus" subsystem="tab" outcome="ok" workspace_id="w6" tab_id="w6:tA"
2026-08-05T06:35:25.834691Z  INFO herdr::logging: session saved event="persist.save" subsystem="persist" outcome="ok" path=/Users/oliver/.config/herdr/session.json workspaces=4
2026-08-05T06:35:26.597125Z  INFO herdr::logging: tab focused event="tab.focus" subsystem="tab" outcome="ok" workspace_id="w6" tab_id="w6:t1"
2026-08-05T06:35:28.584846Z  INFO herdr::logging: tab focused event="tab.focus" subsystem="tab" outcome="ok" workspace_id="w6" tab_id="w6:tA"
2026-08-05T06:35:33.589352Z  INFO herdr::logging: session saved event="persist.save" subsystem="persist" outcome="ok" path=/Users/oliver/.config/herdr/session.json workspaces=4
2026-08-05T06:36:03.715355Z  INFO herdr::logging: tab focused event="tab.focus" subsystem="tab" outcome="ok" workspace_id="w6" tab_id="w6:t1"
2026-08-05T06:36:08.723418Z  INFO herdr::logging: session saved event="persist.save" subsystem="persist" outcome="ok" path=/Users/oliver/.config/herdr/session.json workspaces=4
2026-08-05T06:38:26.211551Z  INFO herdr::logging: tab focused event="tab.focus" subsystem="tab" outcome="ok" workspace_id="w6" tab_id="w6:tB"
2026-08-05T06:38:31.218493Z  INFO herdr::logging: session saved event="persist.save" subsystem="persist" outcome="ok" path=/Users/oliver/.config/herdr/session.json workspaces=4
2026-08-05T06:39:46.449362Z  INFO herdr::logging: tab focused event="tab.focus" subsystem="tab" outcome="ok" workspace_id="w6" tab_id="w6:t1"
2026-08-05T06:39:51.457025Z  INFO herdr::logging: session saved event="persist.save" subsystem="persist" outcome="ok" path=/Users/oliver/.config/herdr/session.json workspaces=4
2026-08-05T06:40:00.552100Z  INFO herdr::logging: tab focused event="tab.focus" subsystem="tab" outcome="ok" workspace_id="w6" tab_id="w6:tB"
2026-08-05T06:40:05.558490Z  INFO herdr::logging: session saved event="persist.save" subsystem="persist" outcome="ok" path=/Users/oliver/.config/herdr/session.json workspaces=4
2026-08-05T06:40:11.635379Z  INFO herdr::logging: tab focused event="tab.focus" subsystem="tab" outcome="ok" workspace_id="w6" tab_id="w6:t1"
2026-08-05T06:40:16.639071Z  INFO herdr::logging: session saved event="persist.save" subsystem="persist" outcome="ok" path=/Users/oliver/.config/herdr/session.json workspaces=4
2026-08-05T06:42:01.907835Z  INFO herdr::logging: tab focused event="tab.focus" subsystem="tab" outcome="ok" workspace_id="w6" tab_id="w6:tA"
2026-08-05T06:42:08.413186Z  INFO herdr::logging: session saved event="persist.save" subsystem="persist" outcome="ok" path=/Users/oliver/.config/herdr/session.json workspaces=4
2026-08-05T06:43:59.423852Z  INFO herdr::logging: tab focused event="tab.focus" subsystem="tab" outcome="ok" workspace_id="w6" tab_id="w6:t1"
2026-08-05T06:44:04.428189Z  INFO herdr::logging: session saved event="persist.save" subsystem="persist" outcome="ok" path=/Users/oliver/.config/herdr/session.json workspaces=4
2026-08-05T06:45:01.437647Z  INFO herdr::logging: tab focused event="tab.focus" subsystem="tab" outcome="ok" workspace_id="w6" tab_id="w6:tA"
2026-08-05T06:45:06.444505Z  INFO herdr::logging: session saved event="persist.save" subsystem="persist" outcome="ok" path=/Users/oliver/.config/herdr/session.json workspaces=4
2026-08-05T06:46:15.107786Z  INFO herdr::logging: spawning pane terminal event="pane.spawn.start" subsystem="pane" outcome="started" pane_id=19 rows=72 cols=274 scrollback_limit_bytes=10000000
2026-08-05T06:46:15.114256Z  INFO herdr::logging: pane child spawned event="pane.spawned" subsystem="pane" outcome="ok" pane_id=19 pid=78028
2026-08-05T06:46:15.114535Z  INFO herdr::logging: tab renamed event="tab.rename" subsystem="tab" outcome="ok" workspace_id="w6" tab_id="w6:tC"
2026-08-05T06:46:15.114655Z  INFO herdr::logging: tab focused event="tab.focus" subsystem="tab" outcome="ok" workspace_id="w6" tab_id="w6:tC"
2026-08-05T06:46:20.118699Z  INFO herdr::logging: session saved event="persist.save" subsystem="persist" outcome="ok" path=/Users/oliver/.config/herdr/session.json workspaces=4
2026-08-05T06:46:29.854871Z  INFO herdr::logging: tab focused event="tab.focus" subsystem="tab" outcome="ok" workspace_id="w6" tab_id="w6:tA"
2026-08-05T06:46:34.858072Z  INFO herdr::logging: session saved event="persist.save" subsystem="persist" outcome="ok" path=/Users/oliver/.config/herdr/session.json workspaces=4
2026-08-05T06:48:14.532698Z  INFO herdr::logging: tab focused event="tab.focus" subsystem="tab" outcome="ok" workspace_id="w6" tab_id="w6:tC"
2026-08-05T06:48:17.138076Z  INFO herdr::logging: pane child exited event="pane.exit" subsystem="pane" outcome="completed" pane_id=19 status="ExitStatus { code: 0, signal: None }"
2026-08-05T06:48:17.138153Z  INFO herdr::pane: pane session terminated pane=19 pid=78028 signal=Hangup
2026-08-05T06:48:22.146037Z  INFO herdr::logging: session saved event="persist.save" subsystem="persist" outcome="ok" path=/Users/oliver/.config/herdr/session.json workspaces=4
2026-08-05T06:50:27.259598Z  INFO herdr::logging: tab focused event="tab.focus" subsystem="tab" outcome="ok" workspace_id="w6" tab_id="w6:tA"
2026-08-05T06:50:32.264578Z  INFO herdr::logging: session saved event="persist.save" subsystem="persist" outcome="ok" path=/Users/oliver/.config/herdr/session.json workspaces=4
2026-08-05T06:52:54.187835Z  INFO herdr::logging: spawning pane terminal event="pane.spawn.start" subsystem="pane" outcome="started" pane_id=20 rows=72 cols=274 scrollback_limit_bytes=10000000
2026-08-05T06:52:54.193926Z  INFO herdr::logging: pane child spawned event="pane.spawned" subsystem="pane" outcome="ok" pane_id=20 pid=86833
2026-08-05T06:52:54.194235Z  INFO herdr::logging: tab focused event="tab.focus" subsystem="tab" outcome="ok" workspace_id="w6" tab_id="w6:tD"
2026-08-05T06:52:59.200987Z  INFO herdr::logging: session saved event="persist.save" subsystem="persist" outcome="ok" path=/Users/oliver/.config/herdr/session.json workspaces=4
2026-08-05T06:53:06.100942Z  INFO herdr::logging: tab focused event="tab.focus" subsystem="tab" outcome="ok" workspace_id="w6" tab_id="w6:tA"
2026-08-05T06:53:11.107134Z  INFO herdr::logging: session saved event="persist.save" subsystem="persist" outcome="ok" path=/Users/oliver/.config/herdr/session.json workspaces=4
2026-08-05T06:53:40.714502Z  INFO herdr::logging: tab focused event="tab.focus" subsystem="tab" outcome="ok" workspace_id="w6" tab_id="w6:tA"
2026-08-05T06:53:45.723415Z  INFO herdr::logging: session saved event="persist.save" subsystem="persist" outcome="ok" path=/Users/oliver/.config/herdr/session.json workspaces=4
2026-08-05T06:54:31.661232Z  INFO herdr::logging: tab focused event="tab.focus" subsystem="tab" outcome="ok" workspace_id="w6" tab_id="w6:tA"
2026-08-05T06:54:36.667720Z  INFO herdr::logging: session saved event="persist.save" subsystem="persist" outcome="ok" path=/Users/oliver/.config/herdr/session.json workspaces=4
2026-08-05T06:55:19.241714Z  INFO herdr::logging: tab focused event="tab.focus" subsystem="tab" outcome="ok" workspace_id="w6" tab_id="w6:tA"
2026-08-05T06:55:23.601153Z  INFO herdr::logging: tab focused event="tab.focus" subsystem="tab" outcome="ok" workspace_id="w6" tab_id="w6:tA"
2026-08-05T06:55:28.604618Z  INFO herdr::logging: session saved event="persist.save" subsystem="persist" outcome="ok" path=/Users/oliver/.config/herdr/session.json workspaces=4
2026-08-05T06:55:51.834765Z  INFO herdr::logging: tab focused event="tab.focus" subsystem="tab" outcome="ok" workspace_id="w6" tab_id="w6:tA"
2026-08-05T06:55:56.401441Z  INFO herdr::logging: tab focused event="tab.focus" subsystem="tab" outcome="ok" workspace_id="w6" tab_id="w6:tA"
2026-08-05T06:56:01.406370Z  INFO herdr::logging: session saved event="persist.save" subsystem="persist" outcome="ok" path=/Users/oliver/.config/herdr/session.json workspaces=4
2026-08-05T06:56:37.078714Z  INFO herdr::logging: tab focused event="tab.focus" subsystem="tab" outcome="ok" workspace_id="w6" tab_id="w6:t4"
2026-08-05T06:56:38.452283Z  INFO herdr::logging: tab focused event="tab.focus" subsystem="tab" outcome="ok" workspace_id="w6" tab_id="w6:t4"
2026-08-05T06:56:39.129500Z  INFO herdr::logging: tab focused event="tab.focus" subsystem="tab" outcome="ok" workspace_id="w6" tab_id="w6:tA"
2026-08-05T06:56:39.918274Z  INFO herdr::logging: tab focused event="tab.focus" subsystem="tab" outcome="ok" workspace_id="w6" tab_id="w6:tA"
2026-08-05T06:56:44.924067Z  INFO herdr::logging: session saved event="persist.save" subsystem="persist" outcome="ok" path=/Users/oliver/.config/herdr/session.json workspaces=4
2026-08-05T06:56:49.442518Z  INFO herdr::logging: tab focused event="tab.focus" subsystem="tab" outcome="ok" workspace_id="w6" tab_id="w6:tA"
2026-08-05T06:56:54.449978Z  INFO herdr::logging: session saved event="persist.save" subsystem="persist" outcome="ok" path=/Users/oliver/.config/herdr/session.json workspaces=4
2026-08-05T06:57:16.318369Z  INFO herdr::logging: tab focused event="tab.focus" subsystem="tab" outcome="ok" workspace_id="w6" tab_id="w6:tA"
2026-08-05T06:57:20.751673Z  INFO herdr::logging: tab focused event="tab.focus" subsystem="tab" outcome="ok" workspace_id="w6" tab_id="w6:tA"
2026-08-05T06:57:25.757766Z  INFO herdr::logging: session saved event="persist.save" subsystem="persist" outcome="ok" path=/Users/oliver/.config/herdr/session.json workspaces=4
2026-08-05T06:57:38.123316Z  INFO herdr::app::actions: copied selection to clipboard
2026-08-05T06:58:19.585544Z  INFO herdr::logging: tab focused event="tab.focus" subsystem="tab" outcome="ok" workspace_id="w6" tab_id="w6:tA"
2026-08-05T06:58:22.035155Z  INFO herdr::logging: tab focused event="tab.focus" subsystem="tab" outcome="ok" workspace_id="w6" tab_id="w6:tA"
2026-08-05T06:58:27.040628Z  INFO herdr::logging: session saved event="persist.save" subsystem="persist" outcome="ok" path=/Users/oliver/.config/herdr/session.json workspaces=4
2026-08-05T07:01:43.639070Z  INFO herdr::logging: tab focused event="tab.focus" subsystem="tab" outcome="ok" workspace_id="w6" tab_id="w6:tA"
2026-08-05T07:01:46.972285Z  INFO herdr::logging: tab focused event="tab.focus" subsystem="tab" outcome="ok" workspace_id="w6" tab_id="w6:tA"
2026-08-05T07:01:51.976660Z  INFO herdr::logging: session saved event="persist.save" subsystem="persist" outcome="ok" path=/Users/oliver/.config/herdr/session.json workspaces=4
2026-08-05T07:02:42.772405Z  INFO herdr::app::actions: copied selection to clipboard
2026-08-05T07:03:04.505156Z  INFO herdr::logging: tab focused event="tab.focus" subsystem="tab" outcome="ok" workspace_id="w6" tab_id="w6:tA"
2026-08-05T07:03:09.512956Z  INFO herdr::logging: session saved event="persist.save" subsystem="persist" outcome="ok" path=/Users/oliver/.config/herdr/session.json workspaces=4
2026-08-05T07:03:11.257826Z  INFO herdr::logging: tab focused event="tab.focus" subsystem="tab" outcome="ok" workspace_id="w6" tab_id="w6:tA"
2026-08-05T07:03:16.266007Z  INFO herdr::logging: session saved event="persist.save" subsystem="persist" outcome="ok" path=/Users/oliver/.config/herdr/session.json workspaces=4
2026-08-05T07:06:49.768349Z  INFO herdr::logging: tab focused event="tab.focus" subsystem="tab" outcome="ok" workspace_id="w6" tab_id="w6:tA"
2026-08-05T07:06:52.487741Z  INFO herdr::logging: tab focused event="tab.focus" subsystem="tab" outcome="ok" workspace_id="w6" tab_id="w6:tA"
2026-08-05T07:06:57.494845Z  INFO herdr::logging: session saved event="persist.save" subsystem="persist" outcome="ok" path=/Users/oliver/.config/herdr/session.json workspaces=4
2026-08-05T07:10:54.921361Z  INFO herdr::logging: tab focused event="tab.focus" subsystem="tab" outcome="ok" workspace_id="w6" tab_id="w6:tA"
2026-08-05T07:10:55.930041Z  INFO herdr::pane: agent changed pane=16 previous_agent=None agent=Some(Claude) process=claude pgid=Some(43091)
2026-08-05T07:10:59.575123Z  INFO herdr::pane: agent changed pane=16 previous_agent=Some(Claude) agent=None pgid=Some(21106)
2026-08-05T07:10:59.928843Z  INFO herdr::logging: session saved event="persist.save" subsystem="persist" outcome="ok" path=/Users/oliver/.config/herdr/session.json workspaces=4
2026-08-05T07:11:06.645301Z  INFO herdr::pane: agent changed pane=16 previous_agent=None agent=Some(Claude) process=claude pgid=Some(4161)
2026-08-05T07:11:13.617867Z  INFO herdr::logging: session saved event="persist.save" subsystem="persist" outcome="ok" path=/Users/oliver/.config/herdr/session.json workspaces=4
2026-08-05T07:11:49.822209Z  INFO herdr::pane: agent changed pane=16 previous_agent=Some(Claude) agent=None pgid=Some(21106)
2026-08-05T07:11:52.851966Z  INFO herdr::pane: agent changed pane=16 previous_agent=None agent=Some(Claude) process=claude pgid=Some(4161)
2026-08-05T07:11:54.527520Z  INFO herdr::logging: session saved event="persist.save" subsystem="persist" outcome="ok" path=/Users/oliver/.config/herdr/session.json workspaces=4
2026-08-05T07:12:01.957184Z  INFO herdr::pane: agent changed pane=16 previous_agent=Some(Claude) agent=None pgid=Some(21106)
2026-08-05T07:12:02.959301Z  INFO herdr::logging: tab focused event="tab.focus" subsystem="tab" outcome="ok" workspace_id="w6" tab_id="w6:tA"
2026-08-05T07:12:03.592545Z  INFO herdr::logging: tab focused event="tab.focus" subsystem="tab" outcome="ok" workspace_id="w6" tab_id="w6:tB"
2026-08-05T07:12:08.599985Z  INFO herdr::logging: session saved event="persist.save" subsystem="persist" outcome="ok" path=/Users/oliver/.config/herdr/session.json workspaces=4
2026-08-05T07:12:19.697683Z  INFO herdr::logging: tab focused event="tab.focus" subsystem="tab" outcome="ok" workspace_id="w6" tab_id="w6:tA"
2026-08-05T07:12:21.314039Z  INFO herdr::logging: tab focused event="tab.focus" subsystem="tab" outcome="ok" workspace_id="w6" tab_id="w6:t1"
2026-08-05T07:12:26.318625Z  INFO herdr::logging: session saved event="persist.save" subsystem="persist" outcome="ok" path=/Users/oliver/.config/herdr/session.json workspaces=4
2026-08-05T07:12:43.069698Z  INFO herdr::logging: tab focused event="tab.focus" subsystem="tab" outcome="ok" workspace_id="w6" tab_id="w6:tA"
2026-08-05T07:12:46.767781Z  INFO herdr::logging: tab focused event="tab.focus" subsystem="tab" outcome="ok" workspace_id="w6" tab_id="w6:tA"
2026-08-05T07:12:51.774330Z  INFO herdr::logging: session saved event="persist.save" subsystem="persist" outcome="ok" path=/Users/oliver/.config/herdr/session.json workspaces=4
2026-08-05T07:15:18.576740Z  INFO herdr::logging: tab focused event="tab.focus" subsystem="tab" outcome="ok" workspace_id="w6" tab_id="w6:t1"
2026-08-05T07:15:19.568997Z  INFO herdr::logging: tab focused event="tab.focus" subsystem="tab" outcome="ok" workspace_id="w6" tab_id="w6:tA"
2026-08-05T07:15:20.103189Z  INFO herdr::logging: tab focused event="tab.focus" subsystem="tab" outcome="ok" workspace_id="w6" tab_id="w6:tA"
2026-08-05T07:15:21.027261Z  INFO herdr::logging: tab focused event="tab.focus" subsystem="tab" outcome="ok" workspace_id="w6" tab_id="w6:tA"
2026-08-05T07:15:22.032412Z  INFO herdr::logging: tab focused event="tab.focus" subsystem="tab" outcome="ok" workspace_id="w6" tab_id="w6:tA"
2026-08-05T07:15:26.587442Z  INFO herdr::logging: tab focused event="tab.focus" subsystem="tab" outcome="ok" workspace_id="w6" tab_id="w6:tA"
2026-08-05T07:15:31.593195Z  INFO herdr::logging: session saved event="persist.save" subsystem="persist" outcome="ok" path=/Users/oliver/.config/herdr/session.json workspaces=4
2026-08-05T07:15:33.492347Z  INFO herdr::logging: spawning pane terminal event="pane.spawn.start" subsystem="pane" outcome="started" pane_id=21 rows=22 cols=274 scrollback_limit_bytes=10000000
2026-08-05T07:15:33.497315Z  INFO herdr::logging: pane child spawned event="pane.spawned" subsystem="pane" outcome="ok" pane_id=21 pid=7878
2026-08-05T07:15:33.497571Z  INFO herdr::logging: tab focused event="tab.focus" subsystem="tab" outcome="ok" workspace_id="w6" tab_id="w6:tA"
2026-08-05T07:15:38.502270Z  INFO herdr::logging: session saved event="persist.save" subsystem="persist" outcome="ok" path=/Users/oliver/.config/herdr/session.json workspaces=4
2026-08-05T07:15:39.977287Z  INFO herdr::logging: tab focused event="tab.focus" subsystem="tab" outcome="ok" workspace_id="w6" tab_id="w6:tA"
2026-08-05T07:15:41.393909Z  INFO herdr::logging: tab focused event="tab.focus" subsystem="tab" outcome="ok" workspace_id="w6" tab_id="w6:tA"
2026-08-05T07:15:46.401177Z  INFO herdr::logging: session saved event="persist.save" subsystem="persist" outcome="ok" path=/Users/oliver/.config/herdr/session.json workspaces=4
2026-08-05T07:20:48.740819Z  INFO herdr::logging: tab focused event="tab.focus" subsystem="tab" outcome="ok" workspace_id="w6" tab_id="w6:tA"
2026-08-05T07:20:49.848391Z  INFO herdr::logging: tab focused event="tab.focus" subsystem="tab" outcome="ok" workspace_id="w6" tab_id="w6:tA"
2026-08-05T07:20:54.856403Z  INFO herdr::logging: session saved event="persist.save" subsystem="persist" outcome="ok" path=/Users/oliver/.config/herdr/session.json workspaces=4
2026-08-05T08:28:00.453250Z  INFO herdr::server::headless: client resize client_id=2 cols=300 rows=58 cell_width_px=0 cell_height_px=0
2026-08-05T08:28:00.540800Z  INFO herdr::server::headless: client resize client_id=2 cols=211 rows=58 cell_width_px=0 cell_height_px=0
2026-08-05T08:28:03.557162Z  INFO herdr::server::headless: client resize client_id=2 cols=300 rows=73 cell_width_px=0 cell_height_px=0
2026-08-05T08:28:05.218224Z  INFO herdr::server::headless: client resize client_id=2 cols=211 rows=58 cell_width_px=0 cell_height_px=0
2026-08-05T08:28:08.678409Z  INFO herdr::server::headless: client resize client_id=2 cols=300 rows=73 cell_width_px=0 cell_height_px=0
2026-08-05T08:31:17.711956Z  INFO herdr::logging: tab focused event="tab.focus" subsystem="tab" outcome="ok" workspace_id="w6" tab_id="w6:tA"
2026-08-05T08:31:18.340638Z  INFO herdr::logging: tab focused event="tab.focus" subsystem="tab" outcome="ok" workspace_id="w6" tab_id="w6:tA"
2026-08-05T08:31:19.908420Z  INFO herdr::logging: tab focused event="tab.focus" subsystem="tab" outcome="ok" workspace_id="w6" tab_id="w6:tA"
2026-08-05T08:31:21.857306Z  INFO herdr::logging: tab focused event="tab.focus" subsystem="tab" outcome="ok" workspace_id="w6" tab_id="w6:tA"
2026-08-05T08:31:26.864038Z  INFO herdr::logging: session saved event="persist.save" subsystem="persist" outcome="ok" path=/Users/oliver/.config/herdr/session.json workspaces=4
2026-08-05T08:33:40.091655Z  INFO herdr::logging: tab focused event="tab.focus" subsystem="tab" outcome="ok" workspace_id="w6" tab_id="w6:tA"
2026-08-05T08:33:44.786635Z  INFO herdr::logging: tab focused event="tab.focus" subsystem="tab" outcome="ok" workspace_id="w6" tab_id="w6:tA"
2026-08-05T08:33:49.792630Z  INFO herdr::logging: session saved event="persist.save" subsystem="persist" outcome="ok" path=/Users/oliver/.config/herdr/session.json workspaces=4
2026-08-05T08:35:28.158047Z  INFO herdr::logging: tab focused event="tab.focus" subsystem="tab" outcome="ok" workspace_id="w6" tab_id="w6:tA"
2026-08-05T08:35:30.393041Z  INFO herdr::logging: pane child exited event="pane.exit" subsystem="pane" outcome="completed" pane_id=21 status="ExitStatus { code: 0, signal: None }"
2026-08-05T08:35:30.393151Z  INFO herdr::pane: pane session terminated pane=21 pid=7878 signal=Hangup
2026-08-05T08:35:35.397114Z  INFO herdr::logging: session saved event="persist.save" subsystem="persist" outcome="ok" path=/Users/oliver/.config/herdr/session.json workspaces=4
2026-08-05T08:40:34.831815Z  INFO herdr::logging: tab focused event="tab.focus" subsystem="tab" outcome="ok" workspace_id="w6" tab_id="w6:tB"
2026-08-05T08:40:39.839833Z  INFO herdr::logging: session saved event="persist.save" subsystem="persist" outcome="ok" path=/Users/oliver/.config/herdr/session.json workspaces=4
2026-08-05T08:40:50.822629Z  INFO herdr::logging: tab focused event="tab.focus" subsystem="tab" outcome="ok" workspace_id="w6" tab_id="w6:tA"
2026-08-05T08:40:55.829294Z  INFO herdr::logging: session saved event="persist.save" subsystem="persist" outcome="ok" path=/Users/oliver/.config/herdr/session.json workspaces=4
2026-08-05T08:45:08.475266Z  INFO herdr::logging: tab focused event="tab.focus" subsystem="tab" outcome="ok" workspace_id="w6" tab_id="w6:tA"
2026-08-05T08:45:13.485969Z  INFO herdr::logging: session saved event="persist.save" subsystem="persist" outcome="ok" path=/Users/oliver/.config/herdr/session.json workspaces=4
2026-08-05T08:45:27.533266Z  INFO herdr::logging: tab focused event="tab.focus" subsystem="tab" outcome="ok" workspace_id="w6" tab_id="w6:tA"
2026-08-05T08:45:32.537341Z  INFO herdr::logging: session saved event="persist.save" subsystem="persist" outcome="ok" path=/Users/oliver/.config/herdr/session.json workspaces=4
2026-08-05T08:53:28.609028Z  INFO herdr::app::actions: copied double-clicked token to clipboard
2026-08-05T08:56:44.242181Z  INFO herdr::app::actions: copied double-clicked token to clipboard
2026-08-05T08:59:19.118545Z  INFO herdr::logging: tab focused event="tab.focus" subsystem="tab" outcome="ok" workspace_id="w6" tab_id="w6:tB"
2026-08-05T08:59:20.452408Z  INFO herdr::logging: tab focused event="tab.focus" subsystem="tab" outcome="ok" workspace_id="w6" tab_id="w6:tD"
2026-08-05T08:59:25.460090Z  INFO herdr::logging: session saved event="persist.save" subsystem="persist" outcome="ok" path=/Users/oliver/.config/herdr/session.json workspaces=4
2026-08-05T08:59:55.261304Z  INFO herdr::logging: tab focused event="tab.focus" subsystem="tab" outcome="ok" workspace_id="w6" tab_id="w6:tA"
2026-08-05T09:00:00.268277Z  INFO herdr::logging: session saved event="persist.save" subsystem="persist" outcome="ok" path=/Users/oliver/.config/herdr/session.json workspaces=4
2026-08-05T09:00:06.654060Z  INFO herdr::logging: tab focused event="tab.focus" subsystem="tab" outcome="ok" workspace_id="w6" tab_id="w6:tD"
2026-08-05T09:00:07.917461Z  INFO herdr::logging: tab focused event="tab.focus" subsystem="tab" outcome="ok" workspace_id="w6" tab_id="w6:tA"
2026-08-05T09:00:12.923908Z  INFO herdr::logging: session saved event="persist.save" subsystem="persist" outcome="ok" path=/Users/oliver/.config/herdr/session.json workspaces=4
2026-08-05T09:02:05.374875Z  INFO herdr::logging: tab focused event="tab.focus" subsystem="tab" outcome="ok" workspace_id="w6" tab_id="w6:tB"
2026-08-05T09:02:07.244506Z  INFO herdr::logging: tab focused event="tab.focus" subsystem="tab" outcome="ok" workspace_id="w6" tab_id="w6:tD"
2026-08-05T09:02:12.253050Z  INFO herdr::logging: session saved event="persist.save" subsystem="persist" outcome="ok" path=/Users/oliver/.config/herdr/session.json workspaces=4
2026-08-05T09:02:13.595390Z  INFO herdr::logging: tab focused event="tab.focus" subsystem="tab" outcome="ok" workspace_id="w6" tab_id="w6:tA"
2026-08-05T09:02:18.607921Z  INFO herdr::logging: session saved event="persist.save" subsystem="persist" outcome="ok" path=/Users/oliver/.config/herdr/session.json workspaces=4
2026-08-05T09:05:47.509268Z  INFO herdr::logging: tab focused event="tab.focus" subsystem="tab" outcome="ok" workspace_id="w6" tab_id="w6:t1"
2026-08-05T09:05:52.520073Z  INFO herdr::logging: session saved event="persist.save" subsystem="persist" outcome="ok" path=/Users/oliver/.config/herdr/session.json workspaces=4
2026-08-05T09:05:57.959777Z  INFO herdr::logging: tab focused event="tab.focus" subsystem="tab" outcome="ok" workspace_id="w6" tab_id="w6:tA"
2026-08-05T09:06:02.967966Z  INFO herdr::logging: session saved event="persist.save" subsystem="persist" outcome="ok" path=/Users/oliver/.config/herdr/session.json workspaces=4
2026-08-05T09:06:04.193602Z  INFO herdr::logging: tab focused event="tab.focus" subsystem="tab" outcome="ok" workspace_id="w6" tab_id="w6:t1"
2026-08-05T09:06:06.794174Z  INFO herdr::logging: tab focused event="tab.focus" subsystem="tab" outcome="ok" workspace_id="w6" tab_id="w6:tA"
2026-08-05T09:06:11.801447Z  INFO herdr::logging: session saved event="persist.save" subsystem="persist" outcome="ok" path=/Users/oliver/.config/herdr/session.json workspaces=4
2026-08-05T09:06:20.846822Z  INFO herdr::logging: tab focused event="tab.focus" subsystem="tab" outcome="ok" workspace_id="w6" tab_id="w6:t1"
2026-08-05T09:06:25.850639Z  INFO herdr::logging: session saved event="persist.save" subsystem="persist" outcome="ok" path=/Users/oliver/.config/herdr/session.json workspaces=4
2026-08-05T09:06:27.069405Z  INFO herdr::logging: tab focused event="tab.focus" subsystem="tab" outcome="ok" workspace_id="w6" tab_id="w6:tA"
2026-08-05T09:06:32.077016Z  INFO herdr::logging: session saved event="persist.save" subsystem="persist" outcome="ok" path=/Users/oliver/.config/herdr/session.json workspaces=4
2026-08-05T09:06:36.456998Z  INFO herdr::logging: tab focused event="tab.focus" subsystem="tab" outcome="ok" workspace_id="w6" tab_id="w6:t1"
2026-08-05T09:06:38.212671Z  INFO herdr::logging: tab focused event="tab.focus" subsystem="tab" outcome="ok" workspace_id="w6" tab_id="w6:tA"
2026-08-05T09:06:43.218006Z  INFO herdr::logging: session saved event="persist.save" subsystem="persist" outcome="ok" path=/Users/oliver/.config/herdr/session.json workspaces=4
2026-08-05T09:07:52.764691Z  INFO herdr::logging: tab focused event="tab.focus" subsystem="tab" outcome="ok" workspace_id="w6" tab_id="w6:tA"
2026-08-05T09:07:56.810918Z  INFO herdr::pane: agent changed pane=16 previous_agent=None agent=Some(Claude) process=claude pgid=Some(55085)
2026-08-05T09:08:02.586423Z  INFO herdr::logging: session saved event="persist.save" subsystem="persist" outcome="ok" path=/Users/oliver/.config/herdr/session.json workspaces=4
2026-08-05T09:12:12.162957Z  INFO herdr::logging: tab focused event="tab.focus" subsystem="tab" outcome="ok" workspace_id="w6" tab_id="w6:tA"
2026-08-05T09:12:17.171444Z  INFO herdr::logging: session saved event="persist.save" subsystem="persist" outcome="ok" path=/Users/oliver/.config/herdr/session.json workspaces=4
2026-08-05T09:12:48.212475Z  INFO herdr::logging: tab focused event="tab.focus" subsystem="tab" outcome="ok" workspace_id="w6" tab_id="w6:tA"
2026-08-05T09:12:58.221958Z  INFO herdr::logging: session saved event="persist.save" subsystem="persist" outcome="ok" path=/Users/oliver/.config/herdr/session.json workspaces=4
2026-08-05T09:26:56.009879Z  INFO herdr::server::headless: client resize client_id=2 cols=297 rows=73 cell_width_px=0 cell_height_px=0
2026-08-05T09:26:58.496314Z  INFO herdr::server::headless: client resize client_id=2 cols=300 rows=73 cell_width_px=0 cell_height_px=0
2026-08-05T09:30:06.479830Z  INFO herdr::pane: agent changed pane=16 previous_agent=Some(Claude) agent=None pgid=Some(21106)
2026-08-05T09:30:11.180427Z  INFO herdr::logging: session saved event="persist.save" subsystem="persist" outcome="ok" path=/Users/oliver/.config/herdr/session.json workspaces=4
2026-08-05T09:33:14.482606Z  INFO herdr::logging: pane child exited event="pane.exit" subsystem="pane" outcome="completed" pane_id=16 status="ExitStatus { code: 0, signal: None }"
2026-08-05T09:33:14.482887Z  INFO herdr::pane: pane session terminated pane=16 pid=21106 signal=Hangup
2026-08-05T09:33:19.493082Z  INFO herdr::logging: session saved event="persist.save" subsystem="persist" outcome="ok" path=/Users/oliver/.config/herdr/session.json workspaces=4
2026-08-05T09:36:33.656365Z  INFO herdr::pane: agent changed pane=18 previous_agent=None agent=Some(Claude) process=claude pgid=Some(67714)
2026-08-05T09:36:39.580432Z  INFO herdr::logging: session saved event="persist.save" subsystem="persist" outcome="ok" path=/Users/oliver/.config/herdr/session.json workspaces=4
2026-08-05T10:00:12.888469Z  INFO herdr::logging: tab focused event="tab.focus" subsystem="tab" outcome="ok" workspace_id="w6" tab_id="w6:t1"
2026-08-05T10:00:17.890841Z  INFO herdr::logging: session saved event="persist.save" subsystem="persist" outcome="ok" path=/Users/oliver/.config/herdr/session.json workspaces=4
2026-08-05T10:00:29.333211Z  INFO herdr::logging: tab focused event="tab.focus" subsystem="tab" outcome="ok" workspace_id="w6" tab_id="w6:tA"
2026-08-05T10:00:31.413229Z  INFO herdr::logging: tab focused event="tab.focus" subsystem="tab" outcome="ok" workspace_id="w6" tab_id="w6:t1"
2026-08-05T10:00:36.418421Z  INFO herdr::logging: session saved event="persist.save" subsystem="persist" outcome="ok" path=/Users/oliver/.config/herdr/session.json workspaces=4
2026-08-05T10:01:00.020250Z  INFO herdr::pane: agent changed pane=1 previous_agent=None agent=Some(Claude) process=claude pgid=Some(71058)
2026-08-05T10:01:05.974107Z  INFO herdr::logging: session saved event="persist.save" subsystem="persist" outcome="ok" path=/Users/oliver/.config/herdr/session.json workspaces=4
2026-08-05T10:04:33.981758Z  INFO herdr::logging: tab focused event="tab.focus" subsystem="tab" outcome="ok" workspace_id="w6" tab_id="w6:tA"
2026-08-05T10:04:38.991014Z  INFO herdr::logging: session saved event="persist.save" subsystem="persist" outcome="ok" path=/Users/oliver/.config/herdr/session.json workspaces=4
2026-08-05T10:07:53.978499Z  INFO herdr::logging: tab focused event="tab.focus" subsystem="tab" outcome="ok" workspace_id="w6" tab_id="w6:t1"
2026-08-05T10:07:58.985071Z  INFO herdr::logging: session saved event="persist.save" subsystem="persist" outcome="ok" path=/Users/oliver/.config/herdr/session.json workspaces=4
2026-08-05T10:08:08.577845Z  INFO herdr::logging: tab focused event="tab.focus" subsystem="tab" outcome="ok" workspace_id="w6" tab_id="w6:tA"
2026-08-05T10:08:13.586048Z  INFO herdr::logging: session saved event="persist.save" subsystem="persist" outcome="ok" path=/Users/oliver/.config/herdr/session.json workspaces=4
2026-08-05T10:08:27.594617Z  INFO herdr::logging: tab focused event="tab.focus" subsystem="tab" outcome="ok" workspace_id="w6" tab_id="w6:t1"
2026-08-05T10:08:32.602429Z  INFO herdr::logging: session saved event="persist.save" subsystem="persist" outcome="ok" path=/Users/oliver/.config/herdr/session.json workspaces=4
2026-08-05T10:08:33.822408Z  INFO herdr::pane: agent changed pane=1 previous_agent=Some(Claude) agent=None pgid=Some(1245)
2026-08-05T10:08:38.526651Z  INFO herdr::logging: session saved event="persist.save" subsystem="persist" outcome="ok" path=/Users/oliver/.config/herdr/session.json workspaces=4
2026-08-05T10:09:15.478061Z  INFO herdr::app::actions: copied selection to clipboard
2026-08-05T10:09:17.171895Z  INFO herdr::pane: agent changed pane=1 previous_agent=None agent=Some(Claude) process=claude pgid=Some(71058)
2026-08-05T10:11:02.818055Z  INFO herdr::logging: tab focused event="tab.focus" subsystem="tab" outcome="ok" workspace_id="w6" tab_id="w6:tA"
2026-08-05T10:11:03.933200Z  INFO herdr::logging: tab focused event="tab.focus" subsystem="tab" outcome="ok" workspace_id="w6" tab_id="w6:t1"
2026-08-05T10:11:08.940034Z  INFO herdr::logging: session saved event="persist.save" subsystem="persist" outcome="ok" path=/Users/oliver/.config/herdr/session.json workspaces=4
2026-08-05T10:58:11.852946Z  INFO herdr::server::headless: client resize client_id=2 cols=300 rows=58 cell_width_px=0 cell_height_px=0
2026-08-05T10:58:11.992171Z  INFO herdr::server::headless: client resize client_id=2 cols=211 rows=58 cell_width_px=0 cell_height_px=0
2026-08-05T10:58:15.018901Z  INFO herdr::server::headless: client resize client_id=2 cols=300 rows=73 cell_width_px=0 cell_height_px=0
2026-08-05T10:58:49.427817Z  INFO herdr::logging: tab focused event="tab.focus" subsystem="tab" outcome="ok" workspace_id="w6" tab_id="w6:tA"
2026-08-05T10:58:50.094592Z  INFO herdr::logging: tab focused event="tab.focus" subsystem="tab" outcome="ok" workspace_id="w6" tab_id="w6:t1"
2026-08-05T10:58:52.427736Z  INFO herdr::logging: tab focused event="tab.focus" subsystem="tab" outcome="ok" workspace_id="w6" tab_id="w6:tA"
2026-08-05T10:58:57.435804Z  INFO herdr::logging: session saved event="persist.save" subsystem="persist" outcome="ok" path=/Users/oliver/.config/herdr/session.json workspaces=4
2026-08-05T10:59:10.292442Z  INFO herdr::pane: agent changed pane=18 previous_agent=Some(Claude) agent=None pgid=Some(45093)
2026-08-05T10:59:14.989785Z  INFO herdr::logging: session saved event="persist.save" subsystem="persist" outcome="ok" path=/Users/oliver/.config/herdr/session.json workspaces=4
2026-08-05T10:59:26.970811Z  INFO herdr::pane: agent changed pane=18 previous_agent=None agent=Some(Claude) process=claude pgid=Some(67714)
2026-08-05T11:00:50.827036Z  INFO herdr::logging: tab focused event="tab.focus" subsystem="tab" outcome="ok" workspace_id="w6" tab_id="w6:t1"
2026-08-05T11:00:55.832326Z  INFO herdr::logging: session saved event="persist.save" subsystem="persist" outcome="ok" path=/Users/oliver/.config/herdr/session.json workspaces=4
2026-08-05T11:52:24.619106Z  INFO herdr::server::headless: client resize client_id=2 cols=211 rows=58 cell_width_px=0 cell_height_px=0
2026-08-05T11:52:27.774599Z  INFO herdr::server::headless: client resize client_id=2 cols=300 rows=73 cell_width_px=0 cell_height_px=0
2026-08-05T11:52:54.233702Z  INFO herdr::logging: tab focused event="tab.focus" subsystem="tab" outcome="ok" workspace_id="w6" tab_id="w6:tA"
2026-08-05T11:52:59.241575Z  INFO herdr::logging: session saved event="persist.save" subsystem="persist" outcome="ok" path=/Users/oliver/.config/herdr/session.json workspaces=4
2026-08-05T11:53:17.108220Z  INFO herdr::pane: agent changed pane=18 previous_agent=Some(Claude) agent=None pgid=Some(45093)
2026-08-05T11:53:41.504250Z  INFO herdr::app::actions: copied selection to clipboard
2026-08-05T11:58:56.733252Z  INFO herdr::pane: agent changed pane=18 previous_agent=None agent=Some(Claude) process=claude pgid=Some(67714)
2026-08-05T11:59:47.322127Z  INFO herdr::pane: agent changed pane=18 previous_agent=Some(Claude) agent=None pgid=Some(45093)
2026-08-05T11:59:48.842028Z  INFO herdr::pane: agent changed pane=18 previous_agent=None agent=Some(Claude) process=claude pgid=Some(67714)
2026-08-05T11:59:50.362473Z  INFO herdr::pane: agent changed pane=18 previous_agent=Some(Claude) agent=None pgid=Some(45093)
2026-08-05T12:00:09.563954Z  INFO herdr::pane: agent changed pane=18 previous_agent=None agent=Some(Claude) process=claude pgid=Some(67714)
2026-08-05T12:01:16.994505Z  INFO herdr::logging: tab focused event="tab.focus" subsystem="tab" outcome="ok" workspace_id="w6" tab_id="w6:t1"
2026-08-05T12:01:22.001530Z  INFO herdr::logging: session saved event="persist.save" subsystem="persist" outcome="ok" path=/Users/oliver/.config/herdr/session.json workspaces=4
2026-08-05T12:01:31.633838Z  INFO herdr::logging: workspace focused event="workspace.focus" subsystem="workspace" outcome="ok" workspace_id="w7"
2026-08-05T12:01:31.634047Z  INFO herdr::logging: tab focused event="tab.focus" subsystem="tab" outcome="ok" workspace_id="w7" tab_id="w7:t1"
2026-08-05T12:01:36.636376Z  INFO herdr::logging: session saved event="persist.save" subsystem="persist" outcome="ok" path=/Users/oliver/.config/herdr/session.json workspaces=4
2026-08-05T12:03:35.730274Z  WARN herdr::config::keybinds: config diagnostic invalid keybinding: keys.focus_agent = "prefix-alt+1..9"; disabling binding
2026-08-05T12:03:35.730652Z  WARN herdr::config::keybinds: config diagnostic invalid keybinding: keys.focus_agent = "prefix-alt+1..9"; disabling binding
2026-08-05T12:03:39.578694Z  INFO herdr::logging: tab focused event="tab.focus" subsystem="tab" outcome="ok" workspace_id="w7" tab_id="w7:t3"
2026-08-05T12:03:40.458412Z  INFO herdr::logging: tab focused event="tab.focus" subsystem="tab" outcome="ok" workspace_id="w7" tab_id="w7:t1"
2026-08-05T12:03:45.460858Z  INFO herdr::logging: session saved event="persist.save" subsystem="persist" outcome="ok" path=/Users/oliver/.config/herdr/session.json workspaces=4
2026-08-05T12:04:00.795013Z  INFO herdr::logging: workspace focused event="workspace.focus" subsystem="workspace" outcome="ok" workspace_id="w6"
2026-08-05T12:04:00.795108Z  INFO herdr::logging: tab focused event="tab.focus" subsystem="tab" outcome="ok" workspace_id="w6" tab_id="w6:t1"
2026-08-05T12:04:02.044515Z  INFO herdr::logging: tab focused event="tab.focus" subsystem="tab" outcome="ok" workspace_id="w6" tab_id="w6:tA"
2026-08-05T12:04:07.051373Z  INFO herdr::logging: session saved event="persist.save" subsystem="persist" outcome="ok" path=/Users/oliver/.config/herdr/session.json workspaces=4
2026-08-05T12:04:15.765134Z  INFO herdr::pane: agent changed pane=18 previous_agent=Some(Claude) agent=None pgid=Some(45093)
2026-08-05T12:06:12.224828Z  INFO herdr::logging: tab focused event="tab.focus" subsystem="tab" outcome="ok" workspace_id="w6" tab_id="w6:t1"
2026-08-05T12:06:17.020463Z  INFO herdr::logging: tab focused event="tab.focus" subsystem="tab" outcome="ok" workspace_id="w6" tab_id="w6:t4"
2026-08-05T12:06:17.907599Z  INFO herdr::logging: tab focused event="tab.focus" subsystem="tab" outcome="ok" workspace_id="w6" tab_id="w6:tA"
2026-08-05T12:06:22.908672Z  INFO herdr::logging: session saved event="persist.save" subsystem="persist" outcome="ok" path=/Users/oliver/.config/herdr/session.json workspaces=4
2026-08-05T12:06:34.578249Z  INFO herdr::pane: agent changed pane=18 previous_agent=None agent=Some(Claude) process=claude pgid=Some(67714)
2026-08-05T12:06:39.735415Z  INFO herdr::pane: agent changed pane=18 previous_agent=Some(Claude) agent=None pgid=Some(45093)
2026-08-05T12:14:59.571796Z  INFO herdr::logging: tab focused event="tab.focus" subsystem="tab" outcome="ok" workspace_id="w6" tab_id="w6:t1"
2026-08-05T12:15:04.582793Z  INFO herdr::logging: session saved event="persist.save" subsystem="persist" outcome="ok" path=/Users/oliver/.config/herdr/session.json workspaces=4
2026-08-05T12:15:24.603407Z  INFO herdr::logging: tab focused event="tab.focus" subsystem="tab" outcome="ok" workspace_id="w6" tab_id="w6:tA"
2026-08-05T12:15:29.610282Z  INFO herdr::logging: session saved event="persist.save" subsystem="persist" outcome="ok" path=/Users/oliver/.config/herdr/session.json workspaces=4
2026-08-05T12:18:36.535190Z  INFO herdr::logging: tab focused event="tab.focus" subsystem="tab" outcome="ok" workspace_id="w6" tab_id="w6:t1"
2026-08-05T12:18:41.542465Z  INFO herdr::logging: session saved event="persist.save" subsystem="persist" outcome="ok" path=/Users/oliver/.config/herdr/session.json workspaces=4
2026-08-05T13:37:22.092681Z  INFO herdr::server::headless: client resize client_id=2 cols=300 rows=58 cell_width_px=0 cell_height_px=0
2026-08-05T13:37:22.162158Z  INFO herdr::server::headless: client resize client_id=2 cols=211 rows=58 cell_width_px=0 cell_height_px=0
2026-08-05T13:37:25.125280Z  INFO herdr::server::headless: client resize client_id=2 cols=300 rows=73 cell_width_px=0 cell_height_px=0
2026-08-05T13:37:58.773077Z  INFO herdr::logging: tab focused event="tab.focus" subsystem="tab" outcome="ok" workspace_id="w6" tab_id="w6:tD"
2026-08-05T13:38:03.783464Z  INFO herdr::logging: session saved event="persist.save" subsystem="persist" outcome="ok" path=/Users/oliver/.config/herdr/session.json workspaces=4
2026-08-05T13:38:08.612400Z  INFO herdr::pane: agent changed pane=20 previous_agent=None agent=Some(Claude) process=claude pgid=Some(163)
2026-08-05T13:38:14.636646Z  INFO herdr::logging: session saved event="persist.save" subsystem="persist" outcome="ok" path=/Users/oliver/.config/herdr/session.json workspaces=4
2026-08-05T13:41:34.155559Z  INFO herdr::pane: agent changed pane=20 previous_agent=Some(Claude) agent=None pgid=Some(86833)
2026-08-05T13:41:38.859714Z  INFO herdr::logging: session saved event="persist.save" subsystem="persist" outcome="ok" path=/Users/oliver/.config/herdr/session.json workspaces=4
2026-08-05T13:47:54.879279Z  INFO herdr::logging: pane child exited event="pane.exit" subsystem="pane" outcome="completed" pane_id=20 status="ExitStatus { code: 0, signal: None }"
2026-08-05T13:47:54.879644Z  INFO herdr::pane: pane session terminated pane=20 pid=86833 signal=Hangup
2026-08-05T13:47:55.682755Z  INFO herdr::logging: tab focused event="tab.focus" subsystem="tab" outcome="ok" workspace_id="w6" tab_id="w6:t1"
2026-08-05T13:47:57.611230Z  INFO herdr::pane: agent changed pane=1 previous_agent=Some(Claude) agent=None pgid=Some(1245)
2026-08-05T13:48:00.693092Z  INFO herdr::logging: session saved event="persist.save" subsystem="persist" outcome="ok" path=/Users/oliver/.config/herdr/session.json workspaces=4
2026-08-05T13:48:03.681864Z  INFO herdr::pane: agent changed pane=1 previous_agent=None agent=Some(Claude) process=claude pgid=Some(71058)
2026-08-05T14:30:30.376765Z  INFO herdr::server::headless: client resize client_id=2 cols=211 rows=58 cell_width_px=0 cell_height_px=0
2026-08-05T14:30:33.378426Z  INFO herdr::server::headless: client resize client_id=2 cols=300 rows=73 cell_width_px=0 cell_height_px=0
2026-08-05T14:30:37.577012Z  INFO herdr::server::headless: client resize client_id=2 cols=300 rows=58 cell_width_px=0 cell_height_px=0
2026-08-05T14:30:37.672715Z  INFO herdr::server::headless: client resize client_id=2 cols=211 rows=58 cell_width_px=0 cell_height_px=0
2026-08-05T14:49:54.118974Z  INFO herdr::logging: tab focused event="tab.focus" subsystem="tab" outcome="ok" workspace_id="w6" tab_id="w6:tA"
2026-08-05T14:49:59.130912Z  INFO herdr::logging: session saved event="persist.save" subsystem="persist" outcome="ok" path=/Users/oliver/.config/herdr/session.json workspaces=4
2026-08-05T14:50:32.026318Z  INFO herdr::logging: tab focused event="tab.focus" subsystem="tab" outcome="ok" workspace_id="w6" tab_id="w6:t1"
2026-08-05T14:50:37.040493Z  INFO herdr::logging: session saved event="persist.save" subsystem="persist" outcome="ok" path=/Users/oliver/.config/herdr/session.json workspaces=4
2026-08-05T14:52:10.486134Z  INFO herdr::logging: spawning pane terminal event="pane.spawn.start" subsystem="pane" outcome="started" pane_id=22 rows=57 cols=185 scrollback_limit_bytes=10000000
2026-08-05T14:52:10.496652Z  INFO herdr::logging: pane child spawned event="pane.spawned" subsystem="pane" outcome="ok" pane_id=22 pid=12901
2026-08-05T14:52:10.496928Z  INFO herdr::logging: tab focused event="tab.focus" subsystem="tab" outcome="ok" workspace_id="w6" tab_id="w6:t1"
2026-08-05T14:52:15.501485Z  INFO herdr::logging: session saved event="persist.save" subsystem="persist" outcome="ok" path=/Users/oliver/.config/herdr/session.json workspaces=4
2026-08-05T14:59:13.006373Z  INFO herdr::logging: session saved event="persist.save" subsystem="persist" outcome="ok" path=/Users/oliver/.config/herdr/session.json workspaces=4
2026-08-05T15:01:45.784663Z  INFO herdr::logging: spawning pane terminal event="pane.spawn.start" subsystem="pane" outcome="started" pane_id=23 rows=14 cols=185 scrollback_limit_bytes=10000000
2026-08-05T15:01:45.792664Z  INFO herdr::logging: pane child spawned event="pane.spawned" subsystem="pane" outcome="ok" pane_id=23 pid=14230
2026-08-05T15:01:45.792926Z  INFO herdr::logging: tab renamed event="tab.rename" subsystem="tab" outcome="ok" workspace_id="w6" tab_id="w6:tE"
2026-08-05T15:01:45.793063Z  INFO herdr::logging: tab focused event="tab.focus" subsystem="tab" outcome="ok" workspace_id="w6" tab_id="w6:tE"
2026-08-05T15:01:50.802386Z  INFO herdr::logging: session saved event="persist.save" subsystem="persist" outcome="ok" path=/Users/oliver/.config/herdr/session.json workspaces=4
2026-08-05T15:02:40.915763Z  INFO herdr::logging: pane child exited event="pane.exit" subsystem="pane" outcome="completed" pane_id=23 status="ExitStatus { code: 0, signal: None }"
2026-08-05T15:02:40.915857Z  INFO herdr::pane: pane session terminated pane=23 pid=14230 signal=Hangup
2026-08-05T15:02:42.764989Z  INFO herdr::logging: tab focused event="tab.focus" subsystem="tab" outcome="ok" workspace_id="w6" tab_id="w6:tA"
2026-08-05T15:02:43.606775Z  INFO herdr::logging: tab focused event="tab.focus" subsystem="tab" outcome="ok" workspace_id="w6" tab_id="w6:t1"
2026-08-05T15:02:48.611793Z  INFO herdr::logging: session saved event="persist.save" subsystem="persist" outcome="ok" path=/Users/oliver/.config/herdr/session.json workspaces=4
2026-08-05T15:08:52.265346Z  INFO herdr::logging: tab focused event="tab.focus" subsystem="tab" outcome="ok" workspace_id="w6" tab_id="w6:t1"
2026-08-05T15:08:57.843271Z  INFO herdr::logging: session saved event="persist.save" subsystem="persist" outcome="ok" path=/Users/oliver/.config/herdr/session.json workspaces=4
2026-08-05T15:09:43.785444Z  INFO herdr::pane: agent changed pane=1 previous_agent=Some(Claude) agent=None pgid=Some(1245)
2026-08-05T15:14:17.975619Z  INFO herdr::logging: tab focused event="tab.focus" subsystem="tab" outcome="ok" workspace_id="w6" tab_id="w6:t1"
2026-08-05T15:14:23.706158Z  INFO herdr::logging: session saved event="persist.save" subsystem="persist" outcome="ok" path=/Users/oliver/.config/herdr/session.json workspaces=4
2026-08-05T15:21:11.339890Z  INFO herdr::logging: tab focused event="tab.focus" subsystem="tab" outcome="ok" workspace_id="w6" tab_id="w6:tA"
2026-08-05T15:21:16.354195Z  INFO herdr::logging: session saved event="persist.save" subsystem="persist" outcome="ok" path=/Users/oliver/.config/herdr/session.json workspaces=4
2026-08-05T15:21:21.178763Z  INFO herdr::logging: tab focused event="tab.focus" subsystem="tab" outcome="ok" workspace_id="w6" tab_id="w6:t1"
2026-08-05T15:21:23.010435Z  INFO herdr::logging: tab focused event="tab.focus" subsystem="tab" outcome="ok" workspace_id="w6" tab_id="w6:tA"
2026-08-05T15:21:28.020029Z  INFO herdr::logging: session saved event="persist.save" subsystem="persist" outcome="ok" path=/Users/oliver/.config/herdr/session.json workspaces=4
2026-08-06T01:20:56.104790Z  INFO herdr::logging: tab focused event="tab.focus" subsystem="tab" outcome="ok" workspace_id="w6" tab_id="w6:t1"
2026-08-06T01:20:58.833642Z  INFO herdr::logging: tab focused event="tab.focus" subsystem="tab" outcome="ok" workspace_id="w6" tab_id="w6:t4"
2026-08-06T01:21:01.569028Z  INFO herdr::logging: tab focused event="tab.focus" subsystem="tab" outcome="ok" workspace_id="w6" tab_id="w6:t1"
2026-08-06T01:21:06.573644Z  INFO herdr::logging: session saved event="persist.save" subsystem="persist" outcome="ok" path=/Users/oliver/.config/herdr/session.json workspaces=4
2026-08-06T01:21:08.880877Z  INFO herdr::logging: tab focused event="tab.focus" subsystem="tab" outcome="ok" workspace_id="w6" tab_id="w6:t4"
2026-08-06T01:21:13.886870Z  INFO herdr::logging: session saved event="persist.save" subsystem="persist" outcome="ok" path=/Users/oliver/.config/herdr/session.json workspaces=4
2026-08-06T01:21:26.785752Z  INFO herdr::pane: agent changed pane=3 previous_agent=None agent=Some(Claude) process=claude pgid=Some(28037)
2026-08-06T01:21:32.766650Z  INFO herdr::logging: session saved event="persist.save" subsystem="persist" outcome="ok" path=/Users/oliver/.config/herdr/session.json workspaces=4
2026-08-06T01:21:49.316680Z  INFO herdr::logging: session saved event="persist.save" subsystem="persist" outcome="ok" path=/Users/oliver/.config/herdr/session.json workspaces=4
2026-08-06T01:22:02.367672Z  INFO herdr::logging: session saved event="persist.save" subsystem="persist" outcome="ok" path=/Users/oliver/.config/herdr/session.json workspaces=4
2026-08-06T01:22:03.518706Z  INFO herdr::logging: tab focused event="tab.focus" subsystem="tab" outcome="ok" workspace_id="w6" tab_id="w6:tA"
2026-08-06T01:22:05.404501Z  INFO herdr::logging: tab focused event="tab.focus" subsystem="tab" outcome="ok" workspace_id="w6" tab_id="w6:t1"
2026-08-06T01:22:09.412098Z  INFO herdr::logging: tab focused event="tab.focus" subsystem="tab" outcome="ok" workspace_id="w6" tab_id="w6:t1"
2026-08-06T01:22:10.539471Z  INFO herdr::pane: agent changed pane=1 previous_agent=None agent=Some(Claude) process=claude pgid=Some(71058)
2026-08-06T01:22:11.532159Z  INFO herdr::logging: tab focused event="tab.focus" subsystem="tab" outcome="ok" workspace_id="w6" tab_id="w6:t1"
2026-08-06T01:22:12.841695Z  INFO herdr::logging: tab focused event="tab.focus" subsystem="tab" outcome="ok" workspace_id="w6" tab_id="w6:t1"
2026-08-06T01:22:13.569483Z  INFO herdr::pane: agent changed pane=1 previous_agent=Some(Claude) agent=None pgid=Some(1245)
2026-08-06T01:22:14.574378Z  INFO herdr::pane: agent changed pane=1 previous_agent=None agent=Some(Claude) process=claude pgid=Some(71058)
2026-08-06T01:22:20.544770Z  INFO herdr::logging: session saved event="persist.save" subsystem="persist" outcome="ok" path=/Users/oliver/.config/herdr/session.json workspaces=4
2026-08-06T01:23:08.472332Z  INFO herdr::logging: tab focused event="tab.focus" subsystem="tab" outcome="ok" workspace_id="w6" tab_id="w6:tA"
2026-08-06T01:23:11.745645Z  INFO herdr::pane: agent changed pane=18 previous_agent=None agent=Some(Claude) process=claude pgid=Some(29387)
2026-08-06T01:23:17.508378Z  INFO herdr::logging: session saved event="persist.save" subsystem="persist" outcome="ok" path=/Users/oliver/.config/herdr/session.json workspaces=4
2026-08-06T01:23:40.659942Z  INFO herdr::pane: agent changed pane=18 previous_agent=Some(Claude) agent=None pgid=Some(45093)
2026-08-06T01:23:45.359273Z  INFO herdr::logging: session saved event="persist.save" subsystem="persist" outcome="ok" path=/Users/oliver/.config/herdr/session.json workspaces=4
2026-08-06T01:23:46.198982Z  INFO herdr::pane: agent changed pane=18 previous_agent=None agent=Some(Claude) process=claude pgid=Some(29387)
2026-08-06T01:24:34.093209Z  INFO herdr::logging: tab focused event="tab.focus" subsystem="tab" outcome="ok" workspace_id="w6" tab_id="w6:t1"
2026-08-06T01:24:39.105883Z  INFO herdr::logging: session saved event="persist.save" subsystem="persist" outcome="ok" path=/Users/oliver/.config/herdr/session.json workspaces=4
2026-08-06T01:25:58.166812Z  INFO herdr::logging: tab focused event="tab.focus" subsystem="tab" outcome="ok" workspace_id="w6" tab_id="w6:t4"
2026-08-06T01:26:05.329173Z  INFO herdr::logging: tab focused event="tab.focus" subsystem="tab" outcome="ok" workspace_id="w6" tab_id="w6:t1"
2026-08-06T01:26:10.340980Z  INFO herdr::logging: session saved event="persist.save" subsystem="persist" outcome="ok" path=/Users/oliver/.config/herdr/session.json workspaces=4
2026-08-06T01:29:46.793370Z  INFO herdr::logging: tab focused event="tab.focus" subsystem="tab" outcome="ok" workspace_id="w6" tab_id="w6:tA"
2026-08-06T01:29:49.785322Z  INFO herdr::logging: tab focused event="tab.focus" subsystem="tab" outcome="ok" workspace_id="w6" tab_id="w6:t1"
2026-08-06T01:29:54.795167Z  INFO herdr::logging: session saved event="persist.save" subsystem="persist" outcome="ok" path=/Users/oliver/.config/herdr/session.json workspaces=4
2026-08-06T02:15:01.251787Z  INFO herdr::logging: tab focused event="tab.focus" subsystem="tab" outcome="ok" workspace_id="w6" tab_id="w6:t4"
2026-08-06T02:15:06.260216Z  INFO herdr::logging: session saved event="persist.save" subsystem="persist" outcome="ok" path=/Users/oliver/.config/herdr/session.json workspaces=4
2026-08-06T02:15:22.450646Z  INFO herdr::logging: tab focused event="tab.focus" subsystem="tab" outcome="ok" workspace_id="w6" tab_id="w6:tA"
2026-08-06T02:15:25.803983Z  INFO herdr::logging: tab focused event="tab.focus" subsystem="tab" outcome="ok" workspace_id="w6" tab_id="w6:t1"
2026-08-06T02:15:27.631526Z  INFO herdr::logging: tab focused event="tab.focus" subsystem="tab" outcome="ok" workspace_id="w6" tab_id="w6:tA"
2026-08-06T02:15:32.643957Z  INFO herdr::logging: session saved event="persist.save" subsystem="persist" outcome="ok" path=/Users/oliver/.config/herdr/session.json workspaces=4
2026-08-06T02:16:45.864480Z  INFO herdr::logging: tab focused event="tab.focus" subsystem="tab" outcome="ok" workspace_id="w6" tab_id="w6:t4"
2026-08-06T02:16:47.419667Z  INFO herdr::logging: tab focused event="tab.focus" subsystem="tab" outcome="ok" workspace_id="w6" tab_id="w6:t1"
2026-08-06T02:16:52.435760Z  INFO herdr::logging: session saved event="persist.save" subsystem="persist" outcome="ok" path=/Users/oliver/.config/herdr/session.json workspaces=4
2026-08-06T02:17:23.341414Z  INFO herdr::pane: agent changed pane=1 previous_agent=Some(Claude) agent=None pgid=Some(1245)
2026-08-06T02:17:42.682877Z  INFO herdr::logging: tab focused event="tab.focus" subsystem="tab" outcome="ok" workspace_id="w6" tab_id="w6:tA"
2026-08-06T02:17:47.687878Z  INFO herdr::logging: session saved event="persist.save" subsystem="persist" outcome="ok" path=/Users/oliver/.config/herdr/session.json workspaces=4
2026-08-06T02:19:35.931160Z  INFO herdr::pane: agent changed pane=18 previous_agent=Some(Claude) agent=None pgid=Some(45093)
2026-08-06T02:20:56.335460Z  INFO herdr::logging: tab focused event="tab.focus" subsystem="tab" outcome="ok" workspace_id="w6" tab_id="w6:t4"
2026-08-06T02:21:01.343431Z  INFO herdr::logging: session saved event="persist.save" subsystem="persist" outcome="ok" path=/Users/oliver/.config/herdr/session.json workspaces=4
2026-08-06T02:21:31.887430Z  INFO herdr::pane: agent changed pane=3 previous_agent=Some(Claude) agent=None pgid=Some(1247)
2026-08-06T02:21:36.594869Z  INFO herdr::logging: session saved event="persist.save" subsystem="persist" outcome="ok" path=/Users/oliver/.config/herdr/session.json workspaces=4
2026-08-06T02:21:38.861011Z  INFO herdr::logging: tab focused event="tab.focus" subsystem="tab" outcome="ok" workspace_id="w6" tab_id="w6:tA"
2026-08-06T02:21:43.868621Z  INFO herdr::logging: session saved event="persist.save" subsystem="persist" outcome="ok" path=/Users/oliver/.config/herdr/session.json workspaces=4
2026-08-06T02:22:06.826597Z  INFO herdr::app::actions: copied selection to clipboard
2026-08-06T02:23:23.990237Z  INFO herdr::logging: spawning pane terminal event="pane.spawn.start" subsystem="pane" outcome="started" pane_id=24 rows=57 cols=185 scrollback_limit_bytes=10000000
2026-08-06T02:23:23.996850Z  INFO herdr::logging: pane child spawned event="pane.spawned" subsystem="pane" outcome="ok" pane_id=24 pid=38900
2026-08-06T02:23:23.997197Z  INFO herdr::logging: tab focused event="tab.focus" subsystem="tab" outcome="ok" workspace_id="w6" tab_id="w6:tA"
2026-08-06T02:23:29.002451Z  INFO herdr::logging: session saved event="persist.save" subsystem="persist" outcome="ok" path=/Users/oliver/.config/herdr/session.json workspaces=4
2026-08-06T02:23:32.777070Z  INFO herdr::logging: tab focused event="tab.focus" subsystem="tab" outcome="ok" workspace_id="w6" tab_id="w6:tA"
2026-08-06T02:23:37.786351Z  INFO herdr::logging: session saved event="persist.save" subsystem="persist" outcome="ok" path=/Users/oliver/.config/herdr/session.json workspaces=4
2026-08-06T02:24:00.126021Z  INFO herdr::logging: tab focused event="tab.focus" subsystem="tab" outcome="ok" workspace_id="w6" tab_id="w6:tB"
2026-08-06T02:24:05.097467Z  INFO herdr::logging: tab focused event="tab.focus" subsystem="tab" outcome="ok" workspace_id="w6" tab_id="w6:tB"
2026-08-06T02:24:05.859569Z  INFO herdr::logging: pane child exited event="pane.exit" subsystem="pane" outcome="completed" pane_id=17 status="ExitStatus { code: 1, signal: None }"
2026-08-06T02:24:05.880528Z  INFO herdr::pane: pane session terminated pane=17 pid=38928 signal=Hangup
2026-08-06T02:24:05.880781Z  WARN herdr::app::actions: PaneDied for unknown pane pane=17
2026-08-06T02:24:08.981142Z  INFO herdr::logging: tab focused event="tab.focus" subsystem="tab" outcome="ok" workspace_id="w6" tab_id="w6:tA"
2026-08-06T02:24:13.982935Z  INFO herdr::logging: session saved event="persist.save" subsystem="persist" outcome="ok" path=/Users/oliver/.config/herdr/session.json workspaces=4
2026-08-06T02:24:16.702064Z  INFO herdr::logging: tab focused event="tab.focus" subsystem="tab" outcome="ok" workspace_id="w6" tab_id="w6:tA"
2026-08-06T02:24:21.701221Z  INFO herdr::pane: agent changed pane=18 previous_agent=None agent=Some(Claude) process=claude pgid=Some(29387)
2026-08-06T02:24:21.706493Z  INFO herdr::logging: session saved event="persist.save" subsystem="persist" outcome="ok" path=/Users/oliver/.config/herdr/session.json workspaces=4
2026-08-06T02:24:27.059238Z  INFO herdr::logging: session saved event="persist.save" subsystem="persist" outcome="ok" path=/Users/oliver/.config/herdr/session.json workspaces=4
2026-08-06T02:25:25.201002Z  INFO herdr::pane: agent changed pane=18 previous_agent=Some(Claude) agent=None pgid=Some(45093)
2026-08-06T02:26:34.754232Z  INFO herdr::logging: pane child exited event="pane.exit" subsystem="pane" outcome="completed" pane_id=18 status="ExitStatus { code: 1, signal: None }"
2026-08-06T02:26:35.084529Z  INFO herdr::pane: pane session terminated pane=18 pid=45093 signal=Terminate
2026-08-06T02:26:35.084894Z  WARN herdr::app::actions: PaneDied for unknown pane pane=18
2026-08-06T02:26:40.092737Z  INFO herdr::logging: session saved event="persist.save" subsystem="persist" outcome="ok" path=/Users/oliver/.config/herdr/session.json workspaces=4
2026-08-06T02:33:18.106025Z  INFO herdr::logging: spawning pane terminal event="pane.spawn.start" subsystem="pane" outcome="started" pane_id=25 rows=57 cols=185 scrollback_limit_bytes=10000000
2026-08-06T02:33:18.111720Z  INFO herdr::logging: pane child spawned event="pane.spawned" subsystem="pane" outcome="ok" pane_id=25 pid=50112
2026-08-06T02:33:18.112589Z  INFO herdr::logging: workspace created event="workspace.create" subsystem="workspace" outcome="ok" workspace_id="wB" pane_id=25
2026-08-06T02:33:18.112605Z  INFO herdr::logging: workspace focused event="workspace.focus" subsystem="workspace" outcome="ok" workspace_id="wB"
2026-08-06T02:33:18.112707Z  INFO herdr::logging: tab focused event="tab.focus" subsystem="tab" outcome="ok" workspace_id="wB" tab_id="wB:t1"
2026-08-06T02:33:23.117640Z  INFO herdr::logging: session saved event="persist.save" subsystem="persist" outcome="ok" path=/Users/oliver/.config/herdr/session.json workspaces=5
2026-08-06T06:06:04.140901Z  INFO herdr::logging: workspace focused event="workspace.focus" subsystem="workspace" outcome="ok" workspace_id="w6"
2026-08-06T06:06:04.141633Z  INFO herdr::logging: tab focused event="tab.focus" subsystem="tab" outcome="ok" workspace_id="w6" tab_id="w6:tA"
2026-08-06T06:06:09.154184Z  INFO herdr::logging: session saved event="persist.save" subsystem="persist" outcome="ok" path=/Users/oliver/.config/herdr/session.json workspaces=5
2026-08-06T06:06:12.248385Z  INFO herdr::pane: agent changed pane=24 previous_agent=None agent=Some(Claude) process=claude pgid=Some(71481)
2026-08-06T06:06:25.526748Z  INFO herdr::logging: session saved event="persist.save" subsystem="persist" outcome="ok" path=/Users/oliver/.config/herdr/session.json workspaces=5
2026-08-06T06:06:28.683334Z  INFO herdr::pane: agent changed pane=24 previous_agent=Some(Claude) agent=None pgid=Some(38900)
2026-08-06T06:06:31.231518Z  INFO herdr::logging: tab focused event="tab.focus" subsystem="tab" outcome="ok" workspace_id="w6" tab_id="w6:t4"
2026-08-06T06:06:34.256728Z  INFO herdr::logging: tab focused event="tab.focus" subsystem="tab" outcome="ok" workspace_id="w6" tab_id="w6:tA"
2026-08-06T06:06:39.263637Z  INFO herdr::logging: session saved event="persist.save" subsystem="persist" outcome="ok" path=/Users/oliver/.config/herdr/session.json workspaces=5
2026-08-06T06:06:58.954974Z  INFO herdr::pane: agent changed pane=24 previous_agent=None agent=Some(Claude) process=claude pgid=Some(71811)
2026-08-06T06:07:05.039137Z  INFO herdr::logging: session saved event="persist.save" subsystem="persist" outcome="ok" path=/Users/oliver/.config/herdr/session.json workspaces=5
2026-08-06T06:07:14.475342Z  INFO herdr::pane: agent changed pane=24 previous_agent=Some(Claude) agent=None pgid=Some(38900)
2026-08-06T06:07:19.182240Z  INFO herdr::logging: session saved event="persist.save" subsystem="persist" outcome="ok" path=/Users/oliver/.config/herdr/session.json workspaces=5
2026-08-06T06:07:58.888395Z  INFO herdr::pane: agent changed pane=24 previous_agent=None agent=Some(Claude) process=claude pgid=Some(71966)
2026-08-06T06:08:05.045467Z  INFO herdr::logging: session saved event="persist.save" subsystem="persist" outcome="ok" path=/Users/oliver/.config/herdr/session.json workspaces=5
2026-08-06T06:08:20.443629Z  INFO herdr::logging: session saved event="persist.save" subsystem="persist" outcome="ok" path=/Users/oliver/.config/herdr/session.json workspaces=5
2026-08-06T06:09:14.050388Z  INFO herdr::logging: tab focused event="tab.focus" subsystem="tab" outcome="ok" workspace_id="w6" tab_id="w6:t4"
2026-08-06T06:09:19.070766Z  INFO herdr::logging: session saved event="persist.save" subsystem="persist" outcome="ok" path=/Users/oliver/.config/herdr/session.json workspaces=5
2026-08-06T06:09:49.761795Z  INFO herdr::pane: agent changed pane=3 previous_agent=None agent=Some(Claude) process=claude pgid=Some(72463)
2026-08-06T06:09:56.449169Z  INFO herdr::pane: agent changed pane=3 previous_agent=Some(Claude) agent=None pgid=Some(1247)
2026-08-06T06:10:01.148756Z  INFO herdr::logging: session saved event="persist.save" subsystem="persist" outcome="ok" path=/Users/oliver/.config/herdr/session.json workspaces=5
2026-08-06T06:10:04.023945Z  INFO herdr::pane: agent changed pane=3 previous_agent=None agent=Some(Claude) process=claude pgid=Some(72684)
2026-08-06T06:10:10.098011Z  INFO herdr::logging: session saved event="persist.save" subsystem="persist" outcome="ok" path=/Users/oliver/.config/herdr/session.json workspaces=5
2026-08-06T06:11:11.699909Z  INFO herdr::logging: tab focused event="tab.focus" subsystem="tab" outcome="ok" workspace_id="w6" tab_id="w6:tA"
2026-08-06T06:11:16.229232Z  INFO herdr::pane: agent changed pane=24 previous_agent=Some(Claude) agent=None pgid=Some(38900)
2026-08-06T06:11:20.929280Z  INFO herdr::logging: session saved event="persist.save" subsystem="persist" outcome="ok" path=/Users/oliver/.config/herdr/session.json workspaces=5
2026-08-06T06:11:48.985226Z  INFO herdr::pane: agent changed pane=24 previous_agent=None agent=Some(Claude) process=claude pgid=Some(73003)
2026-08-06T06:11:54.839715Z  INFO herdr::logging: session saved event="persist.save" subsystem="persist" outcome="ok" path=/Users/oliver/.config/herdr/session.json workspaces=5
2026-08-06T06:13:50.128347Z  INFO herdr::pane: agent changed pane=24 previous_agent=Some(Claude) agent=None pgid=Some(38900)
2026-08-06T06:13:52.652107Z  INFO herdr::pane: agent changed pane=24 previous_agent=None agent=Some(Claude) process=claude pgid=Some(73003)
2026-08-06T06:13:54.828378Z  INFO herdr::logging: session saved event="persist.save" subsystem="persist" outcome="ok" path=/Users/oliver/.config/herdr/session.json workspaces=5
2026-08-06T06:13:55.080322Z  INFO herdr::pane: agent changed pane=24 previous_agent=Some(Claude) agent=None pgid=Some(38900)
2026-08-06T06:13:57.096037Z  INFO herdr::pane: agent changed pane=24 previous_agent=None agent=Some(Claude) process=claude pgid=Some(74442)
2026-08-06T06:14:03.089552Z  INFO herdr::logging: session saved event="persist.save" subsystem="persist" outcome="ok" path=/Users/oliver/.config/herdr/session.json workspaces=5
2026-08-06T06:14:58.888706Z  INFO herdr::logging: tab focused event="tab.focus" subsystem="tab" outcome="ok" workspace_id="w6" tab_id="w6:t4"
2026-08-06T06:15:03.893692Z  INFO herdr::logging: session saved event="persist.save" subsystem="persist" outcome="ok" path=/Users/oliver/.config/herdr/session.json workspaces=5
2026-08-06T06:15:21.092146Z  INFO herdr::logging: tab focused event="tab.focus" subsystem="tab" outcome="ok" workspace_id="w6" tab_id="w6:t1"
2026-08-06T06:15:23.119114Z  INFO herdr::pane: agent changed pane=1 previous_agent=None agent=Some(Claude) process=claude pgid=Some(71058)
2026-08-06T06:15:25.537216Z  INFO herdr::pane: agent changed pane=1 previous_agent=Some(Claude) agent=None pgid=Some(1245)
2026-08-06T06:15:26.094386Z  INFO herdr::logging: session saved event="persist.save" subsystem="persist" outcome="ok" path=/Users/oliver/.config/herdr/session.json workspaces=5
2026-08-06T06:16:25.534216Z  INFO herdr::logging: tab focused event="tab.focus" subsystem="tab" outcome="ok" workspace_id="w6" tab_id="w6:t4"
2026-08-06T06:16:27.086575Z  INFO herdr::logging: tab focused event="tab.focus" subsystem="tab" outcome="ok" workspace_id="w6" tab_id="w6:tA"
2026-08-06T06:16:32.090388Z  INFO herdr::logging: session saved event="persist.save" subsystem="persist" outcome="ok" path=/Users/oliver/.config/herdr/session.json workspaces=5
2026-08-06T07:02:49.893582Z  INFO herdr::logging: tab focused event="tab.focus" subsystem="tab" outcome="ok" workspace_id="w6" tab_id="w6:t4"
2026-08-06T07:02:54.904282Z  INFO herdr::logging: session saved event="persist.save" subsystem="persist" outcome="ok" path=/Users/oliver/.config/herdr/session.json workspaces=5
2026-08-06T07:09:31.664656Z  INFO herdr::logging: tab focused event="tab.focus" subsystem="tab" outcome="ok" workspace_id="w6" tab_id="w6:tA"
2026-08-06T07:09:36.672626Z  INFO herdr::logging: session saved event="persist.save" subsystem="persist" outcome="ok" path=/Users/oliver/.config/herdr/session.json workspaces=5
2026-08-06T07:11:03.113710Z  INFO herdr::pane: agent changed pane=24 previous_agent=Some(Claude) agent=None pgid=Some(38900)
2026-08-06T07:11:07.812867Z  INFO herdr::logging: session saved event="persist.save" subsystem="persist" outcome="ok" path=/Users/oliver/.config/herdr/session.json workspaces=5
2026-08-06T08:00:55.137222Z  INFO herdr::logging: spawning pane terminal event="pane.spawn.start" subsystem="pane" outcome="started" pane_id=26 rows=57 cols=185 scrollback_limit_bytes=10000000
2026-08-06T08:00:55.145742Z  INFO herdr::logging: pane child spawned event="pane.spawned" subsystem="pane" outcome="ok" pane_id=26 pid=85171
2026-08-06T08:00:55.146503Z  INFO herdr::logging: tab focused event="tab.focus" subsystem="tab" outcome="ok" workspace_id="w6" tab_id="w6:tA"
2026-08-06T08:01:00.153223Z  INFO herdr::logging: session saved event="persist.save" subsystem="persist" outcome="ok" path=/Users/oliver/.config/herdr/session.json workspaces=5
2026-08-06T08:01:58.170615Z  INFO herdr::logging: tab focused event="tab.focus" subsystem="tab" outcome="ok" workspace_id="w6" tab_id="w6:tA"
2026-08-06T08:02:03.186940Z  INFO herdr::logging: session saved event="persist.save" subsystem="persist" outcome="ok" path=/Users/oliver/.config/herdr/session.json workspaces=5
2026-08-06T08:04:26.822890Z  INFO herdr::logging: workspace focused event="workspace.focus" subsystem="workspace" outcome="ok" workspace_id="wA"
2026-08-06T08:04:26.824021Z  INFO herdr::logging: tab focused event="tab.focus" subsystem="tab" outcome="ok" workspace_id="wA" tab_id="wA:t1"
2026-08-06T08:04:28.395990Z  INFO herdr::logging: workspace focused event="workspace.focus" subsystem="workspace" outcome="ok" workspace_id="wB"
2026-08-06T08:04:28.396338Z  INFO herdr::logging: tab focused event="tab.focus" subsystem="tab" outcome="ok" workspace_id="wB" tab_id="wB:t1"
2026-08-06T08:04:29.828735Z  INFO herdr::logging: workspace focused event="workspace.focus" subsystem="workspace" outcome="ok" workspace_id="wA"
2026-08-06T08:04:29.829102Z  INFO herdr::logging: tab focused event="tab.focus" subsystem="tab" outcome="ok" workspace_id="wA" tab_id="wA:t1"
2026-08-06T08:04:30.790941Z  INFO herdr::logging: pane child exited event="pane.exit" subsystem="pane" outcome="completed" pane_id=14 status="ExitStatus { code: 0, signal: None }"
2026-08-06T08:04:30.791034Z  INFO herdr::pane: pane session terminated pane=14 pid=1348 signal=Hangup
2026-08-06T08:04:35.794334Z  INFO herdr::logging: session saved event="persist.save" subsystem="persist" outcome="ok" path=/Users/oliver/.config/herdr/session.json workspaces=4
2026-08-06T08:04:40.984714Z  INFO herdr::app::actions: copied selection to clipboard
2026-08-06T08:04:43.831129Z  INFO herdr::logging: workspace focused event="workspace.focus" subsystem="workspace" outcome="ok" workspace_id="w7"
2026-08-06T08:04:43.832277Z  INFO herdr::logging: tab focused event="tab.focus" subsystem="tab" outcome="ok" workspace_id="w7" tab_id="w7:t1"
2026-08-06T08:04:48.841333Z  INFO herdr::logging: session saved event="persist.save" subsystem="persist" outcome="ok" path=/Users/oliver/.config/herdr/session.json workspaces=4
2026-08-06T08:05:12.847420Z  INFO herdr::logging: tab focused event="tab.focus" subsystem="tab" outcome="ok" workspace_id="w7" tab_id="w7:t3"
2026-08-06T08:05:17.855783Z  INFO herdr::logging: session saved event="persist.save" subsystem="persist" outcome="ok" path=/Users/oliver/.config/herdr/session.json workspaces=4
2026-08-06T08:05:29.655013Z  INFO herdr::logging: tab focused event="tab.focus" subsystem="tab" outcome="ok" workspace_id="w7" tab_id="w7:t1"
2026-08-06T08:05:34.659494Z  INFO herdr::logging: session saved event="persist.save" subsystem="persist" outcome="ok" path=/Users/oliver/.config/herdr/session.json workspaces=4
2026-08-06T08:05:53.050810Z  INFO herdr::logging: tab focused event="tab.focus" subsystem="tab" outcome="ok" workspace_id="w7" tab_id="w7:t1"
2026-08-06T08:05:54.247686Z  INFO herdr::logging: workspace focused event="workspace.focus" subsystem="workspace" outcome="ok" workspace_id="w6"
2026-08-06T08:05:54.248066Z  INFO herdr::logging: tab focused event="tab.focus" subsystem="tab" outcome="ok" workspace_id="w6" tab_id="w6:tA"
2026-08-06T08:05:55.647733Z  INFO herdr::logging: spawning pane terminal event="pane.spawn.start" subsystem="pane" outcome="started" pane_id=27 rows=55 cols=182 scrollback_limit_bytes=10000000
2026-08-06T08:05:55.656700Z  INFO herdr::logging: pane child spawned event="pane.spawned" subsystem="pane" outcome="ok" pane_id=27 pid=86967
2026-08-06T08:05:55.679744Z  INFO herdr::logging: pane child exited event="pane.exit" subsystem="pane" outcome="completed" pane_id=27 status="ExitStatus { code: 127, signal: None }"
2026-08-06T08:05:55.680015Z  INFO herdr::pane: pane session terminated pane=27 pid=86967 signal=Hangup
2026-08-06T08:05:57.024015Z  INFO herdr::logging: spawning pane terminal event="pane.spawn.start" subsystem="pane" outcome="started" pane_id=28 rows=55 cols=182 scrollback_limit_bytes=10000000
2026-08-06T08:05:57.032868Z  INFO herdr::logging: pane child spawned event="pane.spawned" subsystem="pane" outcome="ok" pane_id=28 pid=86970
2026-08-06T08:05:57.054355Z  INFO herdr::logging: pane child exited event="pane.exit" subsystem="pane" outcome="completed" pane_id=28 status="ExitStatus { code: 127, signal: None }"
2026-08-06T08:05:57.055075Z  INFO herdr::pane: pane session terminated pane=28 pid=86970 signal=Hangup
2026-08-06T08:05:59.255646Z  INFO herdr::logging: session saved event="persist.save" subsystem="persist" outcome="ok" path=/Users/oliver/.config/herdr/session.json workspaces=4
2026-08-06T08:06:17.650500Z  INFO herdr::logging: workspace focused event="workspace.focus" subsystem="workspace" outcome="ok" workspace_id="w7"
2026-08-06T08:06:17.652289Z  INFO herdr::logging: tab focused event="tab.focus" subsystem="tab" outcome="ok" workspace_id="w7" tab_id="w7:t1"
2026-08-06T08:06:20.331987Z  INFO herdr::logging: spawning pane terminal event="pane.spawn.start" subsystem="pane" outcome="started" pane_id=29 rows=55 cols=182 scrollback_limit_bytes=10000000
2026-08-06T08:06:20.342031Z  INFO herdr::logging: pane child spawned event="pane.spawned" subsystem="pane" outcome="ok" pane_id=29 pid=87138
2026-08-06T08:06:20.362957Z  INFO herdr::logging: pane child exited event="pane.exit" subsystem="pane" outcome="completed" pane_id=29 status="ExitStatus { code: 127, signal: None }"
2026-08-06T08:06:20.365954Z  INFO herdr::pane: pane session terminated pane=29 pid=87138 signal=Hangup
2026-08-06T08:06:22.656697Z  INFO herdr::logging: session saved event="persist.save" subsystem="persist" outcome="ok" path=/Users/oliver/.config/herdr/session.json workspaces=4
2026-08-06T08:06:26.628814Z  INFO herdr::logging: spawning pane terminal event="pane.spawn.start" subsystem="pane" outcome="started" pane_id=30 rows=55 cols=182 scrollback_limit_bytes=10000000
2026-08-06T08:06:26.637462Z  INFO herdr::logging: pane child spawned event="pane.spawned" subsystem="pane" outcome="ok" pane_id=30 pid=87196
2026-08-06T08:06:26.657626Z  INFO herdr::logging: pane child exited event="pane.exit" subsystem="pane" outcome="completed" pane_id=30 status="ExitStatus { code: 127, signal: None }"
2026-08-06T08:06:26.659171Z  INFO herdr::pane: pane session terminated pane=30 pid=87196 signal=Hangup
2026-08-06T08:06:27.651064Z  INFO herdr::logging: spawning pane terminal event="pane.spawn.start" subsystem="pane" outcome="started" pane_id=31 rows=55 cols=182 scrollback_limit_bytes=10000000
2026-08-06T08:06:27.657650Z  INFO herdr::logging: pane child spawned event="pane.spawned" subsystem="pane" outcome="ok" pane_id=31 pid=87199
2026-08-06T08:06:27.672399Z  INFO herdr::logging: pane child exited event="pane.exit" subsystem="pane" outcome="completed" pane_id=31 status="ExitStatus { code: 127, signal: None }"
2026-08-06T08:06:27.672460Z  INFO herdr::pane: pane session terminated pane=31 pid=87199 signal=Hangup
2026-08-06T08:06:28.536639Z  INFO herdr::logging: spawning pane terminal event="pane.spawn.start" subsystem="pane" outcome="started" pane_id=32 rows=55 cols=182 scrollback_limit_bytes=10000000
2026-08-06T08:06:28.544992Z  INFO herdr::logging: pane child spawned event="pane.spawned" subsystem="pane" outcome="ok" pane_id=32 pid=87202
2026-08-06T08:06:28.563794Z  INFO herdr::logging: pane child exited event="pane.exit" subsystem="pane" outcome="completed" pane_id=32 status="ExitStatus { code: 127, signal: None }"
2026-08-06T08:06:28.563847Z  INFO herdr::pane: pane session terminated pane=32 pid=87202 signal=Hangup
2026-08-06T08:06:45.061239Z  INFO herdr::logging: workspace focused event="workspace.focus" subsystem="workspace" outcome="ok" workspace_id="w6"
2026-08-06T08:06:45.061756Z  INFO herdr::logging: tab focused event="tab.focus" subsystem="tab" outcome="ok" workspace_id="w6" tab_id="w6:tA"
2026-08-06T08:06:46.586286Z  INFO herdr::logging: spawning pane terminal event="pane.spawn.start" subsystem="pane" outcome="started" pane_id=33 rows=52 cols=172 scrollback_limit_bytes=10000000
2026-08-06T08:06:46.592259Z  INFO herdr::logging: pane child spawned event="pane.spawned" subsystem="pane" outcome="ok" pane_id=33 pid=87219
2026-08-06T08:06:50.066723Z  INFO herdr::logging: session saved event="persist.save" subsystem="persist" outcome="ok" path=/Users/oliver/.config/herdr/session.json workspaces=4
2026-08-06T08:06:50.100540Z  INFO herdr::logging: pane child exited event="pane.exit" subsystem="pane" outcome="completed" pane_id=33 status="ExitStatus { code: 0, signal: None }"
2026-08-06T08:06:50.100612Z  INFO herdr::pane: pane session terminated pane=33 pid=87219 signal=Hangup
2026-08-06T08:06:52.109036Z  INFO herdr::logging: workspace focused event="workspace.focus" subsystem="workspace" outcome="ok" workspace_id="w7"
2026-08-06T08:06:52.109196Z  INFO herdr::logging: tab focused event="tab.focus" subsystem="tab" outcome="ok" workspace_id="w7" tab_id="w7:t1"
2026-08-06T08:06:57.117485Z  INFO herdr::logging: session saved event="persist.save" subsystem="persist" outcome="ok" path=/Users/oliver/.config/herdr/session.json workspaces=4
2026-08-06T08:06:59.096343Z  INFO herdr::logging: spawning pane terminal event="pane.spawn.start" subsystem="pane" outcome="started" pane_id=34 rows=52 cols=172 scrollback_limit_bytes=10000000
2026-08-06T08:06:59.101296Z  INFO herdr::logging: pane child spawned event="pane.spawned" subsystem="pane" outcome="ok" pane_id=34 pid=87317
2026-08-06T08:06:59.117339Z  INFO herdr::logging: pane child exited event="pane.exit" subsystem="pane" outcome="completed" pane_id=34 status="ExitStatus { code: 127, signal: None }"
2026-08-06T08:06:59.117406Z  INFO herdr::pane: pane session terminated pane=34 pid=87317 signal=Hangup
2026-08-06T08:07:00.077806Z  INFO herdr::logging: spawning pane terminal event="pane.spawn.start" subsystem="pane" outcome="started" pane_id=35 rows=52 cols=172 scrollback_limit_bytes=10000000
2026-08-06T08:07:00.082598Z  INFO herdr::logging: pane child spawned event="pane.spawned" subsystem="pane" outcome="ok" pane_id=35 pid=87320
2026-08-06T08:07:00.096681Z  INFO herdr::logging: pane child exited event="pane.exit" subsystem="pane" outcome="completed" pane_id=35 status="ExitStatus { code: 127, signal: None }"
2026-08-06T08:07:00.096768Z  INFO herdr::pane: pane session terminated pane=35 pid=87320 signal=Hangup
2026-08-06T08:07:10.310513Z  INFO herdr::logging: tab focused event="tab.focus" subsystem="tab" outcome="ok" workspace_id="w7" tab_id="w7:t1"
2026-08-06T08:07:12.229841Z  INFO herdr::logging: workspace focused event="workspace.focus" subsystem="workspace" outcome="ok" workspace_id="w6"
2026-08-06T08:07:12.229992Z  INFO herdr::logging: tab focused event="tab.focus" subsystem="tab" outcome="ok" workspace_id="w6" tab_id="w6:tA"
2026-08-06T08:07:17.235476Z  INFO herdr::logging: session saved event="persist.save" subsystem="persist" outcome="ok" path=/Users/oliver/.config/herdr/session.json workspaces=4
2026-08-06T08:08:29.647609Z  INFO herdr::logging: workspace focused event="workspace.focus" subsystem="workspace" outcome="ok" workspace_id="w7"
2026-08-06T08:08:29.648015Z  INFO herdr::logging: tab focused event="tab.focus" subsystem="tab" outcome="ok" workspace_id="w7" tab_id="w7:t1"
2026-08-06T08:08:33.607225Z  WARN herdr::config::keybinds: config diagnostic popup size on non-popup custom command: keys.command[1]; ignoring width and height
2026-08-06T08:08:33.607423Z  WARN herdr::config::keybinds: config diagnostic popup size on non-popup custom command: keys.command[1]; ignoring width and height
2026-08-06T08:08:34.658418Z  INFO herdr::logging: session saved event="persist.save" subsystem="persist" outcome="ok" path=/Users/oliver/.config/herdr/session.json workspaces=4
2026-08-06T08:08:44.150139Z  WARN herdr::config::keybinds: config diagnostic popup size on non-popup custom command: keys.command[1]; ignoring width and height
2026-08-06T08:08:44.150504Z  WARN herdr::config::keybinds: config diagnostic popup size on non-popup custom command: keys.command[1]; ignoring width and height
2026-08-06T08:08:46.776783Z  WARN herdr::config::keybinds: config diagnostic popup size on non-popup custom command: keys.command[1]; ignoring width and height
2026-08-06T08:08:46.776988Z  WARN herdr::config::keybinds: config diagnostic popup size on non-popup custom command: keys.command[1]; ignoring width and height
2026-08-06T08:08:50.568217Z  INFO herdr::logging: spawning pane terminal event="pane.spawn.start" subsystem="pane" outcome="started" pane_id=36 rows=57 cols=185 scrollback_limit_bytes=10000000
2026-08-06T08:08:50.574374Z  INFO herdr::logging: pane child spawned event="pane.spawned" subsystem="pane" outcome="ok" pane_id=36 pid=87616
2026-08-06T08:08:50.591484Z  INFO herdr::logging: pane child exited event="pane.exit" subsystem="pane" outcome="completed" pane_id=36 status="ExitStatus { code: 127, signal: None }"
2026-08-06T08:08:50.591802Z  INFO herdr::pane: pane session terminated pane=36 pid=87616 signal=Hangup
2026-08-06T08:08:55.601170Z  INFO herdr::logging: session saved event="persist.save" subsystem="persist" outcome="ok" path=/Users/oliver/.config/herdr/session.json workspaces=4
2026-08-06T08:08:56.086817Z  INFO herdr::logging: spawning pane terminal event="pane.spawn.start" subsystem="pane" outcome="started" pane_id=37 rows=57 cols=185 scrollback_limit_bytes=10000000
2026-08-06T08:08:56.093320Z  INFO herdr::logging: pane child spawned event="pane.spawned" subsystem="pane" outcome="ok" pane_id=37 pid=87675
2026-08-06T08:08:56.109816Z  INFO herdr::logging: pane child exited event="pane.exit" subsystem="pane" outcome="completed" pane_id=37 status="ExitStatus { code: 127, signal: None }"
2026-08-06T08:08:56.109924Z  INFO herdr::pane: pane session terminated pane=37 pid=87675 signal=Hangup
2026-08-06T08:08:57.084674Z  INFO herdr::logging: spawning pane terminal event="pane.spawn.start" subsystem="pane" outcome="started" pane_id=38 rows=57 cols=185 scrollback_limit_bytes=10000000
2026-08-06T08:08:57.090036Z  INFO herdr::logging: pane child spawned event="pane.spawned" subsystem="pane" outcome="ok" pane_id=38 pid=87679
2026-08-06T08:08:57.105111Z  INFO herdr::logging: pane child exited event="pane.exit" subsystem="pane" outcome="completed" pane_id=38 status="ExitStatus { code: 127, signal: None }"
2026-08-06T08:08:57.105213Z  INFO herdr::pane: pane session terminated pane=38 pid=87679 signal=Hangup
2026-08-06T08:08:59.977960Z  INFO herdr::logging: tab focused event="tab.focus" subsystem="tab" outcome="ok" workspace_id="w7" tab_id="w7:t3"
2026-08-06T08:09:04.988420Z  INFO herdr::logging: session saved event="persist.save" subsystem="persist" outcome="ok" path=/Users/oliver/.config/herdr/session.json workspaces=4
2026-08-06T08:09:29.063770Z  INFO herdr::app::actions: copied selection to clipboard
2026-08-06T08:09:31.359712Z  INFO herdr::logging: tab focused event="tab.focus" subsystem="tab" outcome="ok" workspace_id="w7" tab_id="w7:t1"
2026-08-06T08:09:36.370955Z  INFO herdr::logging: session saved event="persist.save" subsystem="persist" outcome="ok" path=/Users/oliver/.config/herdr/session.json workspaces=4
2026-08-06T08:09:42.084951Z  INFO herdr::logging: spawning pane terminal event="pane.spawn.start" subsystem="pane" outcome="started" pane_id=39 rows=57 cols=185 scrollback_limit_bytes=10000000
2026-08-06T08:09:42.093294Z  INFO herdr::logging: pane child spawned event="pane.spawned" subsystem="pane" outcome="ok" pane_id=39 pid=87845
2026-08-06T08:09:42.100917Z  INFO herdr::logging: pane child exited event="pane.exit" subsystem="pane" outcome="completed" pane_id=39 status="ExitStatus { code: 127, signal: None }"
2026-08-06T08:09:42.101088Z  INFO herdr::pane: pane session terminated pane=39 pid=87845 signal=Hangup
2026-08-06T08:09:43.198226Z  INFO herdr::logging: spawning pane terminal event="pane.spawn.start" subsystem="pane" outcome="started" pane_id=40 rows=57 cols=185 scrollback_limit_bytes=10000000
2026-08-06T08:09:43.204272Z  INFO herdr::logging: pane child spawned event="pane.spawned" subsystem="pane" outcome="ok" pane_id=40 pid=87847
2026-08-06T08:09:43.210312Z  INFO herdr::logging: pane child exited event="pane.exit" subsystem="pane" outcome="completed" pane_id=40 status="ExitStatus { code: 127, signal: None }"
2026-08-06T08:09:43.210405Z  INFO herdr::pane: pane session terminated pane=40 pid=87847 signal=Hangup
2026-08-06T08:09:44.516812Z  INFO herdr::logging: spawning pane terminal event="pane.spawn.start" subsystem="pane" outcome="started" pane_id=41 rows=57 cols=185 scrollback_limit_bytes=10000000
2026-08-06T08:09:44.522819Z  INFO herdr::logging: pane child spawned event="pane.spawned" subsystem="pane" outcome="ok" pane_id=41 pid=87849
2026-08-06T08:09:44.529040Z  INFO herdr::logging: pane child exited event="pane.exit" subsystem="pane" outcome="completed" pane_id=41 status="ExitStatus { code: 127, signal: None }"
2026-08-06T08:09:44.529122Z  INFO herdr::pane: pane session terminated pane=41 pid=87849 signal=Hangup
2026-08-06T08:09:46.520601Z  INFO herdr::logging: tab focused event="tab.focus" subsystem="tab" outcome="ok" workspace_id="w7" tab_id="w7:t1"
2026-08-06T08:09:51.524975Z  INFO herdr::logging: session saved event="persist.save" subsystem="persist" outcome="ok" path=/Users/oliver/.config/herdr/session.json workspaces=4
2026-08-06T08:11:03.468430Z  INFO herdr::logging: workspace focused event="workspace.focus" subsystem="workspace" outcome="ok" workspace_id="w7"
2026-08-06T08:11:03.468699Z  INFO herdr::logging: tab focused event="tab.focus" subsystem="tab" outcome="ok" workspace_id="w7" tab_id="w7:t1"
2026-08-06T08:11:07.641081Z  INFO herdr::logging: tab focused event="tab.focus" subsystem="tab" outcome="ok" workspace_id="w7" tab_id="w7:t3"
2026-08-06T08:11:08.869545Z  INFO herdr::logging: tab focused event="tab.focus" subsystem="tab" outcome="ok" workspace_id="w7" tab_id="w7:t1"
2026-08-06T08:11:10.017728Z  INFO herdr::logging: workspace focused event="workspace.focus" subsystem="workspace" outcome="ok" workspace_id="w7"
2026-08-06T08:11:10.018349Z  INFO herdr::logging: tab focused event="tab.focus" subsystem="tab" outcome="ok" workspace_id="w7" tab_id="w7:t1"
2026-08-06T08:11:15.022852Z  INFO herdr::logging: session saved event="persist.save" subsystem="persist" outcome="ok" path=/Users/oliver/.config/herdr/session.json workspaces=4
2026-08-06T08:12:04.704828Z  INFO herdr::logging: workspace focused event="workspace.focus" subsystem="workspace" outcome="ok" workspace_id="w7"
2026-08-06T08:12:04.705285Z  INFO herdr::logging: tab focused event="tab.focus" subsystem="tab" outcome="ok" workspace_id="w7" tab_id="w7:t1"
2026-08-06T08:12:07.563354Z  INFO herdr::logging: workspace focused event="workspace.focus" subsystem="workspace" outcome="ok" workspace_id="w6"
2026-08-06T08:12:07.563826Z  INFO herdr::logging: tab focused event="tab.focus" subsystem="tab" outcome="ok" workspace_id="w6" tab_id="w6:tA"
2026-08-06T08:12:11.580448Z  INFO herdr::logging: workspace focused event="workspace.focus" subsystem="workspace" outcome="ok" workspace_id="w9"
2026-08-06T08:12:11.580718Z  INFO herdr::logging: tab focused event="tab.focus" subsystem="tab" outcome="ok" workspace_id="w9" tab_id="w9:t5"
2026-08-06T08:12:15.462865Z  INFO herdr::logging: workspace focused event="workspace.focus" subsystem="workspace" outcome="ok" workspace_id="w7"
2026-08-06T08:12:15.463254Z  INFO herdr::logging: tab focused event="tab.focus" subsystem="tab" outcome="ok" workspace_id="w7" tab_id="w7:t1"
2026-08-06T08:12:20.466694Z  INFO herdr::logging: session saved event="persist.save" subsystem="persist" outcome="ok" path=/Users/oliver/.config/herdr/session.json workspaces=4
2026-08-06T08:12:29.028584Z  INFO herdr::logging: workspace focused event="workspace.focus" subsystem="workspace" outcome="ok" workspace_id="w7"
2026-08-06T08:12:29.028757Z  INFO herdr::logging: tab focused event="tab.focus" subsystem="tab" outcome="ok" workspace_id="w7" tab_id="w7:t1"
2026-08-06T08:12:29.836756Z  INFO herdr::logging: workspace focused event="workspace.focus" subsystem="workspace" outcome="ok" workspace_id="w6"
2026-08-06T08:12:29.837081Z  INFO herdr::logging: tab focused event="tab.focus" subsystem="tab" outcome="ok" workspace_id="w6" tab_id="w6:tA"
2026-08-06T08:12:34.849166Z  INFO herdr::logging: session saved event="persist.save" subsystem="persist" outcome="ok" path=/Users/oliver/.config/herdr/session.json workspaces=4
2026-08-06T08:12:36.584983Z  INFO herdr::logging: workspace focused event="workspace.focus" subsystem="workspace" outcome="ok" workspace_id="w7"
2026-08-06T08:12:36.585134Z  INFO herdr::logging: tab focused event="tab.focus" subsystem="tab" outcome="ok" workspace_id="w7" tab_id="w7:t1"
2026-08-06T08:12:41.593236Z  INFO herdr::logging: session saved event="persist.save" subsystem="persist" outcome="ok" path=/Users/oliver/.config/herdr/session.json workspaces=4
2026-08-06T08:13:53.317845Z  WARN herdr::config::keybinds: config diagnostic popup size on non-popup custom command: keys.command[0]; ignoring width and height
2026-08-06T08:13:53.319045Z  WARN herdr::config::keybinds: config diagnostic popup size on non-popup custom command: keys.command[0]; ignoring width and height
2026-08-06T08:13:54.218818Z  INFO herdr::logging: spawning pane terminal event="pane.spawn.start" subsystem="pane" outcome="started" pane_id=42 rows=57 cols=185 scrollback_limit_bytes=10000000
2026-08-06T08:13:54.230598Z  INFO herdr::logging: pane child spawned event="pane.spawned" subsystem="pane" outcome="ok" pane_id=42 pid=88591
2026-08-06T08:13:54.242374Z  INFO herdr::logging: pane child exited event="pane.exit" subsystem="pane" outcome="completed" pane_id=42 status="ExitStatus { code: 127, signal: None }"
2026-08-06T08:13:54.242486Z  INFO herdr::pane: pane session terminated pane=42 pid=88591 signal=Hangup
2026-08-06T08:13:55.179578Z  INFO herdr::logging: spawning pane terminal event="pane.spawn.start" subsystem="pane" outcome="started" pane_id=43 rows=57 cols=185 scrollback_limit_bytes=10000000
2026-08-06T08:13:55.188122Z  INFO herdr::logging: pane child spawned event="pane.spawned" subsystem="pane" outcome="ok" pane_id=43 pid=88594
2026-08-06T08:13:55.195292Z  INFO herdr::logging: pane child exited event="pane.exit" subsystem="pane" outcome="completed" pane_id=43 status="ExitStatus { code: 127, signal: None }"
2026-08-06T08:13:55.195414Z  INFO herdr::pane: pane session terminated pane=43 pid=88594 signal=Hangup
2026-08-06T08:13:55.940387Z  INFO herdr::logging: spawning pane terminal event="pane.spawn.start" subsystem="pane" outcome="started" pane_id=44 rows=57 cols=185 scrollback_limit_bytes=10000000
2026-08-06T08:13:55.949405Z  INFO herdr::logging: pane child spawned event="pane.spawned" subsystem="pane" outcome="ok" pane_id=44 pid=88596
2026-08-06T08:13:55.957472Z  INFO herdr::logging: pane child exited event="pane.exit" subsystem="pane" outcome="completed" pane_id=44 status="ExitStatus { code: 127, signal: None }"
2026-08-06T08:13:55.957572Z  INFO herdr::pane: pane session terminated pane=44 pid=88596 signal=Hangup
2026-08-06T08:13:59.779518Z  INFO herdr::logging: spawning pane terminal event="pane.spawn.start" subsystem="pane" outcome="started" pane_id=45 rows=57 cols=185 scrollback_limit_bytes=10000000
2026-08-06T08:13:59.791515Z  INFO herdr::logging: pane child spawned event="pane.spawned" subsystem="pane" outcome="ok" pane_id=45 pid=88649
2026-08-06T08:13:59.800792Z  INFO herdr::logging: pane child exited event="pane.exit" subsystem="pane" outcome="completed" pane_id=45 status="ExitStatus { code: 127, signal: None }"
2026-08-06T08:13:59.800896Z  INFO herdr::pane: pane session terminated pane=45 pid=88649 signal=Hangup
2026-08-06T08:14:00.670788Z  INFO herdr::logging: spawning pane terminal event="pane.spawn.start" subsystem="pane" outcome="started" pane_id=46 rows=57 cols=185 scrollback_limit_bytes=10000000
2026-08-06T08:14:00.677917Z  INFO herdr::logging: pane child spawned event="pane.spawned" subsystem="pane" outcome="ok" pane_id=46 pid=88650
2026-08-06T08:14:00.683700Z  INFO herdr::logging: pane child exited event="pane.exit" subsystem="pane" outcome="completed" pane_id=46 status="ExitStatus { code: 127, signal: None }"
2026-08-06T08:14:00.683798Z  INFO herdr::pane: pane session terminated pane=46 pid=88650 signal=Hangup
2026-08-06T08:14:01.511796Z  INFO herdr::logging: spawning pane terminal event="pane.spawn.start" subsystem="pane" outcome="started" pane_id=47 rows=57 cols=185 scrollback_limit_bytes=10000000
2026-08-06T08:14:01.518880Z  INFO herdr::logging: pane child spawned event="pane.spawned" subsystem="pane" outcome="ok" pane_id=47 pid=88652
2026-08-06T08:14:01.524719Z  INFO herdr::logging: pane child exited event="pane.exit" subsystem="pane" outcome="completed" pane_id=47 status="ExitStatus { code: 127, signal: None }"
2026-08-06T08:14:01.524815Z  INFO herdr::pane: pane session terminated pane=47 pid=88652 signal=Hangup
2026-08-06T08:14:06.532849Z  INFO herdr::logging: session saved event="persist.save" subsystem="persist" outcome="ok" path=/Users/oliver/.config/herdr/session.json workspaces=4
2026-08-06T08:14:18.395785Z  INFO herdr::logging: spawning pane terminal event="pane.spawn.start" subsystem="pane" outcome="started" pane_id=48 rows=57 cols=185 scrollback_limit_bytes=10000000
2026-08-06T08:14:18.401334Z  INFO herdr::logging: pane child spawned event="pane.spawned" subsystem="pane" outcome="ok" pane_id=48 pid=88715
2026-08-06T08:14:18.407265Z  INFO herdr::logging: pane child exited event="pane.exit" subsystem="pane" outcome="completed" pane_id=48 status="ExitStatus { code: 127, signal: None }"
2026-08-06T08:14:18.407366Z  INFO herdr::pane: pane session terminated pane=48 pid=88715 signal=Hangup
2026-08-06T08:14:19.429212Z  INFO herdr::logging: spawning pane terminal event="pane.spawn.start" subsystem="pane" outcome="started" pane_id=49 rows=57 cols=185 scrollback_limit_bytes=10000000
2026-08-06T08:14:19.436073Z  INFO herdr::logging: pane child spawned event="pane.spawned" subsystem="pane" outcome="ok" pane_id=49 pid=88716
2026-08-06T08:14:19.444916Z  INFO herdr::logging: pane child exited event="pane.exit" subsystem="pane" outcome="completed" pane_id=49 status="ExitStatus { code: 127, signal: None }"
2026-08-06T08:14:19.445046Z  INFO herdr::pane: pane session terminated pane=49 pid=88716 signal=Hangup
2026-08-06T08:14:24.453860Z  INFO herdr::logging: session saved event="persist.save" subsystem="persist" outcome="ok" path=/Users/oliver/.config/herdr/session.json workspaces=4
2026-08-06T08:15:23.851273Z  INFO herdr::logging: spawning pane terminal event="pane.spawn.start" subsystem="pane" outcome="started" pane_id=50 rows=26 cols=89 scrollback_limit_bytes=10000000
2026-08-06T08:15:23.859833Z  INFO herdr::logging: pane child spawned event="pane.spawned" subsystem="pane" outcome="ok" pane_id=50 pid=88978
2026-08-06T08:15:23.873158Z  INFO herdr::logging: pane child exited event="pane.exit" subsystem="pane" outcome="completed" pane_id=50 status="ExitStatus { code: 127, signal: None }"
2026-08-06T08:15:23.873244Z  INFO herdr::pane: pane session terminated pane=50 pid=88978 signal=Hangup
2026-08-06T08:15:24.954090Z  INFO herdr::logging: spawning pane terminal event="pane.spawn.start" subsystem="pane" outcome="started" pane_id=51 rows=26 cols=89 scrollback_limit_bytes=10000000
2026-08-06T08:15:24.960443Z  INFO herdr::logging: pane child spawned event="pane.spawned" subsystem="pane" outcome="ok" pane_id=51 pid=88981
2026-08-06T08:15:24.973430Z  INFO herdr::logging: pane child exited event="pane.exit" subsystem="pane" outcome="completed" pane_id=51 status="ExitStatus { code: 127, signal: None }"
2026-08-06T08:15:24.973484Z  INFO herdr::pane: pane session terminated pane=51 pid=88981 signal=Hangup
2026-08-06T08:15:25.922250Z  INFO herdr::logging: spawning pane terminal event="pane.spawn.start" subsystem="pane" outcome="started" pane_id=52 rows=26 cols=89 scrollback_limit_bytes=10000000
2026-08-06T08:15:25.936001Z  INFO herdr::logging: pane child spawned event="pane.spawned" subsystem="pane" outcome="ok" pane_id=52 pid=88983
2026-08-06T08:15:25.968100Z  INFO herdr::logging: pane child exited event="pane.exit" subsystem="pane" outcome="completed" pane_id=52 status="ExitStatus { code: 127, signal: None }"
2026-08-06T08:15:25.972406Z  INFO herdr::pane: pane session terminated pane=52 pid=88983 signal=Hangup
2026-08-06T08:15:34.614605Z  INFO herdr::logging: spawning pane terminal event="pane.spawn.start" subsystem="pane" outcome="started" pane_id=53 rows=26 cols=89 scrollback_limit_bytes=10000000
2026-08-06T08:15:34.621371Z  INFO herdr::logging: pane child spawned event="pane.spawned" subsystem="pane" outcome="ok" pane_id=53 pid=89040
2026-08-06T08:15:34.627284Z  INFO herdr::logging: pane child exited event="pane.exit" subsystem="pane" outcome="completed" pane_id=53 status="ExitStatus { code: 127, signal: None }"
2026-08-06T08:15:34.627353Z  INFO herdr::pane: pane session terminated pane=53 pid=89040 signal=Hangup
2026-08-06T08:19:02.339375Z  INFO herdr::logging: workspace focused event="workspace.focus" subsystem="workspace" outcome="ok" workspace_id="w6"
2026-08-06T08:19:02.339863Z  INFO herdr::logging: tab focused event="tab.focus" subsystem="tab" outcome="ok" workspace_id="w6" tab_id="w6:t4"
2026-08-06T08:19:05.602192Z  INFO herdr::logging: tab focused event="tab.focus" subsystem="tab" outcome="ok" workspace_id="w6" tab_id="w6:tA"
2026-08-06T08:19:10.607016Z  INFO herdr::logging: session saved event="persist.save" subsystem="persist" outcome="ok" path=/Users/oliver/.config/herdr/session.json workspaces=4
2026-08-06T08:19:11.453221Z  INFO herdr::logging: tab focused event="tab.focus" subsystem="tab" outcome="ok" workspace_id="w6" tab_id="w6:tA"
2026-08-06T08:19:16.460618Z  INFO herdr::logging: session saved event="persist.save" subsystem="persist" outcome="ok" path=/Users/oliver/.config/herdr/session.json workspaces=4
2026-08-06T08:20:05.033890Z  INFO herdr::logging: tab focused event="tab.focus" subsystem="tab" outcome="ok" workspace_id="w6" tab_id="w6:tA"
2026-08-06T08:20:10.037455Z  INFO herdr::logging: session saved event="persist.save" subsystem="persist" outcome="ok" path=/Users/oliver/.config/herdr/session.json workspaces=4
2026-08-06T08:20:29.766477Z  INFO herdr::logging: tab focused event="tab.focus" subsystem="tab" outcome="ok" workspace_id="w6" tab_id="w6:tA"
2026-08-06T08:20:34.771237Z  INFO herdr::logging: session saved event="persist.save" subsystem="persist" outcome="ok" path=/Users/oliver/.config/herdr/session.json workspaces=4
2026-08-06T08:21:48.590865Z  INFO herdr::logging: tab focused event="tab.focus" subsystem="tab" outcome="ok" workspace_id="w6" tab_id="w6:tA"
2026-08-06T08:21:53.599184Z  INFO herdr::logging: session saved event="persist.save" subsystem="persist" outcome="ok" path=/Users/oliver/.config/herdr/session.json workspaces=4
2026-08-06T08:22:04.649032Z  INFO herdr::logging: tab focused event="tab.focus" subsystem="tab" outcome="ok" workspace_id="w6" tab_id="w6:tA"
2026-08-06T08:22:09.657894Z  INFO herdr::logging: session saved event="persist.save" subsystem="persist" outcome="ok" path=/Users/oliver/.config/herdr/session.json workspaces=4
2026-08-06T08:22:52.724136Z  INFO herdr::logging: tab focused event="tab.focus" subsystem="tab" outcome="ok" workspace_id="w6" tab_id="w6:tA"
2026-08-06T08:22:57.731903Z  INFO herdr::logging: session saved event="persist.save" subsystem="persist" outcome="ok" path=/Users/oliver/.config/herdr/session.json workspaces=4
2026-08-06T08:23:04.965471Z  INFO herdr::logging: tab focused event="tab.focus" subsystem="tab" outcome="ok" workspace_id="w6" tab_id="w6:tA"
2026-08-06T08:23:09.968479Z  INFO herdr::logging: session saved event="persist.save" subsystem="persist" outcome="ok" path=/Users/oliver/.config/herdr/session.json workspaces=4
2026-08-06T08:23:21.615853Z  INFO herdr::logging: tab focused event="tab.focus" subsystem="tab" outcome="ok" workspace_id="w6" tab_id="w6:tA"
2026-08-06T08:23:26.628692Z  INFO herdr::logging: session saved event="persist.save" subsystem="persist" outcome="ok" path=/Users/oliver/.config/herdr/session.json workspaces=4
2026-08-06T08:23:28.465520Z  INFO herdr::logging: tab focused event="tab.focus" subsystem="tab" outcome="ok" workspace_id="w6" tab_id="w6:tA"
2026-08-06T08:23:33.469555Z  INFO herdr::logging: session saved event="persist.save" subsystem="persist" outcome="ok" path=/Users/oliver/.config/herdr/session.json workspaces=4
2026-08-06T08:23:45.122989Z  INFO herdr::logging: tab focused event="tab.focus" subsystem="tab" outcome="ok" workspace_id="w6" tab_id="w6:tA"
2026-08-06T08:23:50.126012Z  INFO herdr::logging: session saved event="persist.save" subsystem="persist" outcome="ok" path=/Users/oliver/.config/herdr/session.json workspaces=4
2026-08-06T08:24:00.862097Z  INFO herdr::logging: tab focused event="tab.focus" subsystem="tab" outcome="ok" workspace_id="w6" tab_id="w6:tA"
2026-08-06T08:24:04.213967Z  INFO herdr::logging: tab focused event="tab.focus" subsystem="tab" outcome="ok" workspace_id="w6" tab_id="w6:tA"
2026-08-06T08:24:09.220079Z  INFO herdr::logging: session saved event="persist.save" subsystem="persist" outcome="ok" path=/Users/oliver/.config/herdr/session.json workspaces=4
2026-08-06T08:25:21.082372Z  INFO herdr::logging: tab focused event="tab.focus" subsystem="tab" outcome="ok" workspace_id="w6" tab_id="w6:t4"
2026-08-06T08:25:26.228487Z  INFO herdr::pane: agent changed pane=3 previous_agent=Some(Claude) agent=None pgid=Some(1247)
2026-08-06T08:25:30.926054Z  INFO herdr::logging: session saved event="persist.save" subsystem="persist" outcome="ok" path=/Users/oliver/.config/herdr/session.json workspaces=4
2026-08-06T08:26:06.370906Z  INFO herdr::logging: workspace focused event="workspace.focus" subsystem="workspace" outcome="ok" workspace_id="w7"
2026-08-06T08:26:06.372540Z  INFO herdr::logging: tab focused event="tab.focus" subsystem="tab" outcome="ok" workspace_id="w7" tab_id="w7:t1"
2026-08-06T08:26:11.379619Z  INFO herdr::logging: session saved event="persist.save" subsystem="persist" outcome="ok" path=/Users/oliver/.config/herdr/session.json workspaces=4
2026-08-06T08:27:36.790702Z  INFO herdr::logging: workspace focused event="workspace.focus" subsystem="workspace" outcome="ok" workspace_id="w6"
2026-08-06T08:27:36.791879Z  INFO herdr::logging: tab focused event="tab.focus" subsystem="tab" outcome="ok" workspace_id="w6" tab_id="w6:t4"
2026-08-06T08:27:41.797752Z  INFO herdr::logging: session saved event="persist.save" subsystem="persist" outcome="ok" path=/Users/oliver/.config/herdr/session.json workspaces=4
2026-08-06T08:28:03.705843Z  INFO herdr::logging: pane child exited event="pane.exit" subsystem="pane" outcome="completed" pane_id=3 status="ExitStatus { code: 1, signal: None }"
2026-08-06T08:28:04.251086Z  INFO herdr::pane: pane session terminated pane=3 pid=1247 signal=Kill
2026-08-06T08:28:04.251357Z  WARN herdr::app::actions: PaneDied for unknown pane pane=3
2026-08-06T08:28:09.257150Z  INFO herdr::logging: session saved event="persist.save" subsystem="persist" outcome="ok" path=/Users/oliver/.config/herdr/session.json workspaces=4
2026-08-06T08:29:07.165630Z  INFO herdr::logging: tab focused event="tab.focus" subsystem="tab" outcome="ok" workspace_id="w6" tab_id="w6:tA"
2026-08-06T08:29:12.168093Z  INFO herdr::logging: session saved event="persist.save" subsystem="persist" outcome="ok" path=/Users/oliver/.config/herdr/session.json workspaces=4
2026-08-06T08:29:22.182271Z  INFO herdr::logging: tab focused event="tab.focus" subsystem="tab" outcome="ok" workspace_id="w6" tab_id="w6:tA"
2026-08-06T08:29:27.187508Z  INFO herdr::logging: session saved event="persist.save" subsystem="persist" outcome="ok" path=/Users/oliver/.config/herdr/session.json workspaces=4
2026-08-06T08:29:38.866111Z  INFO herdr::logging: tab focused event="tab.focus" subsystem="tab" outcome="ok" workspace_id="w6" tab_id="w6:tA"
2026-08-06T08:29:40.840777Z  INFO herdr::logging: tab focused event="tab.focus" subsystem="tab" outcome="ok" workspace_id="w6" tab_id="w6:t4"
2026-08-06T08:29:41.429038Z  INFO herdr::logging: tab focused event="tab.focus" subsystem="tab" outcome="ok" workspace_id="w6" tab_id="w6:tA"
2026-08-06T08:29:44.084437Z  INFO herdr::logging: tab focused event="tab.focus" subsystem="tab" outcome="ok" workspace_id="w6" tab_id="w6:t1"
2026-08-06T08:29:49.094669Z  INFO herdr::logging: session saved event="persist.save" subsystem="persist" outcome="ok" path=/Users/oliver/.config/herdr/session.json workspaces=4
2026-08-06T08:30:37.647489Z  INFO herdr::logging: tab focused event="tab.focus" subsystem="tab" outcome="ok" workspace_id="w6" tab_id="w6:t4"
2026-08-06T08:30:42.653979Z  INFO herdr::logging: session saved event="persist.save" subsystem="persist" outcome="ok" path=/Users/oliver/.config/herdr/session.json workspaces=4
2026-08-06T08:36:31.577223Z  INFO herdr::logging: tab focused event="tab.focus" subsystem="tab" outcome="ok" workspace_id="w6" tab_id="w6:tA"
2026-08-06T08:36:36.592164Z  INFO herdr::logging: session saved event="persist.save" subsystem="persist" outcome="ok" path=/Users/oliver/.config/herdr/session.json workspaces=4
2026-08-06T08:36:37.381528Z  INFO herdr::logging: tab focused event="tab.focus" subsystem="tab" outcome="ok" workspace_id="w6" tab_id="w6:tA"
2026-08-06T08:36:42.384338Z  INFO herdr::logging: session saved event="persist.save" subsystem="persist" outcome="ok" path=/Users/oliver/.config/herdr/session.json workspaces=4
2026-08-06T08:39:09.273282Z  INFO herdr::logging: tab focused event="tab.focus" subsystem="tab" outcome="ok" workspace_id="w6" tab_id="w6:tA"
2026-08-06T08:39:14.282032Z  INFO herdr::logging: session saved event="persist.save" subsystem="persist" outcome="ok" path=/Users/oliver/.config/herdr/session.json workspaces=4
2026-08-06T08:39:28.831704Z  INFO herdr::logging: tab focused event="tab.focus" subsystem="tab" outcome="ok" workspace_id="w6" tab_id="w6:tA"
2026-08-06T08:39:33.845592Z  INFO herdr::logging: session saved event="persist.save" subsystem="persist" outcome="ok" path=/Users/oliver/.config/herdr/session.json workspaces=4
2026-08-06T08:39:37.203124Z  INFO herdr::logging: tab focused event="tab.focus" subsystem="tab" outcome="ok" workspace_id="w6" tab_id="w6:tA"
2026-08-06T08:39:42.040009Z  INFO herdr::logging: tab focused event="tab.focus" subsystem="tab" outcome="ok" workspace_id="w6" tab_id="w6:tA"
2026-08-06T08:39:47.049888Z  INFO herdr::logging: session saved event="persist.save" subsystem="persist" outcome="ok" path=/Users/oliver/.config/herdr/session.json workspaces=4
2026-08-06T08:39:49.116807Z  INFO herdr::logging: tab focused event="tab.focus" subsystem="tab" outcome="ok" workspace_id="w6" tab_id="w6:tA"
2026-08-06T08:39:50.328561Z  INFO herdr::logging: tab focused event="tab.focus" subsystem="tab" outcome="ok" workspace_id="w6" tab_id="w6:tA"
2026-08-06T08:39:55.331601Z  INFO herdr::logging: session saved event="persist.save" subsystem="persist" outcome="ok" path=/Users/oliver/.config/herdr/session.json workspaces=4
2026-08-06T08:41:39.750624Z  INFO herdr::logging: tab focused event="tab.focus" subsystem="tab" outcome="ok" workspace_id="w6" tab_id="w6:tA"
2026-08-06T08:41:41.468982Z  INFO herdr::logging: tab focused event="tab.focus" subsystem="tab" outcome="ok" workspace_id="w6" tab_id="w6:tA"
2026-08-06T08:41:46.476080Z  INFO herdr::logging: session saved event="persist.save" subsystem="persist" outcome="ok" path=/Users/oliver/.config/herdr/session.json workspaces=4
2026-08-06T08:44:30.071461Z  INFO herdr::logging: tab focused event="tab.focus" subsystem="tab" outcome="ok" workspace_id="w6" tab_id="w6:tA"
2026-08-06T08:44:35.083651Z  INFO herdr::logging: session saved event="persist.save" subsystem="persist" outcome="ok" path=/Users/oliver/.config/herdr/session.json workspaces=4
2026-08-06T08:49:24.245135Z  INFO herdr::logging: tab focused event="tab.focus" subsystem="tab" outcome="ok" workspace_id="w6" tab_id="w6:tA"
2026-08-06T08:49:29.256805Z  INFO herdr::logging: session saved event="persist.save" subsystem="persist" outcome="ok" path=/Users/oliver/.config/herdr/session.json workspaces=4
2026-08-06T08:52:07.031320Z  INFO herdr::logging: tab focused event="tab.focus" subsystem="tab" outcome="ok" workspace_id="w6" tab_id="w6:tA"
2026-08-06T08:52:12.039267Z  INFO herdr::logging: session saved event="persist.save" subsystem="persist" outcome="ok" path=/Users/oliver/.config/herdr/session.json workspaces=4
2026-08-06T08:52:12.293618Z  INFO herdr::logging: tab focused event="tab.focus" subsystem="tab" outcome="ok" workspace_id="w6" tab_id="w6:tA"
2026-08-06T08:52:17.300891Z  INFO herdr::logging: session saved event="persist.save" subsystem="persist" outcome="ok" path=/Users/oliver/.config/herdr/session.json workspaces=4
2026-08-06T08:53:09.474212Z  INFO herdr::pane: agent changed pane=26 previous_agent=None agent=Some(Claude) process=claude pgid=Some(2858)
2026-08-06T08:53:12.757101Z  INFO herdr::logging: tab focused event="tab.focus" subsystem="tab" outcome="ok" workspace_id="w6" tab_id="w6:tA"
2026-08-06T08:53:13.781068Z  INFO herdr::logging: tab focused event="tab.focus" subsystem="tab" outcome="ok" workspace_id="w6" tab_id="w6:tA"
2026-08-06T08:53:18.786200Z  INFO herdr::logging: session saved event="persist.save" subsystem="persist" outcome="ok" path=/Users/oliver/.config/herdr/session.json workspaces=4
2026-08-06T08:53:27.524363Z  INFO herdr::logging: session saved event="persist.save" subsystem="persist" outcome="ok" path=/Users/oliver/.config/herdr/session.json workspaces=4
2026-08-06T08:53:32.227064Z  INFO herdr::logging: tab focused event="tab.focus" subsystem="tab" outcome="ok" workspace_id="w6" tab_id="w6:t1"
2026-08-06T08:53:39.369514Z  INFO herdr::logging: tab focused event="tab.focus" subsystem="tab" outcome="ok" workspace_id="w6" tab_id="w6:t1"
2026-08-06T08:53:41.596852Z  INFO herdr::logging: pane child exited event="pane.exit" subsystem="pane" outcome="completed" pane_id=22 status="ExitStatus { code: 1, signal: None }"
2026-08-06T08:53:41.596971Z  INFO herdr::pane: pane session terminated pane=22 pid=12901 signal=Hangup
2026-08-06T08:53:44.267882Z  INFO herdr::pane: agent changed pane=1 previous_agent=None agent=Some(Claude) process=claude pgid=Some(3200)
2026-08-06T08:53:49.901544Z  INFO herdr::logging: session saved event="persist.save" subsystem="persist" outcome="ok" path=/Users/oliver/.config/herdr/session.json workspaces=4
2026-08-06T08:53:50.405218Z  INFO herdr::logging: tab focused event="tab.focus" subsystem="tab" outcome="ok" workspace_id="w6" tab_id="w6:t4"
2026-08-06T08:53:54.900897Z  INFO herdr::logging: tab focused event="tab.focus" subsystem="tab" outcome="ok" workspace_id="w6" tab_id="w6:t1"
2026-08-06T08:53:57.889924Z  INFO herdr::logging: tab focused event="tab.focus" subsystem="tab" outcome="ok" workspace_id="w6" tab_id="w6:tA"
2026-08-06T08:54:02.896809Z  INFO herdr::logging: session saved event="persist.save" subsystem="persist" outcome="ok" path=/Users/oliver/.config/herdr/session.json workspaces=4
2026-08-06T08:54:14.381749Z  INFO herdr::logging: tab focused event="tab.focus" subsystem="tab" outcome="ok" workspace_id="w6" tab_id="w6:t1"
2026-08-06T08:54:18.011216Z  INFO herdr::pane: agent changed pane=1 previous_agent=Some(Claude) agent=None pgid=Some(1245)
2026-08-06T08:54:18.779757Z  INFO herdr::logging: tab focused event="tab.focus" subsystem="tab" outcome="ok" workspace_id="w6" tab_id="w6:tA"
2026-08-06T08:54:23.481798Z  INFO herdr::logging: tab focused event="tab.focus" subsystem="tab" outcome="ok" workspace_id="w6" tab_id="w6:tA"
2026-08-06T08:54:25.483954Z  INFO herdr::app::actions: copied selection to clipboard
2026-08-06T08:54:27.681116Z  INFO herdr::logging: tab focused event="tab.focus" subsystem="tab" outcome="ok" workspace_id="w6" tab_id="w6:tA"
2026-08-06T08:54:32.686860Z  INFO herdr::logging: session saved event="persist.save" subsystem="persist" outcome="ok" path=/Users/oliver/.config/herdr/session.json workspaces=4
2026-08-06T08:56:52.355784Z  INFO herdr::logging: tab focused event="tab.focus" subsystem="tab" outcome="ok" workspace_id="w6" tab_id="w6:t1"
2026-08-06T08:56:57.362678Z  INFO herdr::logging: session saved event="persist.save" subsystem="persist" outcome="ok" path=/Users/oliver/.config/herdr/session.json workspaces=4
2026-08-06T08:56:58.631172Z  INFO herdr::logging: tab focused event="tab.focus" subsystem="tab" outcome="ok" workspace_id="w6" tab_id="w6:t4"
2026-08-06T08:57:00.755124Z  INFO herdr::logging: spawning pane terminal event="pane.spawn.start" subsystem="pane" outcome="started" pane_id=54 rows=57 cols=185 scrollback_limit_bytes=10000000
2026-08-06T08:57:00.763123Z  INFO herdr::logging: pane child spawned event="pane.spawned" subsystem="pane" outcome="ok" pane_id=54 pid=3515
2026-08-06T08:57:00.764746Z  INFO herdr::logging: workspace created event="workspace.create" subsystem="workspace" outcome="ok" workspace_id="wC" pane_id=54
2026-08-06T08:57:00.764766Z  INFO herdr::logging: workspace focused event="workspace.focus" subsystem="workspace" outcome="ok" workspace_id="wC"
2026-08-06T08:57:00.764938Z  INFO herdr::logging: tab focused event="tab.focus" subsystem="tab" outcome="ok" workspace_id="wC" tab_id="wC:t1"
2026-08-06T08:57:05.768224Z  INFO herdr::logging: session saved event="persist.save" subsystem="persist" outcome="ok" path=/Users/oliver/.config/herdr/session.json workspaces=5
2026-08-06T08:59:01.080711Z  INFO herdr::logging: spawning pane terminal event="pane.spawn.start" subsystem="pane" outcome="started" pane_id=55 rows=57 cols=185 scrollback_limit_bytes=10000000
2026-08-06T08:59:01.088307Z  INFO herdr::logging: pane child spawned event="pane.spawned" subsystem="pane" outcome="ok" pane_id=55 pid=3850
2026-08-06T08:59:01.088632Z  INFO herdr::logging: tab renamed event="tab.rename" subsystem="tab" outcome="ok" workspace_id="wC" tab_id="wC:t2"
2026-08-06T08:59:01.089008Z  INFO herdr::logging: tab focused event="tab.focus" subsystem="tab" outcome="ok" workspace_id="wC" tab_id="wC:t2"
2026-08-06T08:59:06.098957Z  INFO herdr::logging: session saved event="persist.save" subsystem="persist" outcome="ok" path=/Users/oliver/.config/herdr/session.json workspaces=5
2026-08-06T08:59:06.340419Z  INFO herdr::logging: tab focused event="tab.focus" subsystem="tab" outcome="ok" workspace_id="wC" tab_id="wC:t1"
2026-08-06T08:59:11.347468Z  INFO herdr::logging: session saved event="persist.save" subsystem="persist" outcome="ok" path=/Users/oliver/.config/herdr/session.json workspaces=5
2026-08-06T08:59:17.609633Z  INFO herdr::logging: tab focused event="tab.focus" subsystem="tab" outcome="ok" workspace_id="wC" tab_id="wC:t2"
2026-08-06T08:59:18.514822Z  INFO herdr::logging: workspace focused event="workspace.focus" subsystem="workspace" outcome="ok" workspace_id="w7"
2026-08-06T08:59:18.515126Z  INFO herdr::logging: tab focused event="tab.focus" subsystem="tab" outcome="ok" workspace_id="w7" tab_id="w7:t1"
2026-08-06T08:59:23.523318Z  INFO herdr::logging: session saved event="persist.save" subsystem="persist" outcome="ok" path=/Users/oliver/.config/herdr/session.json workspaces=5
